timestamp,eye_rub_first_hand_report,eye_rub_first_hand_count,eye_rub_first_hand_durations,|,eye_rub_second_hand_report,eye_rub_second_hand_count,eye_rub_second_hand_durations,|,flicker_report,flicker_count,|,micro_sleep_report,micro_sleep_count,micro_sleep_durations,|,pitch_report,pitch_count,pitch_durations,|,yawn_report,yawn_count,yawn_durations
2024-08-20 20:36:45,False,0,[],|,False,0,[],|,False,0,|,True,1,['1 micro sleep: 5.0 seconds'],|,False,Counting pitches...,[],|,False,Counting yawns... 169.0 seconds remaining.,[]
2024-08-20 20:37:06,False,0,[],|,False,0,[],|,False,0,|,True,2,"['1 micro sleep: 5.0 seconds', '2 micro sleep: 8.0 seconds']",|,False,Counting pitches...,[],|,False,Counting yawns... 147.0 seconds remaining.,[]
2024-08-20 20:37:07,False,0,[],|,False,0,[],|,False,Counting flickers... 27.0 seconds remaining.,|,False,0,[],|,True,1,['1 pitch: 8.0 seconds'],|,False,Counting yawns... 147.0 seconds remaining.,[]
2024-08-20 20:37:33,False,0,[],|,False,0,[],|,True,7,|,False,0,[],|,False,Counting pitches...,[],|,False,Counting yawns... 120.0 seconds remaining.,[]
2024-08-20 20:38:33,False,0,[],|,False,0,[],|,True,27,|,False,0,[],|,False,Counting pitches...,[],|,False,Counting yawns... 61.0 seconds remaining.,[]
2024-08-20 20:39:32,False,0,[],|,False,0,[],|,True,15,|,False,0,[],|,False,Counting pitches...,[],|,False,Counting yawns... 1.0 seconds remaining.,[]
2024-08-20 20:39:33,False,0,[],|,False,0,[],|,False,Counting flickers... 59.0 seconds remaining.,|,False,0,[],|,False,Counting pitches...,[],|,True,1,['1 yawn: 5.0 seconds']
2024-08-20 20:39:52,False,0,[],|,False,0,[],|,False,0,|,True,3,"['1 micro sleep: 5.0 seconds', '2 micro sleep: 8.0 seconds', '3 micro sleep: 2.0 seconds']",|,False,Counting pitches...,[],|,False,Counting yawns... 161.0 seconds remaining.,[]
2024-08-20 20:40:03,False,0,[],|,False,0,[],|,False,0,|,True,4,"['1 micro sleep: 5.0 seconds', '2 micro sleep: 8.0 seconds', '3 micro sleep: 2.0 seconds', '4 micro sleep: 4.0 seconds']",|,False,Counting pitches...,[],|,False,Counting yawns... 151.0 seconds remaining.,[]
2024-08-20 20:40:32,False,0,[],|,False,0,[],|,True,14,|,False,0,[],|,False,Counting pitches...,[],|,False,Counting yawns... 121.0 seconds remaining.,[]
2024-08-20 20:41:32,False,0,[],|,False,0,[],|,True,12,|,False,0,[],|,False,Counting pitches...,[],|,False,Counting yawns... 62.0 seconds remaining.,[]
2024-08-20 20:41:33,True,2,"['1 right eye rub: 4.0 seconds', '2 right eye rub: 7.0 seconds']",|,True,1,['1 right eye rub: 7.0 seconds'],|,False,Counting flickers... 58.0 seconds remaining.,|,False,0,[],|,False,Counting pitches...,[],|,False,Counting yawns... 60.0 seconds remaining.,[]
2024-08-20 20:42:31,False,0,[],|,False,0,[],|,True,9,|,False,0,[],|,False,Counting pitches...,[],|,False,Counting yawns... 2.0 seconds remaining.,[]
2024-08-20 20:42:33,False,0,[],|,False,0,[],|,False,Counting flickers... 58.0 seconds remaining.,|,False,0,[],|,False,Counting pitches...,[],|,True,0,['1 yawn: 5.0 seconds']
2024-08-20 20:43:48,False,0,[],|,False,0,[],|,True,27,|,False,0,[],|,False,Counting pitches...,[],|,False,Counting yawns... 120.0 seconds remaining.,[]
2024-08-20 20:43:56,False,0,[],|,False,0,[],|,False,0,|,True,1,['1 micro sleep: 4.0 seconds'],|,False,Counting pitches...,[],|,False,Counting yawns... 112.0 seconds remaining.,[]
2024-08-20 20:44:01,False,0,[],|,False,0,[],|,False,0,|,True,2,"['1 micro sleep: 4.0 seconds', '2 micro sleep: 4.0 seconds']",|,False,Counting pitches...,[],|,False,Counting yawns... 107.0 seconds remaining.,[]
2024-08-20 20:44:09,False,0,[],|,False,0,[],|,False,0,|,True,3,"['1 micro sleep: 4.0 seconds', '2 micro sleep: 4.0 seconds', '3 micro sleep: 7.0 seconds']",|,False,Counting pitches...,[],|,False,Counting yawns... 100.0 seconds remaining.,[]
2024-08-20 20:44:09,False,0,[],|,False,0,[],|,False,Counting flickers... 39.0 seconds remaining.,|,False,0,[],|,True,1,['1 pitch: 11.0 seconds'],|,False,Counting yawns... 99.0 seconds remaining.,[]
2024-08-20 20:44:25,False,0,[],|,False,0,[],|,False,Counting flickers... 23.0 seconds remaining.,|,False,0,[],|,True,2,"['1 pitch: 11.0 seconds', '2 pitch: 9.0 seconds']",|,False,Counting yawns... 84.0 seconds remaining.,[]
2024-08-20 20:44:29,False,0,[],|,False,0,[],|,False,0,|,True,4,"['1 micro sleep: 4.0 seconds', '2 micro sleep: 4.0 seconds', '3 micro sleep: 7.0 seconds', '4 micro sleep: 3.0 seconds']",|,False,Counting pitches...,[],|,False,Counting yawns... 80.0 seconds remaining.,[]
2024-08-20 20:44:43,False,0,[],|,False,0,[],|,False,0,|,True,5,"['1 micro sleep: 4.0 seconds', '2 micro sleep: 4.0 seconds', '3 micro sleep: 7.0 seconds', '4 micro sleep: 3.0 seconds', '5 micro sleep: 2.0 seconds']",|,False,Counting pitches...,[],|,False,Counting yawns... 65.0 seconds remaining.,[]
2024-08-20 20:44:47,False,0,[],|,False,0,[],|,True,22,|,False,0,[],|,False,Counting pitches...,[],|,False,Counting yawns... 61.0 seconds remaining.,[]
2024-08-20 20:45:42,False,0,[],|,False,0,[],|,False,0,|,True,6,"['1 micro sleep: 4.0 seconds', '2 micro sleep: 4.0 seconds', '3 micro sleep: 7.0 seconds', '4 micro sleep: 3.0 seconds', '5 micro sleep: 2.0 seconds', '6 micro sleep: 5.0 seconds']",|,False,Counting pitches...,[],|,False,Counting yawns... 6.0 seconds remaining.,[]
2024-08-20 20:45:47,False,0,[],|,False,0,[],|,True,21,|,False,0,[],|,False,Counting pitches...,[],|,False,Counting yawns... 1.0 seconds remaining.,[]
2024-08-20 20:45:48,False,0,[],|,False,0,[],|,False,Counting flickers... 59.0 seconds remaining.,|,False,0,[],|,False,Counting pitches...,[],|,True,2,"['1 yawn: 8.0 seconds', '2 yawn: 7.0 seconds']"
2024-08-20 20:45:48,False,0,[],|,False,0,[],|,False,0,|,True,7,"['1 micro sleep: 4.0 seconds', '2 micro sleep: 4.0 seconds', '3 micro sleep: 7.0 seconds', '4 micro sleep: 3.0 seconds', '5 micro sleep: 2.0 seconds', '6 micro sleep: 5.0 seconds', '7 micro sleep: 4.0 seconds']",|,False,Counting pitches...,[],|,False,Counting yawns... 180.0 seconds remaining.,[]
2024-08-20 20:45:48,False,0,[],|,False,0,[],|,False,Counting flickers... 59.0 seconds remaining.,|,False,0,[],|,True,3,"['1 pitch: 11.0 seconds', '2 pitch: 9.0 seconds', '3 pitch: 4.0 seconds']",|,False,Counting yawns... 180.0 seconds remaining.,[]
2024-08-20 20:45:59,False,0,[],|,False,0,[],|,False,Counting flickers... 48.0 seconds remaining.,|,False,0,[],|,True,4,"['1 pitch: 11.0 seconds', '2 pitch: 9.0 seconds', '3 pitch: 4.0 seconds', '4 pitch: 8.0 seconds']",|,False,Counting yawns... 169.0 seconds remaining.,[]
2024-08-20 20:46:47,False,0,[],|,False,0,[],|,True,30,|,False,0,[],|,False,Counting pitches...,[],|,False,Counting yawns... 121.0 seconds remaining.,[]
2024-08-20 20:47:28,False,0,[],|,False,0,[],|,False,0,|,True,8,"['1 micro sleep: 4.0 seconds', '2 micro sleep: 4.0 seconds', '3 micro sleep: 7.0 seconds', '4 micro sleep: 3.0 seconds', '5 micro sleep: 2.0 seconds', '6 micro sleep: 5.0 seconds', '7 micro sleep: 4.0 seconds', '8 micro sleep: 2.0 seconds']",|,False,Counting pitches...,[],|,False,Counting yawns... 80.0 seconds remaining.,[]
2024-08-20 20:47:31,False,0,[],|,False,0,[],|,False,0,|,True,9,"['1 micro sleep: 4.0 seconds', '2 micro sleep: 4.0 seconds', '3 micro sleep: 7.0 seconds', '4 micro sleep: 3.0 seconds', '5 micro sleep: 2.0 seconds', '6 micro sleep: 5.0 seconds', '7 micro sleep: 4.0 seconds', '8 micro sleep: 2.0 seconds', '9 micro sleep: 2.0 seconds']",|,False,Counting pitches...,[],|,False,Counting yawns... 76.0 seconds remaining.,[]
2024-08-20 20:47:46,False,0,[],|,False,0,[],|,True,32,|,False,0,[],|,False,Counting pitches...,[],|,False,Counting yawns... 62.0 seconds remaining.,[]
2024-08-20 20:47:48,True,1,['1 right eye rub: 2.0 seconds'],|,True,0,[],|,False,Counting flickers... 58.0 seconds remaining.,|,False,0,[],|,False,Counting pitches...,[],|,False,Counting yawns... 60.0 seconds remaining.,[]
2024-08-20 20:47:58,False,0,[],|,False,0,[],|,False,0,|,True,10,"['1 micro sleep: 4.0 seconds', '2 micro sleep: 4.0 seconds', '3 micro sleep: 7.0 seconds', '4 micro sleep: 3.0 seconds', '5 micro sleep: 2.0 seconds', '6 micro sleep: 5.0 seconds', '7 micro sleep: 4.0 seconds', '8 micro sleep: 2.0 seconds', '9 micro sleep: 2.0 seconds', '10 micro sleep: 2.0 seconds']",|,False,Counting pitches...,[],|,False,Counting yawns... 50.0 seconds remaining.,[]
2024-08-20 20:48:03,False,0,[],|,False,0,[],|,False,0,|,True,11,"['1 micro sleep: 4.0 seconds', '2 micro sleep: 4.0 seconds', '3 micro sleep: 7.0 seconds', '4 micro sleep: 3.0 seconds', '5 micro sleep: 2.0 seconds', '6 micro sleep: 5.0 seconds', '7 micro sleep: 4.0 seconds', '8 micro sleep: 2.0 seconds', '9 micro sleep: 2.0 seconds', '10 micro sleep: 2.0 seconds', '11 micro sleep: 3.0 seconds']",|,False,Counting pitches...,[],|,False,Counting yawns... 45.0 seconds remaining.,[]
2024-08-20 20:48:30,False,0,[],|,False,0,[],|,False,0,|,True,12,"['1 micro sleep: 4.0 seconds', '2 micro sleep: 4.0 seconds', '3 micro sleep: 7.0 seconds', '4 micro sleep: 3.0 seconds', '5 micro sleep: 2.0 seconds', '6 micro sleep: 5.0 seconds', '7 micro sleep: 4.0 seconds', '8 micro sleep: 2.0 seconds', '9 micro sleep: 2.0 seconds', '10 micro sleep: 2.0 seconds', '11 micro sleep: 3.0 seconds', '12 micro sleep: 4.0 seconds']",|,False,Counting pitches...,[],|,False,Counting yawns... 18.0 seconds remaining.,[]
2024-08-20 20:48:30,False,0,[],|,False,0,[],|,False,Counting flickers... 16.0 seconds remaining.,|,False,0,[],|,True,5,"['1 pitch: 11.0 seconds', '2 pitch: 9.0 seconds', '3 pitch: 4.0 seconds', '4 pitch: 8.0 seconds', '5 pitch: 4.0 seconds']",|,False,Counting yawns... 17.0 seconds remaining.,[]
2024-08-20 20:48:36,False,0,[],|,False,0,[],|,False,Counting flickers... 10.0 seconds remaining.,|,False,0,[],|,True,6,"['1 pitch: 11.0 seconds', '2 pitch: 9.0 seconds', '3 pitch: 4.0 seconds', '4 pitch: 8.0 seconds', '5 pitch: 4.0 seconds', '6 pitch: 4.0 seconds']",|,False,Counting yawns... 12.0 seconds remaining.,[]
2024-08-20 21:41:39,False,0,[],|,False,0,[],|,True,28,|,False,0,[],|,False,Counting pitches...,[],|,False,Counting yawns... 120.0 seconds remaining.,[]
2024-08-20 21:41:42,False,0,[],|,False,0,[],|,False,0,|,True,1,['1 micro sleep: 5.0 seconds'],|,False,Counting pitches...,[],|,False,Counting yawns... 117.0 seconds remaining.,[]
2024-08-20 21:41:47,False,0,[],|,False,0,[],|,False,0,|,True,2,"['1 micro sleep: 5.0 seconds', '2 micro sleep: 4.0 seconds']",|,False,Counting pitches...,[],|,False,Counting yawns... 112.0 seconds remaining.,[]
2024-08-20 21:41:55,False,0,[],|,False,0,[],|,False,0,|,True,3,"['1 micro sleep: 5.0 seconds', '2 micro sleep: 4.0 seconds', '3 micro sleep: 7.0 seconds']",|,False,Counting pitches...,[],|,False,Counting yawns... 104.0 seconds remaining.,[]
2024-08-20 21:41:56,False,0,[],|,False,0,[],|,False,Counting flickers... 44.0 seconds remaining.,|,False,0,[],|,True,1,['1 pitch: 12.0 seconds'],|,False,Counting yawns... 104.0 seconds remaining.,[]
2024-08-20 21:42:12,False,0,[],|,False,0,[],|,False,Counting flickers... 27.0 seconds remaining.,|,False,0,[],|,True,2,"['1 pitch: 12.0 seconds', '2 pitch: 9.0 seconds']",|,False,Counting yawns... 88.0 seconds remaining.,[]
2024-11-11 20:58:47,False,0,[],|,False,0,[],|,False,0,|,True,1,['1 micro sleep: 4.0 seconds'],|,False,Counting pitches...,[],|,False,Counting yawns... 154.0 seconds remaining.,[]
2024-11-11 20:58:48,False,0,[],|,False,0,[],|,False,Counting flickers... 34.0 seconds remaining.,|,False,0,[],|,True,1,['1 pitch: 4.0 seconds'],|,False,Counting yawns... 154.0 seconds remaining.,[]
2024-11-11 21:02:30,False,0,[],|,False,0,[],|,False,0,|,True,1,['1 micro sleep: 4.0 seconds'],|,False,Counting pitches...,[],|,False,Counting yawns... 147.0 seconds remaining.,[]
2024-11-11 21:02:42,False,0,[],|,False,0,[],|,False,0,|,True,2,"['1 micro sleep: 4.0 seconds', '2 micro sleep: 4.0 seconds']",|,False,Counting pitches...,[],|,False,Counting yawns... 136.0 seconds remaining.,[]
2024-11-11 21:02:42,False,0,[],|,False,0,[],|,False,Counting flickers... 16.0 seconds remaining.,|,False,0,[],|,True,1,['1 pitch: 4.0 seconds'],|,False,Counting yawns... 136.0 seconds remaining.,[]
2024-11-12 10:41:29,False,0,[],|,False,0,[],|,False,0,|,True,1,['1 micro sleep: 4.0 seconds'],|,False,Counting pitches...,[],|,False,Counting yawns... 160.0 seconds remaining.,[]
2024-11-12 10:41:37,False,0,[],|,False,0,[],|,False,0,|,True,2,"['1 micro sleep: 4.0 seconds', '2 micro sleep: 6.0 seconds']",|,False,Counting pitches...,[],|,False,Counting yawns... 152.0 seconds remaining.,[]
2024-11-12 10:41:37,False,0,[],|,False,0,[],|,False,Counting flickers... 32.0 seconds remaining.,|,False,0,[],|,True,1,['1 pitch: 7.0 seconds'],|,False,Counting yawns... 152.0 seconds remaining.,[]
2024-12-06 18:58:48,False,0,[],|,False,0,[],|,False,0,|,True,1,['1 micro sleep: 2.0 seconds'],|,False,Counting pitches...,[],|,False,Counting yawns... 127.0 seconds remaining.,[]
2024-12-06 18:58:55,False,0,[],|,False,0,[],|,True,3,|,False,0,[],|,False,Counting pitches...,[],|,False,Counting yawns... 120.0 seconds remaining.,[]
2024-12-06 18:58:55,False,0,[],|,False,0,[],|,False,0,|,True,2,"['1 micro sleep: 2.0 seconds', '2 micro sleep: 4.0 seconds']",|,False,Counting pitches...,[],|,False,Counting yawns... 120.0 seconds remaining.,[]
2024-12-06 18:58:56,False,0,[],|,False,0,[],|,False,Counting flickers... 59.0 seconds remaining.,|,False,0,[],|,True,1,['1 pitch: 4.0 seconds'],|,False,Counting yawns... 120.0 seconds remaining.,[]
2024-12-07 12:19:34,False,0,[],|,False,0,[],|,True,1,|,False,0,[],|,False,Counting pitches...,[],|,False,Counting yawns... 120.0 seconds remaining.,[]
2024-12-07 12:25:58,True,1,['1 right eye rub: 2.0 seconds'],|,True,0,[],|,True,1,|,False,0,[],|,False,Counting pitches...,[],|,True,0,[]
2025-06-30 21:27:51,False,0,[],|,False,0,[],|,False,Counting flickers... 48.0 seconds remaining.,|,False,0,[],|,True,1,['1 pitch: 6.0 seconds'],|,False,Counting yawns... 168.0 seconds remaining.,[]
2025-06-30 21:28:07,False,0,[],|,False,0,[],|,False,Counting flickers... 46.0 seconds remaining.,|,False,0,[],|,True,1,['1 pitch: 4.0 seconds'],|,False,Counting yawns... 166.0 seconds remaining.,[]
2025-06-30 21:58:07,False,0,[],|,False,0,[],|,False,Counting flickers... 51.0 seconds remaining.,|,False,0,[],|,True,1,['1 pitch: 3.0 seconds'],|,False,Counting yawns... 171.0 seconds remaining.,[]
2025-06-30 21:58:30,False,0,[],|,False,0,[],|,False,0,|,True,1,['1 micro sleep: 2.0 seconds'],|,False,Counting pitches...,[],|,False,Counting yawns... 148.0 seconds remaining.,[]
2025-06-30 21:58:40,False,0,[],|,False,0,[],|,False,0,|,True,2,"['1 micro sleep: 2.0 seconds', '2 micro sleep: 4.0 seconds']",|,False,Counting pitches...,[],|,False,Counting yawns... 138.0 seconds remaining.,[]
2025-06-30 21:58:42,False,0,[],|,False,0,[],|,False,Counting flickers... 17.0 seconds remaining.,|,False,0,[],|,True,2,"['1 pitch: 3.0 seconds', '2 pitch: 3.0 seconds']",|,False,Counting yawns... 137.0 seconds remaining.,[]
2025-06-30 21:59:04,False,0,[],|,False,0,[],|,True,13,|,False,0,[],|,False,Counting pitches...,[],|,False,Counting yawns... 115.0 seconds remaining.,[]
2025-06-30 21:59:28,False,0,[],|,False,0,[],|,False,Counting flickers... 36.0 seconds remaining.,|,False,0,[],|,True,3,"['1 pitch: 3.0 seconds', '2 pitch: 3.0 seconds', '3 pitch: 3.0 seconds']",|,False,Counting yawns... 90.0 seconds remaining.,[]
2025-06-30 21:59:40,False,0,[],|,False,0,[],|,False,Counting flickers... 24.0 seconds remaining.,|,False,0,[],|,True,4,"['1 pitch: 3.0 seconds', '2 pitch: 3.0 seconds', '3 pitch: 3.0 seconds', '4 pitch: 6.0 seconds']",|,False,Counting yawns... 79.0 seconds remaining.,[]
2025-06-30 21:59:49,False,0,[],|,False,0,[],|,False,0,|,True,3,"['1 micro sleep: 2.0 seconds', '2 micro sleep: 4.0 seconds', '3 micro sleep: 2.0 seconds']",|,False,Counting pitches...,[],|,False,Counting yawns... 69.0 seconds remaining.,[]
2025-06-30 21:59:58,False,0,[],|,False,0,[],|,False,0,|,True,4,"['1 micro sleep: 2.0 seconds', '2 micro sleep: 4.0 seconds', '3 micro sleep: 2.0 seconds', '4 micro sleep: 2.0 seconds']",|,False,Counting pitches...,[],|,False,Counting yawns... 61.0 seconds remaining.,[]
2025-06-30 22:00:02,False,0,[],|,False,0,[],|,False,Counting flickers... 2.0 seconds remaining.,|,False,0,[],|,True,5,"['1 pitch: 3.0 seconds', '2 pitch: 3.0 seconds', '3 pitch: 3.0 seconds', '4 pitch: 6.0 seconds', '5 pitch: 15.0 seconds']",|,False,Counting yawns... 57.0 seconds remaining.,[]
2025-06-30 22:00:03,False,0,[],|,False,0,[],|,True,22,|,False,0,[],|,False,Counting pitches...,[],|,False,Counting yawns... 55.0 seconds remaining.,[]
2025-06-30 22:00:10,False,0,[],|,False,0,[],|,False,0,|,True,5,"['1 micro sleep: 2.0 seconds', '2 micro sleep: 4.0 seconds', '3 micro sleep: 2.0 seconds', '4 micro sleep: 2.0 seconds', '5 micro sleep: 2.0 seconds']",|,False,Counting pitches...,[],|,False,Counting yawns... 49.0 seconds remaining.,[]
2025-06-30 22:00:11,False,0,[],|,False,0,[],|,False,Counting flickers... 52.0 seconds remaining.,|,False,0,[],|,True,6,"['1 pitch: 3.0 seconds', '2 pitch: 3.0 seconds', '3 pitch: 3.0 seconds', '4 pitch: 6.0 seconds', '5 pitch: 15.0 seconds', '6 pitch: 4.0 seconds']",|,False,Counting yawns... 48.0 seconds remaining.,[]
2025-06-30 22:00:32,False,0,[],|,False,0,[],|,False,Counting flickers... 32.0 seconds remaining.,|,False,0,[],|,True,7,"['1 pitch: 3.0 seconds', '2 pitch: 3.0 seconds', '3 pitch: 3.0 seconds', '4 pitch: 6.0 seconds', '5 pitch: 15.0 seconds', '6 pitch: 4.0 seconds', '7 pitch: 8.0 seconds']",|,False,Counting yawns... 27.0 seconds remaining.,[]
2025-06-30 22:00:45,False,0,[],|,False,0,[],|,False,0,|,True,6,"['1 micro sleep: 2.0 seconds', '2 micro sleep: 4.0 seconds', '3 micro sleep: 2.0 seconds', '4 micro sleep: 2.0 seconds', '5 micro sleep: 2.0 seconds', '6 micro sleep: 2.0 seconds']",|,False,Counting pitches...,[],|,False,Counting yawns... 14.0 seconds remaining.,[]
2025-06-30 22:00:46,False,0,[],|,False,0,[],|,False,Counting flickers... 18.0 seconds remaining.,|,False,0,[],|,True,8,"['1 pitch: 3.0 seconds', '2 pitch: 3.0 seconds', '3 pitch: 3.0 seconds', '4 pitch: 6.0 seconds', '5 pitch: 15.0 seconds', '6 pitch: 4.0 seconds', '7 pitch: 8.0 seconds', '8 pitch: 4.0 seconds']",|,False,Counting yawns... 13.0 seconds remaining.,[]
2025-06-30 22:00:55,False,0,[],|,False,0,[],|,False,Counting flickers... 8.0 seconds remaining.,|,False,0,[],|,True,9,"['1 pitch: 3.0 seconds', '2 pitch: 3.0 seconds', '3 pitch: 3.0 seconds', '4 pitch: 6.0 seconds', '5 pitch: 15.0 seconds', '6 pitch: 4.0 seconds', '7 pitch: 8.0 seconds', '8 pitch: 4.0 seconds', '9 pitch: 3.0 seconds']",|,False,Counting yawns... 3.0 seconds remaining.,[]
2025-06-30 22:00:58,False,0,[],|,False,0,[],|,False,Counting flickers... 5.0 seconds remaining.,|,False,0,[],|,False,Counting pitches...,[],|,True,0,[]
2025-06-30 22:01:02,False,0,[],|,False,0,[],|,False,0,|,True,7,"['1 micro sleep: 2.0 seconds', '2 micro sleep: 4.0 seconds', '3 micro sleep: 2.0 seconds', '4 micro sleep: 2.0 seconds', '5 micro sleep: 2.0 seconds', '6 micro sleep: 2.0 seconds', '7 micro sleep: 5.0 seconds']",|,False,Counting pitches...,[],|,False,Counting yawns... 176.0 seconds remaining.,[]
2025-06-30 22:01:03,False,0,[],|,False,0,[],|,True,29,|,False,0,[],|,False,Counting pitches...,[],|,False,Counting yawns... 175.0 seconds remaining.,[]
2025-06-30 22:01:04,False,0,[],|,False,0,[],|,False,Counting flickers... 59.0 seconds remaining.,|,False,0,[],|,True,10,"['1 pitch: 3.0 seconds', '2 pitch: 3.0 seconds', '3 pitch: 3.0 seconds', '4 pitch: 6.0 seconds', '5 pitch: 15.0 seconds', '6 pitch: 4.0 seconds', '7 pitch: 8.0 seconds', '8 pitch: 4.0 seconds', '9 pitch: 3.0 seconds', '10 pitch: 7.0 seconds']",|,False,Counting yawns... 174.0 seconds remaining.,[]
2025-06-30 22:01:28,False,0,[],|,False,0,[],|,False,0,|,True,8,"['1 micro sleep: 2.0 seconds', '2 micro sleep: 4.0 seconds', '3 micro sleep: 2.0 seconds', '4 micro sleep: 2.0 seconds', '5 micro sleep: 2.0 seconds', '6 micro sleep: 2.0 seconds', '7 micro sleep: 5.0 seconds', '8 micro sleep: 2.0 seconds']",|,False,Counting pitches...,[],|,False,Counting yawns... 150.0 seconds remaining.,[]
2025-06-30 22:01:28,False,0,[],|,False,0,[],|,False,Counting flickers... 35.0 seconds remaining.,|,False,0,[],|,True,11,"['1 pitch: 3.0 seconds', '2 pitch: 3.0 seconds', '3 pitch: 3.0 seconds', '4 pitch: 6.0 seconds', '5 pitch: 15.0 seconds', '6 pitch: 4.0 seconds', '7 pitch: 8.0 seconds', '8 pitch: 4.0 seconds', '9 pitch: 3.0 seconds', '10 pitch: 7.0 seconds', '11 pitch: 6.0 seconds']",|,False,Counting yawns... 150.0 seconds remaining.,[]
2025-06-30 22:02:15,False,0,[],|,False,0,[],|,False,0,|,True,1,['1 micro sleep: 4.0 seconds'],|,False,Counting pitches...,[],|,False,Counting yawns... 140.0 seconds remaining.,[]
2025-06-30 22:02:16,False,0,[],|,False,0,[],|,False,Counting flickers... 19.0 seconds remaining.,|,False,0,[],|,True,1,['1 pitch: 5.0 seconds'],|,False,Counting yawns... 139.0 seconds remaining.,[]
2025-06-30 22:02:30,False,0,[],|,False,0,[],|,False,Counting flickers... 5.0 seconds remaining.,|,False,0,[],|,True,2,"['1 pitch: 5.0 seconds', '2 pitch: 3.0 seconds']",|,False,Counting yawns... 125.0 seconds remaining.,[]
2025-06-30 22:02:35,False,0,[],|,False,0,[],|,True,22,|,False,0,[],|,False,Counting pitches...,[],|,False,Counting yawns... 120.0 seconds remaining.,[]
2025-06-30 22:02:55,False,0,[],|,False,0,[],|,False,0,|,True,2,"['1 micro sleep: 4.0 seconds', '2 micro sleep: 2.0 seconds']",|,False,Counting pitches...,[],|,False,Counting yawns... 101.0 seconds remaining.,[]
2025-06-30 22:03:35,False,0,[],|,False,0,[],|,True,29,|,False,0,[],|,False,Counting pitches...,[],|,False,Counting yawns... 61.0 seconds remaining.,[]
2025-06-30 22:03:52,False,0,[],|,False,0,[],|,False,0,|,True,3,"['1 micro sleep: 4.0 seconds', '2 micro sleep: 2.0 seconds', '3 micro sleep: 3.0 seconds']",|,False,Counting pitches...,[],|,False,Counting yawns... 44.0 seconds remaining.,[]
2025-06-30 22:03:56,False,0,[],|,False,0,[],|,False,0,|,True,4,"['1 micro sleep: 4.0 seconds', '2 micro sleep: 2.0 seconds', '3 micro sleep: 3.0 seconds', '4 micro sleep: 4.0 seconds']",|,False,Counting pitches...,[],|,False,Counting yawns... 40.0 seconds remaining.,[]
2025-06-30 22:04:04,False,0,[],|,False,0,[],|,False,Counting flickers... 31.0 seconds remaining.,|,False,0,[],|,True,3,"['1 pitch: 5.0 seconds', '2 pitch: 3.0 seconds', '3 pitch: 3.0 seconds']",|,False,Counting yawns... 32.0 seconds remaining.,[]
2025-06-30 22:04:34,False,0,[],|,False,0,[],|,True,28,|,False,0,[],|,False,Counting pitches...,[],|,False,Counting yawns... 1.0 seconds remaining.,[]
2025-06-30 22:04:50,False,0,[],|,False,0,[],|,False,Counting flickers... 48.0 seconds remaining.,|,False,0,[],|,True,1,['1 pitch: 4.0 seconds'],|,False,Counting yawns... 168.0 seconds remaining.,[]
2025-06-30 22:05:37,False,0,[],|,False,0,[],|,True,18,|,False,0,[],|,False,Counting pitches...,[],|,False,Counting yawns... 120.0 seconds remaining.,[]
2025-06-30 22:06:33,False,0,[],|,False,0,[],|,False,Counting flickers... 4.0 seconds remaining.,|,False,0,[],|,True,2,"['1 pitch: 4.0 seconds', '2 pitch: 5.0 seconds']",|,False,Counting yawns... 65.0 seconds remaining.,[]
2025-06-30 22:06:37,False,0,[],|,False,0,[],|,True,19,|,False,0,[],|,False,Counting pitches...,[],|,False,Counting yawns... 61.0 seconds remaining.,[]
2025-06-30 22:06:39,False,0,[],|,False,0,[],|,False,0,|,True,1,['1 micro sleep: 2.0 seconds'],|,False,Counting pitches...,[],|,False,Counting yawns... 58.0 seconds remaining.,[]
2025-06-30 22:06:52,False,0,[],|,False,0,[],|,False,Counting flickers... 44.0 seconds remaining.,|,False,0,[],|,True,3,"['1 pitch: 4.0 seconds', '2 pitch: 5.0 seconds', '3 pitch: 6.0 seconds']",|,False,Counting yawns... 45.0 seconds remaining.,[]
2025-06-30 22:06:59,False,0,[],|,False,0,[],|,False,0,|,True,2,"['1 micro sleep: 2.0 seconds', '2 micro sleep: 2.0 seconds']",|,False,Counting pitches...,[],|,False,Counting yawns... 39.0 seconds remaining.,[]
2025-06-30 22:07:01,False,0,[],|,False,0,[],|,False,0,|,True,3,"['1 micro sleep: 2.0 seconds', '2 micro sleep: 2.0 seconds', '3 micro sleep: 2.0 seconds']",|,False,Counting pitches...,[],|,False,Counting yawns... 37.0 seconds remaining.,[]
2025-06-30 22:07:06,False,0,[],|,False,0,[],|,False,0,|,True,4,"['1 micro sleep: 2.0 seconds', '2 micro sleep: 2.0 seconds', '3 micro sleep: 2.0 seconds', '4 micro sleep: 3.0 seconds']",|,False,Counting pitches...,[],|,False,Counting yawns... 31.0 seconds remaining.,[]
2025-06-30 22:07:36,False,0,[],|,False,0,[],|,True,18,|,False,0,[],|,False,Counting pitches...,[],|,False,Counting yawns... 1.0 seconds remaining.,[]
2025-06-30 22:07:37,False,0,[],|,False,0,[],|,False,Counting flickers... 59.0 seconds remaining.,|,False,0,[],|,False,Counting pitches...,[],|,True,0,[]
2025-06-30 22:08:09,False,0,[],|,False,0,[],|,False,Counting flickers... 27.0 seconds remaining.,|,False,0,[],|,True,4,"['1 pitch: 4.0 seconds', '2 pitch: 5.0 seconds', '3 pitch: 6.0 seconds', '4 pitch: 3.0 seconds']",|,False,Counting yawns... 148.0 seconds remaining.,[]
2025-06-30 22:08:36,False,0,[],|,False,0,[],|,True,24,|,False,0,[],|,False,Counting pitches...,[],|,False,Counting yawns... 121.0 seconds remaining.,[]
2025-06-30 22:09:25,False,0,[],|,False,0,[],|,False,0,|,True,5,"['1 micro sleep: 2.0 seconds', '2 micro sleep: 2.0 seconds', '3 micro sleep: 2.0 seconds', '4 micro sleep: 3.0 seconds', '5 micro sleep: 2.0 seconds']",|,False,Counting pitches...,[],|,False,Counting yawns... 72.0 seconds remaining.,[]
2025-06-30 22:09:35,False,0,[],|,False,0,[],|,True,30,|,False,0,[],|,False,Counting pitches...,[],|,False,Counting yawns... 62.0 seconds remaining.,[]
2025-06-30 22:09:37,True,0,[],|,True,0,[],|,False,Counting flickers... 58.0 seconds remaining.,|,False,0,[],|,False,Counting pitches...,[],|,False,Counting yawns... 60.0 seconds remaining.,[]
2025-06-30 22:09:58,False,0,[],|,False,0,[],|,False,Counting flickers... 37.0 seconds remaining.,|,False,0,[],|,True,5,"['1 pitch: 4.0 seconds', '2 pitch: 5.0 seconds', '3 pitch: 6.0 seconds', '4 pitch: 3.0 seconds', '5 pitch: 11.0 seconds']",|,False,Counting yawns... 39.0 seconds remaining.,[]
2025-06-30 22:10:10,False,0,[],|,False,0,[],|,False,Counting flickers... 25.0 seconds remaining.,|,False,0,[],|,True,6,"['1 pitch: 4.0 seconds', '2 pitch: 5.0 seconds', '3 pitch: 6.0 seconds', '4 pitch: 3.0 seconds', '5 pitch: 11.0 seconds', '6 pitch: 5.0 seconds']",|,False,Counting yawns... 27.0 seconds remaining.,[]
2025-06-30 22:10:35,False,0,[],|,False,0,[],|,True,30,|,False,0,[],|,False,Counting pitches...,[],|,False,Counting yawns... 2.0 seconds remaining.,[]
2025-06-30 22:10:37,False,0,[],|,False,0,[],|,False,Counting flickers... 58.0 seconds remaining.,|,False,0,[],|,False,Counting pitches...,[],|,True,0,[]
2025-06-30 22:10:49,False,0,[],|,False,0,[],|,False,Counting flickers... 45.0 seconds remaining.,|,False,0,[],|,True,7,"['1 pitch: 4.0 seconds', '2 pitch: 5.0 seconds', '3 pitch: 6.0 seconds', '4 pitch: 3.0 seconds', '5 pitch: 11.0 seconds', '6 pitch: 5.0 seconds', '7 pitch: 12.0 seconds']",|,False,Counting yawns... 167.0 seconds remaining.,[]
2025-06-30 22:11:01,False,0,[],|,False,0,[],|,False,Counting flickers... 34.0 seconds remaining.,|,False,0,[],|,True,8,"['1 pitch: 4.0 seconds', '2 pitch: 5.0 seconds', '3 pitch: 6.0 seconds', '4 pitch: 3.0 seconds', '5 pitch: 11.0 seconds', '6 pitch: 5.0 seconds', '7 pitch: 12.0 seconds', '8 pitch: 12.0 seconds']",|,False,Counting yawns... 155.0 seconds remaining.,[]
2025-06-30 22:11:34,False,0,[],|,False,0,[],|,True,34,|,False,0,[],|,False,Counting pitches...,[],|,False,Counting yawns... 122.0 seconds remaining.,[]
2025-06-30 22:11:37,False,0,[],|,False,0,[],|,False,Counting flickers... 57.0 seconds remaining.,|,False,0,[],|,True,9,"['1 pitch: 4.0 seconds', '2 pitch: 5.0 seconds', '3 pitch: 6.0 seconds', '4 pitch: 3.0 seconds', '5 pitch: 11.0 seconds', '6 pitch: 5.0 seconds', '7 pitch: 12.0 seconds', '8 pitch: 12.0 seconds', '9 pitch: 4.0 seconds']",|,False,Counting yawns... 120.0 seconds remaining.,[]
2025-06-30 22:11:46,False,0,[],|,False,0,[],|,False,Counting flickers... 48.0 seconds remaining.,|,False,0,[],|,True,10,"['1 pitch: 4.0 seconds', '2 pitch: 5.0 seconds', '3 pitch: 6.0 seconds', '4 pitch: 3.0 seconds', '5 pitch: 11.0 seconds', '6 pitch: 5.0 seconds', '7 pitch: 12.0 seconds', '8 pitch: 12.0 seconds', '9 pitch: 4.0 seconds', '10 pitch: 3.0 seconds']",|,False,Counting yawns... 110.0 seconds remaining.,[]
2025-06-30 22:11:57,False,0,[],|,False,0,[],|,False,Counting flickers... 37.0 seconds remaining.,|,False,0,[],|,True,11,"['1 pitch: 4.0 seconds', '2 pitch: 5.0 seconds', '3 pitch: 6.0 seconds', '4 pitch: 3.0 seconds', '5 pitch: 11.0 seconds', '6 pitch: 5.0 seconds', '7 pitch: 12.0 seconds', '8 pitch: 12.0 seconds', '9 pitch: 4.0 seconds', '10 pitch: 3.0 seconds', '11 pitch: 4.0 seconds']",|,False,Counting yawns... 99.0 seconds remaining.,[]
2025-06-30 22:12:16,False,0,[],|,False,0,[],|,False,Counting flickers... 18.0 seconds remaining.,|,False,0,[],|,True,12,"['1 pitch: 4.0 seconds', '2 pitch: 5.0 seconds', '3 pitch: 6.0 seconds', '4 pitch: 3.0 seconds', '5 pitch: 11.0 seconds', '6 pitch: 5.0 seconds', '7 pitch: 12.0 seconds', '8 pitch: 12.0 seconds', '9 pitch: 4.0 seconds', '10 pitch: 3.0 seconds', '11 pitch: 4.0 seconds', '12 pitch: 3.0 seconds']",|,False,Counting yawns... 80.0 seconds remaining.,[]
2025-06-30 22:12:34,False,0,[],|,False,0,[],|,True,31,|,False,0,[],|,False,Counting pitches...,[],|,False,Counting yawns... 63.0 seconds remaining.,[]
2025-06-30 22:12:45,False,0,[],|,False,0,[],|,False,Counting flickers... 49.0 seconds remaining.,|,False,0,[],|,True,13,"['1 pitch: 4.0 seconds', '2 pitch: 5.0 seconds', '3 pitch: 6.0 seconds', '4 pitch: 3.0 seconds', '5 pitch: 11.0 seconds', '6 pitch: 5.0 seconds', '7 pitch: 12.0 seconds', '8 pitch: 12.0 seconds', '9 pitch: 4.0 seconds', '10 pitch: 3.0 seconds', '11 pitch: 4.0 seconds', '12 pitch: 3.0 seconds', '13 pitch: 5.0 seconds']",|,False,Counting yawns... 52.0 seconds remaining.,[]
2025-06-30 22:12:50,False,0,[],|,False,0,[],|,False,0,|,True,6,"['1 micro sleep: 2.0 seconds', '2 micro sleep: 2.0 seconds', '3 micro sleep: 2.0 seconds', '4 micro sleep: 3.0 seconds', '5 micro sleep: 2.0 seconds', '6 micro sleep: 3.0 seconds']",|,False,Counting pitches...,[],|,False,Counting yawns... 46.0 seconds remaining.,[]
2025-06-30 22:12:52,False,0,[],|,False,0,[],|,False,0,|,True,7,"['1 micro sleep: 2.0 seconds', '2 micro sleep: 2.0 seconds', '3 micro sleep: 2.0 seconds', '4 micro sleep: 3.0 seconds', '5 micro sleep: 2.0 seconds', '6 micro sleep: 3.0 seconds', '7 micro sleep: 2.0 seconds']",|,False,Counting pitches...,[],|,False,Counting yawns... 44.0 seconds remaining.,[]
2025-06-30 22:12:58,False,0,[],|,False,0,[],|,False,0,|,True,8,"['1 micro sleep: 2.0 seconds', '2 micro sleep: 2.0 seconds', '3 micro sleep: 2.0 seconds', '4 micro sleep: 3.0 seconds', '5 micro sleep: 2.0 seconds', '6 micro sleep: 3.0 seconds', '7 micro sleep: 2.0 seconds', '8 micro sleep: 3.0 seconds']",|,False,Counting pitches...,[],|,False,Counting yawns... 38.0 seconds remaining.,[]
2025-06-30 22:13:02,False,0,[],|,False,0,[],|,False,Counting flickers... 32.0 seconds remaining.,|,False,0,[],|,True,14,"['1 pitch: 4.0 seconds', '2 pitch: 5.0 seconds', '3 pitch: 6.0 seconds', '4 pitch: 3.0 seconds', '5 pitch: 11.0 seconds', '6 pitch: 5.0 seconds', '7 pitch: 12.0 seconds', '8 pitch: 12.0 seconds', '9 pitch: 4.0 seconds', '10 pitch: 3.0 seconds', '11 pitch: 4.0 seconds', '12 pitch: 3.0 seconds', '13 pitch: 5.0 seconds', '14 pitch: 13.0 seconds']",|,False,Counting yawns... 35.0 seconds remaining.,[]
2025-06-30 22:13:05,False,0,[],|,False,0,[],|,False,0,|,True,9,"['1 micro sleep: 2.0 seconds', '2 micro sleep: 2.0 seconds', '3 micro sleep: 2.0 seconds', '4 micro sleep: 3.0 seconds', '5 micro sleep: 2.0 seconds', '6 micro sleep: 3.0 seconds', '7 micro sleep: 2.0 seconds', '8 micro sleep: 3.0 seconds', '9 micro sleep: 4.0 seconds']",|,False,Counting pitches...,[],|,False,Counting yawns... 32.0 seconds remaining.,[]
2025-06-30 22:13:07,False,0,[],|,False,0,[],|,False,Counting flickers... 27.0 seconds remaining.,|,False,0,[],|,True,15,"['1 pitch: 4.0 seconds', '2 pitch: 5.0 seconds', '3 pitch: 6.0 seconds', '4 pitch: 3.0 seconds', '5 pitch: 11.0 seconds', '6 pitch: 5.0 seconds', '7 pitch: 12.0 seconds', '8 pitch: 12.0 seconds', '9 pitch: 4.0 seconds', '10 pitch: 3.0 seconds', '11 pitch: 4.0 seconds', '12 pitch: 3.0 seconds', '13 pitch: 5.0 seconds', '14 pitch: 13.0 seconds', '15 pitch: 4.0 seconds']",|,False,Counting yawns... 30.0 seconds remaining.,[]
2025-06-30 22:13:17,False,0,[],|,False,0,[],|,False,Counting flickers... 16.0 seconds remaining.,|,False,0,[],|,True,16,"['1 pitch: 4.0 seconds', '2 pitch: 5.0 seconds', '3 pitch: 6.0 seconds', '4 pitch: 3.0 seconds', '5 pitch: 11.0 seconds', '6 pitch: 5.0 seconds', '7 pitch: 12.0 seconds', '8 pitch: 12.0 seconds', '9 pitch: 4.0 seconds', '10 pitch: 3.0 seconds', '11 pitch: 4.0 seconds', '12 pitch: 3.0 seconds', '13 pitch: 5.0 seconds', '14 pitch: 13.0 seconds', '15 pitch: 4.0 seconds', '16 pitch: 6.0 seconds']",|,False,Counting yawns... 19.0 seconds remaining.,[]
2025-06-30 22:13:33,False,0,[],|,False,0,[],|,True,34,|,False,0,[],|,False,Counting pitches...,[],|,False,Counting yawns... 3.0 seconds remaining.,[]
2025-06-30 22:13:36,False,0,[],|,False,0,[],|,False,Counting flickers... 57.0 seconds remaining.,|,False,0,[],|,False,Counting pitches...,[],|,True,0,[]
2025-06-30 22:13:53,False,0,[],|,False,0,[],|,False,Counting flickers... 41.0 seconds remaining.,|,False,0,[],|,True,17,"['1 pitch: 4.0 seconds', '2 pitch: 5.0 seconds', '3 pitch: 6.0 seconds', '4 pitch: 3.0 seconds', '5 pitch: 11.0 seconds', '6 pitch: 5.0 seconds', '7 pitch: 12.0 seconds', '8 pitch: 12.0 seconds', '9 pitch: 4.0 seconds', '10 pitch: 3.0 seconds', '11 pitch: 4.0 seconds', '12 pitch: 3.0 seconds', '13 pitch: 5.0 seconds', '14 pitch: 13.0 seconds', '15 pitch: 4.0 seconds', '16 pitch: 6.0 seconds', '17 pitch: 5.0 seconds']",|,False,Counting yawns... 163.0 seconds remaining.,[]
2025-06-30 22:14:09,False,0,[],|,False,0,[],|,False,Counting flickers... 25.0 seconds remaining.,|,False,0,[],|,True,18,"['1 pitch: 4.0 seconds', '2 pitch: 5.0 seconds', '3 pitch: 6.0 seconds', '4 pitch: 3.0 seconds', '5 pitch: 11.0 seconds', '6 pitch: 5.0 seconds', '7 pitch: 12.0 seconds', '8 pitch: 12.0 seconds', '9 pitch: 4.0 seconds', '10 pitch: 3.0 seconds', '11 pitch: 4.0 seconds', '12 pitch: 3.0 seconds', '13 pitch: 5.0 seconds', '14 pitch: 13.0 seconds', '15 pitch: 4.0 seconds', '16 pitch: 6.0 seconds', '17 pitch: 5.0 seconds', '18 pitch: 10.0 seconds']",|,False,Counting yawns... 147.0 seconds remaining.,[]
2025-06-30 22:14:21,False,0,[],|,False,0,[],|,False,0,|,True,10,"['1 micro sleep: 2.0 seconds', '2 micro sleep: 2.0 seconds', '3 micro sleep: 2.0 seconds', '4 micro sleep: 3.0 seconds', '5 micro sleep: 2.0 seconds', '6 micro sleep: 3.0 seconds', '7 micro sleep: 2.0 seconds', '8 micro sleep: 3.0 seconds', '9 micro sleep: 4.0 seconds', '10 micro sleep: 3.0 seconds']",|,False,Counting pitches...,[],|,False,Counting yawns... 135.0 seconds remaining.,[]
2025-06-30 22:14:32,False,0,[],|,False,0,[],|,False,Counting flickers... 2.0 seconds remaining.,|,False,0,[],|,True,19,"['1 pitch: 4.0 seconds', '2 pitch: 5.0 seconds', '3 pitch: 6.0 seconds', '4 pitch: 3.0 seconds', '5 pitch: 11.0 seconds', '6 pitch: 5.0 seconds', '7 pitch: 12.0 seconds', '8 pitch: 12.0 seconds', '9 pitch: 4.0 seconds', '10 pitch: 3.0 seconds', '11 pitch: 4.0 seconds', '12 pitch: 3.0 seconds', '13 pitch: 5.0 seconds', '14 pitch: 13.0 seconds', '15 pitch: 4.0 seconds', '16 pitch: 6.0 seconds', '17 pitch: 5.0 seconds', '18 pitch: 10.0 seconds', '19 pitch: 13.0 seconds']",|,False,Counting yawns... 125.0 seconds remaining.,[]
2025-06-30 22:14:33,False,0,[],|,False,0,[],|,True,35,|,False,0,[],|,False,Counting pitches...,[],|,False,Counting yawns... 123.0 seconds remaining.,[]
2025-06-30 22:14:37,True,1,['1 left eye rub: 2.0 seconds'],|,True,0,[],|,False,Counting flickers... 57.0 seconds remaining.,|,False,0,[],|,False,Counting pitches...,[],|,False,Counting yawns... 120.0 seconds remaining.,[]
2025-06-30 22:14:49,False,0,[],|,False,0,[],|,False,Counting flickers... 44.0 seconds remaining.,|,False,0,[],|,True,20,"['1 pitch: 4.0 seconds', '2 pitch: 5.0 seconds', '3 pitch: 6.0 seconds', '4 pitch: 3.0 seconds', '5 pitch: 11.0 seconds', '6 pitch: 5.0 seconds', '7 pitch: 12.0 seconds', '8 pitch: 12.0 seconds', '9 pitch: 4.0 seconds', '10 pitch: 3.0 seconds', '11 pitch: 4.0 seconds', '12 pitch: 3.0 seconds', '13 pitch: 5.0 seconds', '14 pitch: 13.0 seconds', '15 pitch: 4.0 seconds', '16 pitch: 6.0 seconds', '17 pitch: 5.0 seconds', '18 pitch: 10.0 seconds', '19 pitch: 13.0 seconds', '20 pitch: 4.0 seconds']",|,False,Counting yawns... 107.0 seconds remaining.,[]
2025-06-30 22:15:23,False,0,[],|,False,0,[],|,False,Counting flickers... 10.0 seconds remaining.,|,False,0,[],|,True,21,"['1 pitch: 4.0 seconds', '2 pitch: 5.0 seconds', '3 pitch: 6.0 seconds', '4 pitch: 3.0 seconds', '5 pitch: 11.0 seconds', '6 pitch: 5.0 seconds', '7 pitch: 12.0 seconds', '8 pitch: 12.0 seconds', '9 pitch: 4.0 seconds', '10 pitch: 3.0 seconds', '11 pitch: 4.0 seconds', '12 pitch: 3.0 seconds', '13 pitch: 5.0 seconds', '14 pitch: 13.0 seconds', '15 pitch: 4.0 seconds', '16 pitch: 6.0 seconds', '17 pitch: 5.0 seconds', '18 pitch: 10.0 seconds', '19 pitch: 13.0 seconds', '20 pitch: 4.0 seconds', '21 pitch: 10.0 seconds']",|,False,Counting yawns... 73.0 seconds remaining.,[]
2025-06-30 22:15:32,False,0,[],|,False,0,[],|,False,Counting flickers... 1.0 seconds remaining.,|,False,0,[],|,True,22,"['1 pitch: 4.0 seconds', '2 pitch: 5.0 seconds', '3 pitch: 6.0 seconds', '4 pitch: 3.0 seconds', '5 pitch: 11.0 seconds', '6 pitch: 5.0 seconds', '7 pitch: 12.0 seconds', '8 pitch: 12.0 seconds', '9 pitch: 4.0 seconds', '10 pitch: 3.0 seconds', '11 pitch: 4.0 seconds', '12 pitch: 3.0 seconds', '13 pitch: 5.0 seconds', '14 pitch: 13.0 seconds', '15 pitch: 4.0 seconds', '16 pitch: 6.0 seconds', '17 pitch: 5.0 seconds', '18 pitch: 10.0 seconds', '19 pitch: 13.0 seconds', '20 pitch: 4.0 seconds', '21 pitch: 10.0 seconds', '22 pitch: 3.0 seconds']",|,False,Counting yawns... 64.0 seconds remaining.,[]
2025-06-30 22:15:33,False,0,[],|,False,0,[],|,True,28,|,False,0,[],|,False,Counting pitches...,[],|,False,Counting yawns... 64.0 seconds remaining.,[]
2025-06-30 22:16:32,False,0,[],|,False,0,[],|,True,27,|,False,0,[],|,False,Counting pitches...,[],|,False,Counting yawns... 4.0 seconds remaining.,[]
2025-06-30 22:16:36,False,0,[],|,False,0,[],|,False,Counting flickers... 56.0 seconds remaining.,|,False,0,[],|,False,Counting pitches...,[],|,True,0,[]
2025-06-30 22:16:48,False,0,[],|,False,0,[],|,False,Counting flickers... 44.0 seconds remaining.,|,False,0,[],|,True,23,"['1 pitch: 4.0 seconds', '2 pitch: 5.0 seconds', '3 pitch: 6.0 seconds', '4 pitch: 3.0 seconds', '5 pitch: 11.0 seconds', '6 pitch: 5.0 seconds', '7 pitch: 12.0 seconds', '8 pitch: 12.0 seconds', '9 pitch: 4.0 seconds', '10 pitch: 3.0 seconds', '11 pitch: 4.0 seconds', '12 pitch: 3.0 seconds', '13 pitch: 5.0 seconds', '14 pitch: 13.0 seconds', '15 pitch: 4.0 seconds', '16 pitch: 6.0 seconds', '17 pitch: 5.0 seconds', '18 pitch: 10.0 seconds', '19 pitch: 13.0 seconds', '20 pitch: 4.0 seconds', '21 pitch: 10.0 seconds', '22 pitch: 3.0 seconds', '23 pitch: 4.0 seconds']",|,False,Counting yawns... 168.0 seconds remaining.,[]
2025-06-30 22:17:12,False,0,[],|,False,0,[],|,False,Counting flickers... 20.0 seconds remaining.,|,False,0,[],|,True,24,"['1 pitch: 4.0 seconds', '2 pitch: 5.0 seconds', '3 pitch: 6.0 seconds', '4 pitch: 3.0 seconds', '5 pitch: 11.0 seconds', '6 pitch: 5.0 seconds', '7 pitch: 12.0 seconds', '8 pitch: 12.0 seconds', '9 pitch: 4.0 seconds', '10 pitch: 3.0 seconds', '11 pitch: 4.0 seconds', '12 pitch: 3.0 seconds', '13 pitch: 5.0 seconds', '14 pitch: 13.0 seconds', '15 pitch: 4.0 seconds', '16 pitch: 6.0 seconds', '17 pitch: 5.0 seconds', '18 pitch: 10.0 seconds', '19 pitch: 13.0 seconds', '20 pitch: 4.0 seconds', '21 pitch: 10.0 seconds', '22 pitch: 3.0 seconds', '23 pitch: 4.0 seconds', '24 pitch: 8.0 seconds']",|,False,Counting yawns... 144.0 seconds remaining.,[]
2025-06-30 22:17:20,False,0,[],|,False,0,[],|,False,Counting flickers... 12.0 seconds remaining.,|,False,0,[],|,True,25,"['1 pitch: 4.0 seconds', '2 pitch: 5.0 seconds', '3 pitch: 6.0 seconds', '4 pitch: 3.0 seconds', '5 pitch: 11.0 seconds', '6 pitch: 5.0 seconds', '7 pitch: 12.0 seconds', '8 pitch: 12.0 seconds', '9 pitch: 4.0 seconds', '10 pitch: 3.0 seconds', '11 pitch: 4.0 seconds', '12 pitch: 3.0 seconds', '13 pitch: 5.0 seconds', '14 pitch: 13.0 seconds', '15 pitch: 4.0 seconds', '16 pitch: 6.0 seconds', '17 pitch: 5.0 seconds', '18 pitch: 10.0 seconds', '19 pitch: 13.0 seconds', '20 pitch: 4.0 seconds', '21 pitch: 10.0 seconds', '22 pitch: 3.0 seconds', '23 pitch: 4.0 seconds', '24 pitch: 8.0 seconds', '25 pitch: 3.0 seconds']",|,False,Counting yawns... 136.0 seconds remaining.,[]
2025-06-30 22:17:31,False,0,[],|,False,0,[],|,False,Counting flickers... 1.0 seconds remaining.,|,False,0,[],|,True,26,"['1 pitch: 4.0 seconds', '2 pitch: 5.0 seconds', '3 pitch: 6.0 seconds', '4 pitch: 3.0 seconds', '5 pitch: 11.0 seconds', '6 pitch: 5.0 seconds', '7 pitch: 12.0 seconds', '8 pitch: 12.0 seconds', '9 pitch: 4.0 seconds', '10 pitch: 3.0 seconds', '11 pitch: 4.0 seconds', '12 pitch: 3.0 seconds', '13 pitch: 5.0 seconds', '14 pitch: 13.0 seconds', '15 pitch: 4.0 seconds', '16 pitch: 6.0 seconds', '17 pitch: 5.0 seconds', '18 pitch: 10.0 seconds', '19 pitch: 13.0 seconds', '20 pitch: 4.0 seconds', '21 pitch: 10.0 seconds', '22 pitch: 3.0 seconds', '23 pitch: 4.0 seconds', '24 pitch: 8.0 seconds', '25 pitch: 3.0 seconds', '26 pitch: 5.0 seconds']",|,False,Counting yawns... 125.0 seconds remaining.,[]
2025-06-30 22:17:32,False,0,[],|,False,0,[],|,True,32,|,False,0,[],|,False,Counting pitches...,[],|,False,Counting yawns... 124.0 seconds remaining.,[]
2025-06-30 22:17:43,False,0,[],|,False,0,[],|,False,Counting flickers... 49.0 seconds remaining.,|,False,0,[],|,True,27,"['1 pitch: 4.0 seconds', '2 pitch: 5.0 seconds', '3 pitch: 6.0 seconds', '4 pitch: 3.0 seconds', '5 pitch: 11.0 seconds', '6 pitch: 5.0 seconds', '7 pitch: 12.0 seconds', '8 pitch: 12.0 seconds', '9 pitch: 4.0 seconds', '10 pitch: 3.0 seconds', '11 pitch: 4.0 seconds', '12 pitch: 3.0 seconds', '13 pitch: 5.0 seconds', '14 pitch: 13.0 seconds', '15 pitch: 4.0 seconds', '16 pitch: 6.0 seconds', '17 pitch: 5.0 seconds', '18 pitch: 10.0 seconds', '19 pitch: 13.0 seconds', '20 pitch: 4.0 seconds', '21 pitch: 10.0 seconds', '22 pitch: 3.0 seconds', '23 pitch: 4.0 seconds', '24 pitch: 8.0 seconds', '25 pitch: 3.0 seconds', '26 pitch: 5.0 seconds', '27 pitch: 3.0 seconds']",|,False,Counting yawns... 113.0 seconds remaining.,[]
2025-06-30 22:18:07,False,0,[],|,False,0,[],|,False,0,|,True,11,"['1 micro sleep: 2.0 seconds', '2 micro sleep: 2.0 seconds', '3 micro sleep: 2.0 seconds', '4 micro sleep: 3.0 seconds', '5 micro sleep: 2.0 seconds', '6 micro sleep: 3.0 seconds', '7 micro sleep: 2.0 seconds', '8 micro sleep: 3.0 seconds', '9 micro sleep: 4.0 seconds', '10 micro sleep: 3.0 seconds', '11 micro sleep: 2.0 seconds']",|,False,Counting pitches...,[],|,False,Counting yawns... 89.0 seconds remaining.,[]
2025-06-30 22:18:26,False,0,[],|,False,0,[],|,False,0,|,True,12,"['1 micro sleep: 2.0 seconds', '2 micro sleep: 2.0 seconds', '3 micro sleep: 2.0 seconds', '4 micro sleep: 3.0 seconds', '5 micro sleep: 2.0 seconds', '6 micro sleep: 3.0 seconds', '7 micro sleep: 2.0 seconds', '8 micro sleep: 3.0 seconds', '9 micro sleep: 4.0 seconds', '10 micro sleep: 3.0 seconds', '11 micro sleep: 2.0 seconds', '12 micro sleep: 2.0 seconds']",|,False,Counting pitches...,[],|,False,Counting yawns... 70.0 seconds remaining.,[]
2025-06-30 22:18:30,False,0,[],|,False,0,[],|,False,0,|,True,13,"['1 micro sleep: 2.0 seconds', '2 micro sleep: 2.0 seconds', '3 micro sleep: 2.0 seconds', '4 micro sleep: 3.0 seconds', '5 micro sleep: 2.0 seconds', '6 micro sleep: 3.0 seconds', '7 micro sleep: 2.0 seconds', '8 micro sleep: 3.0 seconds', '9 micro sleep: 4.0 seconds', '10 micro sleep: 3.0 seconds', '11 micro sleep: 2.0 seconds', '12 micro sleep: 2.0 seconds', '13 micro sleep: 3.0 seconds']",|,False,Counting pitches...,[],|,False,Counting yawns... 66.0 seconds remaining.,[]
2025-06-30 22:18:31,False,0,[],|,False,0,[],|,True,33,|,False,0,[],|,False,Counting pitches...,[],|,False,Counting yawns... 65.0 seconds remaining.,[]
2025-06-30 22:18:32,False,0,[],|,False,0,[],|,False,Counting flickers... 59.0 seconds remaining.,|,False,0,[],|,True,28,"['1 pitch: 4.0 seconds', '2 pitch: 5.0 seconds', '3 pitch: 6.0 seconds', '4 pitch: 3.0 seconds', '5 pitch: 11.0 seconds', '6 pitch: 5.0 seconds', '7 pitch: 12.0 seconds', '8 pitch: 12.0 seconds', '9 pitch: 4.0 seconds', '10 pitch: 3.0 seconds', '11 pitch: 4.0 seconds', '12 pitch: 3.0 seconds', '13 pitch: 5.0 seconds', '14 pitch: 13.0 seconds', '15 pitch: 4.0 seconds', '16 pitch: 6.0 seconds', '17 pitch: 5.0 seconds', '18 pitch: 10.0 seconds', '19 pitch: 13.0 seconds', '20 pitch: 4.0 seconds', '21 pitch: 10.0 seconds', '22 pitch: 3.0 seconds', '23 pitch: 4.0 seconds', '24 pitch: 8.0 seconds', '25 pitch: 3.0 seconds', '26 pitch: 5.0 seconds', '27 pitch: 3.0 seconds', '28 pitch: 16.0 seconds']",|,False,Counting yawns... 63.0 seconds remaining.,[]
2025-06-30 22:18:35,False,0,[],|,False,0,[],|,False,0,|,True,14,"['1 micro sleep: 2.0 seconds', '2 micro sleep: 2.0 seconds', '3 micro sleep: 2.0 seconds', '4 micro sleep: 3.0 seconds', '5 micro sleep: 2.0 seconds', '6 micro sleep: 3.0 seconds', '7 micro sleep: 2.0 seconds', '8 micro sleep: 3.0 seconds', '9 micro sleep: 4.0 seconds', '10 micro sleep: 3.0 seconds', '11 micro sleep: 2.0 seconds', '12 micro sleep: 2.0 seconds', '13 micro sleep: 3.0 seconds', '14 micro sleep: 2.0 seconds']",|,False,Counting pitches...,[],|,False,Counting yawns... 60.0 seconds remaining.,[]
2025-06-30 22:19:01,False,0,[],|,False,0,[],|,False,Counting flickers... 30.0 seconds remaining.,|,False,0,[],|,True,29,"['1 pitch: 4.0 seconds', '2 pitch: 5.0 seconds', '3 pitch: 6.0 seconds', '4 pitch: 3.0 seconds', '5 pitch: 11.0 seconds', '6 pitch: 5.0 seconds', '7 pitch: 12.0 seconds', '8 pitch: 12.0 seconds', '9 pitch: 4.0 seconds', '10 pitch: 3.0 seconds', '11 pitch: 4.0 seconds', '12 pitch: 3.0 seconds', '13 pitch: 5.0 seconds', '14 pitch: 13.0 seconds', '15 pitch: 4.0 seconds', '16 pitch: 6.0 seconds', '17 pitch: 5.0 seconds', '18 pitch: 10.0 seconds', '19 pitch: 13.0 seconds', '20 pitch: 4.0 seconds', '21 pitch: 10.0 seconds', '22 pitch: 3.0 seconds', '23 pitch: 4.0 seconds', '24 pitch: 8.0 seconds', '25 pitch: 3.0 seconds', '26 pitch: 5.0 seconds', '27 pitch: 3.0 seconds', '28 pitch: 16.0 seconds', '29 pitch: 27.0 seconds']",|,False,Counting yawns... 35.0 seconds remaining.,[]
2025-06-30 22:19:10,False,0,[],|,False,0,[],|,False,Counting flickers... 21.0 seconds remaining.,|,False,0,[],|,True,30,"['1 pitch: 4.0 seconds', '2 pitch: 5.0 seconds', '3 pitch: 6.0 seconds', '4 pitch: 3.0 seconds', '5 pitch: 11.0 seconds', '6 pitch: 5.0 seconds', '7 pitch: 12.0 seconds', '8 pitch: 12.0 seconds', '9 pitch: 4.0 seconds', '10 pitch: 3.0 seconds', '11 pitch: 4.0 seconds', '12 pitch: 3.0 seconds', '13 pitch: 5.0 seconds', '14 pitch: 13.0 seconds', '15 pitch: 4.0 seconds', '16 pitch: 6.0 seconds', '17 pitch: 5.0 seconds', '18 pitch: 10.0 seconds', '19 pitch: 13.0 seconds', '20 pitch: 4.0 seconds', '21 pitch: 10.0 seconds', '22 pitch: 3.0 seconds', '23 pitch: 4.0 seconds', '24 pitch: 8.0 seconds', '25 pitch: 3.0 seconds', '26 pitch: 5.0 seconds', '27 pitch: 3.0 seconds', '28 pitch: 16.0 seconds', '29 pitch: 27.0 seconds', '30 pitch: 6.0 seconds']",|,False,Counting yawns... 26.0 seconds remaining.,[]
2025-06-30 22:19:15,False,0,[],|,False,0,[],|,False,0,|,True,15,"['1 micro sleep: 2.0 seconds', '2 micro sleep: 2.0 seconds', '3 micro sleep: 2.0 seconds', '4 micro sleep: 3.0 seconds', '5 micro sleep: 2.0 seconds', '6 micro sleep: 3.0 seconds', '7 micro sleep: 2.0 seconds', '8 micro sleep: 3.0 seconds', '9 micro sleep: 4.0 seconds', '10 micro sleep: 3.0 seconds', '11 micro sleep: 2.0 seconds', '12 micro sleep: 2.0 seconds', '13 micro sleep: 3.0 seconds', '14 micro sleep: 2.0 seconds', '15 micro sleep: 2.0 seconds']",|,False,Counting pitches...,[],|,False,Counting yawns... 21.0 seconds remaining.,[]
2025-06-30 22:19:31,False,0,[],|,False,0,[],|,True,29,|,False,0,[],|,False,Counting pitches...,[],|,False,Counting yawns... 5.0 seconds remaining.,[]
2025-06-30 22:19:35,False,0,[],|,False,0,[],|,False,Counting flickers... 55.0 seconds remaining.,|,False,0,[],|,False,Counting pitches...,[],|,True,0,[]
2025-06-30 22:19:36,True,1,"['1 left eye rub: 2.0 seconds', '1 left eye rub: 2.0 seconds']",|,True,0,[],|,False,Counting flickers... 55.0 seconds remaining.,|,False,0,[],|,False,Counting pitches...,[],|,False,Counting yawns... 179.0 seconds remaining.,[]
2025-06-30 22:19:43,False,0,[],|,False,0,[],|,False,Counting flickers... 48.0 seconds remaining.,|,False,0,[],|,True,31,"['1 pitch: 4.0 seconds', '2 pitch: 5.0 seconds', '3 pitch: 6.0 seconds', '4 pitch: 3.0 seconds', '5 pitch: 11.0 seconds', '6 pitch: 5.0 seconds', '7 pitch: 12.0 seconds', '8 pitch: 12.0 seconds', '9 pitch: 4.0 seconds', '10 pitch: 3.0 seconds', '11 pitch: 4.0 seconds', '12 pitch: 3.0 seconds', '13 pitch: 5.0 seconds', '14 pitch: 13.0 seconds', '15 pitch: 4.0 seconds', '16 pitch: 6.0 seconds', '17 pitch: 5.0 seconds', '18 pitch: 10.0 seconds', '19 pitch: 13.0 seconds', '20 pitch: 4.0 seconds', '21 pitch: 10.0 seconds', '22 pitch: 3.0 seconds', '23 pitch: 4.0 seconds', '24 pitch: 8.0 seconds', '25 pitch: 3.0 seconds', '26 pitch: 5.0 seconds', '27 pitch: 3.0 seconds', '28 pitch: 16.0 seconds', '29 pitch: 27.0 seconds', '30 pitch: 6.0 seconds', '31 pitch: 9.0 seconds']",|,False,Counting yawns... 172.0 seconds remaining.,[]
2025-06-30 22:19:58,False,0,[],|,False,0,[],|,False,Counting flickers... 33.0 seconds remaining.,|,False,0,[],|,True,32,"['1 pitch: 4.0 seconds', '2 pitch: 5.0 seconds', '3 pitch: 6.0 seconds', '4 pitch: 3.0 seconds', '5 pitch: 11.0 seconds', '6 pitch: 5.0 seconds', '7 pitch: 12.0 seconds', '8 pitch: 12.0 seconds', '9 pitch: 4.0 seconds', '10 pitch: 3.0 seconds', '11 pitch: 4.0 seconds', '12 pitch: 3.0 seconds', '13 pitch: 5.0 seconds', '14 pitch: 13.0 seconds', '15 pitch: 4.0 seconds', '16 pitch: 6.0 seconds', '17 pitch: 5.0 seconds', '18 pitch: 10.0 seconds', '19 pitch: 13.0 seconds', '20 pitch: 4.0 seconds', '21 pitch: 10.0 seconds', '22 pitch: 3.0 seconds', '23 pitch: 4.0 seconds', '24 pitch: 8.0 seconds', '25 pitch: 3.0 seconds', '26 pitch: 5.0 seconds', '27 pitch: 3.0 seconds', '28 pitch: 16.0 seconds', '29 pitch: 27.0 seconds', '30 pitch: 6.0 seconds', '31 pitch: 9.0 seconds', '32 pitch: 3.0 seconds']",|,False,Counting yawns... 157.0 seconds remaining.,[]
2025-06-30 22:20:04,False,0,[],|,False,0,[],|,False,Counting flickers... 27.0 seconds remaining.,|,False,0,[],|,True,33,"['1 pitch: 4.0 seconds', '2 pitch: 5.0 seconds', '3 pitch: 6.0 seconds', '4 pitch: 3.0 seconds', '5 pitch: 11.0 seconds', '6 pitch: 5.0 seconds', '7 pitch: 12.0 seconds', '8 pitch: 12.0 seconds', '9 pitch: 4.0 seconds', '10 pitch: 3.0 seconds', '11 pitch: 4.0 seconds', '12 pitch: 3.0 seconds', '13 pitch: 5.0 seconds', '14 pitch: 13.0 seconds', '15 pitch: 4.0 seconds', '16 pitch: 6.0 seconds', '17 pitch: 5.0 seconds', '18 pitch: 10.0 seconds', '19 pitch: 13.0 seconds', '20 pitch: 4.0 seconds', '21 pitch: 10.0 seconds', '22 pitch: 3.0 seconds', '23 pitch: 4.0 seconds', '24 pitch: 8.0 seconds', '25 pitch: 3.0 seconds', '26 pitch: 5.0 seconds', '27 pitch: 3.0 seconds', '28 pitch: 16.0 seconds', '29 pitch: 27.0 seconds', '30 pitch: 6.0 seconds', '31 pitch: 9.0 seconds', '32 pitch: 3.0 seconds', '33 pitch: 4.0 seconds']",|,False,Counting yawns... 152.0 seconds remaining.,[]
2025-06-30 22:20:26,False,0,[],|,False,0,[],|,False,Counting flickers... 5.0 seconds remaining.,|,False,0,[],|,True,34,"['1 pitch: 4.0 seconds', '2 pitch: 5.0 seconds', '3 pitch: 6.0 seconds', '4 pitch: 3.0 seconds', '5 pitch: 11.0 seconds', '6 pitch: 5.0 seconds', '7 pitch: 12.0 seconds', '8 pitch: 12.0 seconds', '9 pitch: 4.0 seconds', '10 pitch: 3.0 seconds', '11 pitch: 4.0 seconds', '12 pitch: 3.0 seconds', '13 pitch: 5.0 seconds', '14 pitch: 13.0 seconds', '15 pitch: 4.0 seconds', '16 pitch: 6.0 seconds', '17 pitch: 5.0 seconds', '18 pitch: 10.0 seconds', '19 pitch: 13.0 seconds', '20 pitch: 4.0 seconds', '21 pitch: 10.0 seconds', '22 pitch: 3.0 seconds', '23 pitch: 4.0 seconds', '24 pitch: 8.0 seconds', '25 pitch: 3.0 seconds', '26 pitch: 5.0 seconds', '27 pitch: 3.0 seconds', '28 pitch: 16.0 seconds', '29 pitch: 27.0 seconds', '30 pitch: 6.0 seconds', '31 pitch: 9.0 seconds', '32 pitch: 3.0 seconds', '33 pitch: 4.0 seconds', '34 pitch: 22.0 seconds']",|,False,Counting yawns... 129.0 seconds remaining.,[]
2025-06-30 22:20:30,False,0,[],|,False,0,[],|,True,29,|,False,0,[],|,False,Counting pitches...,[],|,False,Counting yawns... 125.0 seconds remaining.,[]
2025-06-30 22:20:39,False,0,[],|,False,0,[],|,False,Counting flickers... 52.0 seconds remaining.,|,False,0,[],|,True,35,"['1 pitch: 4.0 seconds', '2 pitch: 5.0 seconds', '3 pitch: 6.0 seconds', '4 pitch: 3.0 seconds', '5 pitch: 11.0 seconds', '6 pitch: 5.0 seconds', '7 pitch: 12.0 seconds', '8 pitch: 12.0 seconds', '9 pitch: 4.0 seconds', '10 pitch: 3.0 seconds', '11 pitch: 4.0 seconds', '12 pitch: 3.0 seconds', '13 pitch: 5.0 seconds', '14 pitch: 13.0 seconds', '15 pitch: 4.0 seconds', '16 pitch: 6.0 seconds', '17 pitch: 5.0 seconds', '18 pitch: 10.0 seconds', '19 pitch: 13.0 seconds', '20 pitch: 4.0 seconds', '21 pitch: 10.0 seconds', '22 pitch: 3.0 seconds', '23 pitch: 4.0 seconds', '24 pitch: 8.0 seconds', '25 pitch: 3.0 seconds', '26 pitch: 5.0 seconds', '27 pitch: 3.0 seconds', '28 pitch: 16.0 seconds', '29 pitch: 27.0 seconds', '30 pitch: 6.0 seconds', '31 pitch: 9.0 seconds', '32 pitch: 3.0 seconds', '33 pitch: 4.0 seconds', '34 pitch: 22.0 seconds', '35 pitch: 3.0 seconds']",|,False,Counting yawns... 117.0 seconds remaining.,[]
2025-06-30 22:21:25,False,0,[],|,False,0,[],|,False,Counting flickers... 5.0 seconds remaining.,|,False,0,[],|,True,36,"['1 pitch: 4.0 seconds', '2 pitch: 5.0 seconds', '3 pitch: 6.0 seconds', '4 pitch: 3.0 seconds', '5 pitch: 11.0 seconds', '6 pitch: 5.0 seconds', '7 pitch: 12.0 seconds', '8 pitch: 12.0 seconds', '9 pitch: 4.0 seconds', '10 pitch: 3.0 seconds', '11 pitch: 4.0 seconds', '12 pitch: 3.0 seconds', '13 pitch: 5.0 seconds', '14 pitch: 13.0 seconds', '15 pitch: 4.0 seconds', '16 pitch: 6.0 seconds', '17 pitch: 5.0 seconds', '18 pitch: 10.0 seconds', '19 pitch: 13.0 seconds', '20 pitch: 4.0 seconds', '21 pitch: 10.0 seconds', '22 pitch: 3.0 seconds', '23 pitch: 4.0 seconds', '24 pitch: 8.0 seconds', '25 pitch: 3.0 seconds', '26 pitch: 5.0 seconds', '27 pitch: 3.0 seconds', '28 pitch: 16.0 seconds', '29 pitch: 27.0 seconds', '30 pitch: 6.0 seconds', '31 pitch: 9.0 seconds', '32 pitch: 3.0 seconds', '33 pitch: 4.0 seconds', '34 pitch: 22.0 seconds', '35 pitch: 3.0 seconds', '36 pitch: 9.0 seconds']",|,False,Counting yawns... 70.0 seconds remaining.,[]
2025-06-30 22:21:30,False,0,[],|,False,0,[],|,True,31,|,False,0,[],|,False,Counting pitches...,[],|,False,Counting yawns... 65.0 seconds remaining.,[]
2025-06-30 22:22:18,False,0,[],|,False,0,[],|,False,Counting flickers... 11.0 seconds remaining.,|,False,0,[],|,True,37,"['1 pitch: 4.0 seconds', '2 pitch: 5.0 seconds', '3 pitch: 6.0 seconds', '4 pitch: 3.0 seconds', '5 pitch: 11.0 seconds', '6 pitch: 5.0 seconds', '7 pitch: 12.0 seconds', '8 pitch: 12.0 seconds', '9 pitch: 4.0 seconds', '10 pitch: 3.0 seconds', '11 pitch: 4.0 seconds', '12 pitch: 3.0 seconds', '13 pitch: 5.0 seconds', '14 pitch: 13.0 seconds', '15 pitch: 4.0 seconds', '16 pitch: 6.0 seconds', '17 pitch: 5.0 seconds', '18 pitch: 10.0 seconds', '19 pitch: 13.0 seconds', '20 pitch: 4.0 seconds', '21 pitch: 10.0 seconds', '22 pitch: 3.0 seconds', '23 pitch: 4.0 seconds', '24 pitch: 8.0 seconds', '25 pitch: 3.0 seconds', '26 pitch: 5.0 seconds', '27 pitch: 3.0 seconds', '28 pitch: 16.0 seconds', '29 pitch: 27.0 seconds', '30 pitch: 6.0 seconds', '31 pitch: 9.0 seconds', '32 pitch: 3.0 seconds', '33 pitch: 4.0 seconds', '34 pitch: 22.0 seconds', '35 pitch: 3.0 seconds', '36 pitch: 9.0 seconds', '37 pitch: 7.0 seconds']",|,False,Counting yawns... 17.0 seconds remaining.,[]
2025-06-30 22:22:29,False,0,[],|,False,0,[],|,True,34,|,False,0,[],|,False,Counting pitches...,[],|,False,Counting yawns... 6.0 seconds remaining.,[]
2025-06-30 22:22:35,False,0,[],|,False,0,[],|,False,Counting flickers... 55.0 seconds remaining.,|,False,0,[],|,False,Counting pitches...,[],|,True,0,[]
2025-06-30 22:22:59,False,0,[],|,False,0,[],|,False,Counting flickers... 30.0 seconds remaining.,|,False,0,[],|,True,38,"['1 pitch: 4.0 seconds', '2 pitch: 5.0 seconds', '3 pitch: 6.0 seconds', '4 pitch: 3.0 seconds', '5 pitch: 11.0 seconds', '6 pitch: 5.0 seconds', '7 pitch: 12.0 seconds', '8 pitch: 12.0 seconds', '9 pitch: 4.0 seconds', '10 pitch: 3.0 seconds', '11 pitch: 4.0 seconds', '12 pitch: 3.0 seconds', '13 pitch: 5.0 seconds', '14 pitch: 13.0 seconds', '15 pitch: 4.0 seconds', '16 pitch: 6.0 seconds', '17 pitch: 5.0 seconds', '18 pitch: 10.0 seconds', '19 pitch: 13.0 seconds', '20 pitch: 4.0 seconds', '21 pitch: 10.0 seconds', '22 pitch: 3.0 seconds', '23 pitch: 4.0 seconds', '24 pitch: 8.0 seconds', '25 pitch: 3.0 seconds', '26 pitch: 5.0 seconds', '27 pitch: 3.0 seconds', '28 pitch: 16.0 seconds', '29 pitch: 27.0 seconds', '30 pitch: 6.0 seconds', '31 pitch: 9.0 seconds', '32 pitch: 3.0 seconds', '33 pitch: 4.0 seconds', '34 pitch: 22.0 seconds', '35 pitch: 3.0 seconds', '36 pitch: 9.0 seconds', '37 pitch: 7.0 seconds', '38 pitch: 5.0 seconds']",|,False,Counting yawns... 156.0 seconds remaining.,[]
2025-06-30 22:23:29,False,0,[],|,False,0,[],|,True,31,|,False,0,[],|,False,Counting pitches...,[],|,False,Counting yawns... 126.0 seconds remaining.,[]
2025-06-30 22:23:59,False,0,[],|,False,0,[],|,False,0,|,True,16,"['1 micro sleep: 2.0 seconds', '2 micro sleep: 2.0 seconds', '3 micro sleep: 2.0 seconds', '4 micro sleep: 3.0 seconds', '5 micro sleep: 2.0 seconds', '6 micro sleep: 3.0 seconds', '7 micro sleep: 2.0 seconds', '8 micro sleep: 3.0 seconds', '9 micro sleep: 4.0 seconds', '10 micro sleep: 3.0 seconds', '11 micro sleep: 2.0 seconds', '12 micro sleep: 2.0 seconds', '13 micro sleep: 3.0 seconds', '14 micro sleep: 2.0 seconds', '15 micro sleep: 2.0 seconds', '16 micro sleep: 2.0 seconds']",|,False,Counting pitches...,[],|,False,Counting yawns... 96.0 seconds remaining.,[]
2025-06-30 22:24:18,False,0,[],|,False,0,[],|,False,Counting flickers... 11.0 seconds remaining.,|,False,0,[],|,True,39,"['1 pitch: 4.0 seconds', '2 pitch: 5.0 seconds', '3 pitch: 6.0 seconds', '4 pitch: 3.0 seconds', '5 pitch: 11.0 seconds', '6 pitch: 5.0 seconds', '7 pitch: 12.0 seconds', '8 pitch: 12.0 seconds', '9 pitch: 4.0 seconds', '10 pitch: 3.0 seconds', '11 pitch: 4.0 seconds', '12 pitch: 3.0 seconds', '13 pitch: 5.0 seconds', '14 pitch: 13.0 seconds', '15 pitch: 4.0 seconds', '16 pitch: 6.0 seconds', '17 pitch: 5.0 seconds', '18 pitch: 10.0 seconds', '19 pitch: 13.0 seconds', '20 pitch: 4.0 seconds', '21 pitch: 10.0 seconds', '22 pitch: 3.0 seconds', '23 pitch: 4.0 seconds', '24 pitch: 8.0 seconds', '25 pitch: 3.0 seconds', '26 pitch: 5.0 seconds', '27 pitch: 3.0 seconds', '28 pitch: 16.0 seconds', '29 pitch: 27.0 seconds', '30 pitch: 6.0 seconds', '31 pitch: 9.0 seconds', '32 pitch: 3.0 seconds', '33 pitch: 4.0 seconds', '34 pitch: 22.0 seconds', '35 pitch: 3.0 seconds', '36 pitch: 9.0 seconds', '37 pitch: 7.0 seconds', '38 pitch: 5.0 seconds', '39 pitch: 5.0 seconds']",|,False,Counting yawns... 77.0 seconds remaining.,[]
2025-06-30 22:24:29,False,0,[],|,False,0,[],|,True,34,|,False,0,[],|,False,Counting pitches...,[],|,False,Counting yawns... 66.0 seconds remaining.,[]
2025-06-30 22:24:32,False,0,[],|,False,0,[],|,False,Counting flickers... 56.0 seconds remaining.,|,False,0,[],|,True,40,"['1 pitch: 4.0 seconds', '2 pitch: 5.0 seconds', '3 pitch: 6.0 seconds', '4 pitch: 3.0 seconds', '5 pitch: 11.0 seconds', '6 pitch: 5.0 seconds', '7 pitch: 12.0 seconds', '8 pitch: 12.0 seconds', '9 pitch: 4.0 seconds', '10 pitch: 3.0 seconds', '11 pitch: 4.0 seconds', '12 pitch: 3.0 seconds', '13 pitch: 5.0 seconds', '14 pitch: 13.0 seconds', '15 pitch: 4.0 seconds', '16 pitch: 6.0 seconds', '17 pitch: 5.0 seconds', '18 pitch: 10.0 seconds', '19 pitch: 13.0 seconds', '20 pitch: 4.0 seconds', '21 pitch: 10.0 seconds', '22 pitch: 3.0 seconds', '23 pitch: 4.0 seconds', '24 pitch: 8.0 seconds', '25 pitch: 3.0 seconds', '26 pitch: 5.0 seconds', '27 pitch: 3.0 seconds', '28 pitch: 16.0 seconds', '29 pitch: 27.0 seconds', '30 pitch: 6.0 seconds', '31 pitch: 9.0 seconds', '32 pitch: 3.0 seconds', '33 pitch: 4.0 seconds', '34 pitch: 22.0 seconds', '35 pitch: 3.0 seconds', '36 pitch: 9.0 seconds', '37 pitch: 7.0 seconds', '38 pitch: 5.0 seconds', '39 pitch: 5.0 seconds', '40 pitch: 3.0 seconds']",|,False,Counting yawns... 63.0 seconds remaining.,[]
2025-06-30 22:24:36,True,0,"['1 left eye rub: 2.0 seconds', '1 left eye rub: 2.0 seconds']",|,True,0,[],|,False,Counting flickers... 53.0 seconds remaining.,|,False,0,[],|,False,Counting pitches...,[],|,False,Counting yawns... 59.0 seconds remaining.,[]
2025-06-30 22:24:54,False,0,[],|,False,0,[],|,False,Counting flickers... 34.0 seconds remaining.,|,False,0,[],|,True,41,"['1 pitch: 4.0 seconds', '2 pitch: 5.0 seconds', '3 pitch: 6.0 seconds', '4 pitch: 3.0 seconds', '5 pitch: 11.0 seconds', '6 pitch: 5.0 seconds', '7 pitch: 12.0 seconds', '8 pitch: 12.0 seconds', '9 pitch: 4.0 seconds', '10 pitch: 3.0 seconds', '11 pitch: 4.0 seconds', '12 pitch: 3.0 seconds', '13 pitch: 5.0 seconds', '14 pitch: 13.0 seconds', '15 pitch: 4.0 seconds', '16 pitch: 6.0 seconds', '17 pitch: 5.0 seconds', '18 pitch: 10.0 seconds', '19 pitch: 13.0 seconds', '20 pitch: 4.0 seconds', '21 pitch: 10.0 seconds', '22 pitch: 3.0 seconds', '23 pitch: 4.0 seconds', '24 pitch: 8.0 seconds', '25 pitch: 3.0 seconds', '26 pitch: 5.0 seconds', '27 pitch: 3.0 seconds', '28 pitch: 16.0 seconds', '29 pitch: 27.0 seconds', '30 pitch: 6.0 seconds', '31 pitch: 9.0 seconds', '32 pitch: 3.0 seconds', '33 pitch: 4.0 seconds', '34 pitch: 22.0 seconds', '35 pitch: 3.0 seconds', '36 pitch: 9.0 seconds', '37 pitch: 7.0 seconds', '38 pitch: 5.0 seconds', '39 pitch: 5.0 seconds', '40 pitch: 3.0 seconds', '41 pitch: 4.0 seconds']",|,False,Counting yawns... 40.0 seconds remaining.,[]
2025-06-30 22:25:05,False,0,[],|,False,0,[],|,False,Counting flickers... 24.0 seconds remaining.,|,False,0,[],|,True,42,"['1 pitch: 4.0 seconds', '2 pitch: 5.0 seconds', '3 pitch: 6.0 seconds', '4 pitch: 3.0 seconds', '5 pitch: 11.0 seconds', '6 pitch: 5.0 seconds', '7 pitch: 12.0 seconds', '8 pitch: 12.0 seconds', '9 pitch: 4.0 seconds', '10 pitch: 3.0 seconds', '11 pitch: 4.0 seconds', '12 pitch: 3.0 seconds', '13 pitch: 5.0 seconds', '14 pitch: 13.0 seconds', '15 pitch: 4.0 seconds', '16 pitch: 6.0 seconds', '17 pitch: 5.0 seconds', '18 pitch: 10.0 seconds', '19 pitch: 13.0 seconds', '20 pitch: 4.0 seconds', '21 pitch: 10.0 seconds', '22 pitch: 3.0 seconds', '23 pitch: 4.0 seconds', '24 pitch: 8.0 seconds', '25 pitch: 3.0 seconds', '26 pitch: 5.0 seconds', '27 pitch: 3.0 seconds', '28 pitch: 16.0 seconds', '29 pitch: 27.0 seconds', '30 pitch: 6.0 seconds', '31 pitch: 9.0 seconds', '32 pitch: 3.0 seconds', '33 pitch: 4.0 seconds', '34 pitch: 22.0 seconds', '35 pitch: 3.0 seconds', '36 pitch: 9.0 seconds', '37 pitch: 7.0 seconds', '38 pitch: 5.0 seconds', '39 pitch: 5.0 seconds', '40 pitch: 3.0 seconds', '41 pitch: 4.0 seconds', '42 pitch: 9.0 seconds']",|,False,Counting yawns... 30.0 seconds remaining.,[]
2025-06-30 22:25:28,False,0,[],|,False,0,[],|,True,34,|,False,0,[],|,False,Counting pitches...,[],|,False,Counting yawns... 7.0 seconds remaining.,[]
2025-06-30 22:25:34,False,0,[],|,False,0,[],|,False,Counting flickers... 54.0 seconds remaining.,|,False,0,[],|,False,Counting pitches...,[],|,True,0,[]
2025-06-30 22:26:28,False,0,[],|,False,0,[],|,True,16,|,False,0,[],|,False,Counting pitches...,[],|,False,Counting yawns... 127.0 seconds remaining.,[]
2025-06-30 22:26:52,False,0,[],|,False,0,[],|,False,0,|,True,17,"['1 micro sleep: 2.0 seconds', '2 micro sleep: 2.0 seconds', '3 micro sleep: 2.0 seconds', '4 micro sleep: 3.0 seconds', '5 micro sleep: 2.0 seconds', '6 micro sleep: 3.0 seconds', '7 micro sleep: 2.0 seconds', '8 micro sleep: 3.0 seconds', '9 micro sleep: 4.0 seconds', '10 micro sleep: 3.0 seconds', '11 micro sleep: 2.0 seconds', '12 micro sleep: 2.0 seconds', '13 micro sleep: 3.0 seconds', '14 micro sleep: 2.0 seconds', '15 micro sleep: 2.0 seconds', '16 micro sleep: 2.0 seconds', '17 micro sleep: 2.0 seconds']",|,False,Counting pitches...,[],|,False,Counting yawns... 102.0 seconds remaining.,[]
2025-06-30 22:27:27,False,0,[],|,False,0,[],|,True,28,|,False,0,[],|,False,Counting pitches...,[],|,False,Counting yawns... 67.0 seconds remaining.,[]
2025-06-30 22:28:27,False,0,[],|,False,0,[],|,True,19,|,False,0,[],|,False,Counting pitches...,[],|,False,Counting yawns... 8.0 seconds remaining.,[]
2025-06-30 22:28:34,False,0,[],|,False,0,[],|,False,Counting flickers... 53.0 seconds remaining.,|,False,0,[],|,False,Counting pitches...,[],|,True,0,[]
2025-06-30 22:28:39,False,0,[],|,False,0,[],|,False,Counting flickers... 48.0 seconds remaining.,|,False,0,[],|,True,43,"['1 pitch: 4.0 seconds', '2 pitch: 5.0 seconds', '3 pitch: 6.0 seconds', '4 pitch: 3.0 seconds', '5 pitch: 11.0 seconds', '6 pitch: 5.0 seconds', '7 pitch: 12.0 seconds', '8 pitch: 12.0 seconds', '9 pitch: 4.0 seconds', '10 pitch: 3.0 seconds', '11 pitch: 4.0 seconds', '12 pitch: 3.0 seconds', '13 pitch: 5.0 seconds', '14 pitch: 13.0 seconds', '15 pitch: 4.0 seconds', '16 pitch: 6.0 seconds', '17 pitch: 5.0 seconds', '18 pitch: 10.0 seconds', '19 pitch: 13.0 seconds', '20 pitch: 4.0 seconds', '21 pitch: 10.0 seconds', '22 pitch: 3.0 seconds', '23 pitch: 4.0 seconds', '24 pitch: 8.0 seconds', '25 pitch: 3.0 seconds', '26 pitch: 5.0 seconds', '27 pitch: 3.0 seconds', '28 pitch: 16.0 seconds', '29 pitch: 27.0 seconds', '30 pitch: 6.0 seconds', '31 pitch: 9.0 seconds', '32 pitch: 3.0 seconds', '33 pitch: 4.0 seconds', '34 pitch: 22.0 seconds', '35 pitch: 3.0 seconds', '36 pitch: 9.0 seconds', '37 pitch: 7.0 seconds', '38 pitch: 5.0 seconds', '39 pitch: 5.0 seconds', '40 pitch: 3.0 seconds', '41 pitch: 4.0 seconds', '42 pitch: 9.0 seconds', '43 pitch: 4.0 seconds']",|,False,Counting yawns... 175.0 seconds remaining.,[]
2025-06-30 22:29:10,False,0,[],|,False,0,[],|,False,Counting flickers... 17.0 seconds remaining.,|,False,0,[],|,True,44,"['1 pitch: 4.0 seconds', '2 pitch: 5.0 seconds', '3 pitch: 6.0 seconds', '4 pitch: 3.0 seconds', '5 pitch: 11.0 seconds', '6 pitch: 5.0 seconds', '7 pitch: 12.0 seconds', '8 pitch: 12.0 seconds', '9 pitch: 4.0 seconds', '10 pitch: 3.0 seconds', '11 pitch: 4.0 seconds', '12 pitch: 3.0 seconds', '13 pitch: 5.0 seconds', '14 pitch: 13.0 seconds', '15 pitch: 4.0 seconds', '16 pitch: 6.0 seconds', '17 pitch: 5.0 seconds', '18 pitch: 10.0 seconds', '19 pitch: 13.0 seconds', '20 pitch: 4.0 seconds', '21 pitch: 10.0 seconds', '22 pitch: 3.0 seconds', '23 pitch: 4.0 seconds', '24 pitch: 8.0 seconds', '25 pitch: 3.0 seconds', '26 pitch: 5.0 seconds', '27 pitch: 3.0 seconds', '28 pitch: 16.0 seconds', '29 pitch: 27.0 seconds', '30 pitch: 6.0 seconds', '31 pitch: 9.0 seconds', '32 pitch: 3.0 seconds', '33 pitch: 4.0 seconds', '34 pitch: 22.0 seconds', '35 pitch: 3.0 seconds', '36 pitch: 9.0 seconds', '37 pitch: 7.0 seconds', '38 pitch: 5.0 seconds', '39 pitch: 5.0 seconds', '40 pitch: 3.0 seconds', '41 pitch: 4.0 seconds', '42 pitch: 9.0 seconds', '43 pitch: 4.0 seconds', '44 pitch: 22.0 seconds']",|,False,Counting yawns... 144.0 seconds remaining.,[]
2025-06-30 22:29:26,False,0,[],|,False,0,[],|,False,Counting flickers... 1.0 seconds remaining.,|,False,0,[],|,True,45,"['1 pitch: 4.0 seconds', '2 pitch: 5.0 seconds', '3 pitch: 6.0 seconds', '4 pitch: 3.0 seconds', '5 pitch: 11.0 seconds', '6 pitch: 5.0 seconds', '7 pitch: 12.0 seconds', '8 pitch: 12.0 seconds', '9 pitch: 4.0 seconds', '10 pitch: 3.0 seconds', '11 pitch: 4.0 seconds', '12 pitch: 3.0 seconds', '13 pitch: 5.0 seconds', '14 pitch: 13.0 seconds', '15 pitch: 4.0 seconds', '16 pitch: 6.0 seconds', '17 pitch: 5.0 seconds', '18 pitch: 10.0 seconds', '19 pitch: 13.0 seconds', '20 pitch: 4.0 seconds', '21 pitch: 10.0 seconds', '22 pitch: 3.0 seconds', '23 pitch: 4.0 seconds', '24 pitch: 8.0 seconds', '25 pitch: 3.0 seconds', '26 pitch: 5.0 seconds', '27 pitch: 3.0 seconds', '28 pitch: 16.0 seconds', '29 pitch: 27.0 seconds', '30 pitch: 6.0 seconds', '31 pitch: 9.0 seconds', '32 pitch: 3.0 seconds', '33 pitch: 4.0 seconds', '34 pitch: 22.0 seconds', '35 pitch: 3.0 seconds', '36 pitch: 9.0 seconds', '37 pitch: 7.0 seconds', '38 pitch: 5.0 seconds', '39 pitch: 5.0 seconds', '40 pitch: 3.0 seconds', '41 pitch: 4.0 seconds', '42 pitch: 9.0 seconds', '43 pitch: 4.0 seconds', '44 pitch: 22.0 seconds', '45 pitch: 7.0 seconds']",|,False,Counting yawns... 128.0 seconds remaining.,[]
2025-06-30 22:29:26,False,0,[],|,False,0,[],|,True,37,|,False,0,[],|,False,Counting pitches...,[],|,False,Counting yawns... 128.0 seconds remaining.,[]
2025-06-30 22:29:35,True,4,"['1 right eye rub: 2.0 seconds', '2 right eye rub: 2.0 seconds', '3 right eye rub: 2.0 seconds', '1 left eye rub: 2.0 seconds', '1 left eye rub: 2.0 seconds', '1 left eye rub: 3.0 seconds']",|,True,0,[],|,False,Counting flickers... 51.0 seconds remaining.,|,False,0,[],|,False,Counting pitches...,[],|,False,Counting yawns... 119.0 seconds remaining.,[]
2025-06-30 22:29:35,False,0,[],|,False,0,[],|,False,Counting flickers... 51.0 seconds remaining.,|,False,0,[],|,True,46,"['1 pitch: 4.0 seconds', '2 pitch: 5.0 seconds', '3 pitch: 6.0 seconds', '4 pitch: 3.0 seconds', '5 pitch: 11.0 seconds', '6 pitch: 5.0 seconds', '7 pitch: 12.0 seconds', '8 pitch: 12.0 seconds', '9 pitch: 4.0 seconds', '10 pitch: 3.0 seconds', '11 pitch: 4.0 seconds', '12 pitch: 3.0 seconds', '13 pitch: 5.0 seconds', '14 pitch: 13.0 seconds', '15 pitch: 4.0 seconds', '16 pitch: 6.0 seconds', '17 pitch: 5.0 seconds', '18 pitch: 10.0 seconds', '19 pitch: 13.0 seconds', '20 pitch: 4.0 seconds', '21 pitch: 10.0 seconds', '22 pitch: 3.0 seconds', '23 pitch: 4.0 seconds', '24 pitch: 8.0 seconds', '25 pitch: 3.0 seconds', '26 pitch: 5.0 seconds', '27 pitch: 3.0 seconds', '28 pitch: 16.0 seconds', '29 pitch: 27.0 seconds', '30 pitch: 6.0 seconds', '31 pitch: 9.0 seconds', '32 pitch: 3.0 seconds', '33 pitch: 4.0 seconds', '34 pitch: 22.0 seconds', '35 pitch: 3.0 seconds', '36 pitch: 9.0 seconds', '37 pitch: 7.0 seconds', '38 pitch: 5.0 seconds', '39 pitch: 5.0 seconds', '40 pitch: 3.0 seconds', '41 pitch: 4.0 seconds', '42 pitch: 9.0 seconds', '43 pitch: 4.0 seconds', '44 pitch: 22.0 seconds', '45 pitch: 7.0 seconds', '46 pitch: 9.0 seconds']",|,False,Counting yawns... 119.0 seconds remaining.,[]
2025-06-30 22:29:45,False,0,[],|,False,0,[],|,False,Counting flickers... 41.0 seconds remaining.,|,False,0,[],|,True,47,"['1 pitch: 4.0 seconds', '2 pitch: 5.0 seconds', '3 pitch: 6.0 seconds', '4 pitch: 3.0 seconds', '5 pitch: 11.0 seconds', '6 pitch: 5.0 seconds', '7 pitch: 12.0 seconds', '8 pitch: 12.0 seconds', '9 pitch: 4.0 seconds', '10 pitch: 3.0 seconds', '11 pitch: 4.0 seconds', '12 pitch: 3.0 seconds', '13 pitch: 5.0 seconds', '14 pitch: 13.0 seconds', '15 pitch: 4.0 seconds', '16 pitch: 6.0 seconds', '17 pitch: 5.0 seconds', '18 pitch: 10.0 seconds', '19 pitch: 13.0 seconds', '20 pitch: 4.0 seconds', '21 pitch: 10.0 seconds', '22 pitch: 3.0 seconds', '23 pitch: 4.0 seconds', '24 pitch: 8.0 seconds', '25 pitch: 3.0 seconds', '26 pitch: 5.0 seconds', '27 pitch: 3.0 seconds', '28 pitch: 16.0 seconds', '29 pitch: 27.0 seconds', '30 pitch: 6.0 seconds', '31 pitch: 9.0 seconds', '32 pitch: 3.0 seconds', '33 pitch: 4.0 seconds', '34 pitch: 22.0 seconds', '35 pitch: 3.0 seconds', '36 pitch: 9.0 seconds', '37 pitch: 7.0 seconds', '38 pitch: 5.0 seconds', '39 pitch: 5.0 seconds', '40 pitch: 3.0 seconds', '41 pitch: 4.0 seconds', '42 pitch: 9.0 seconds', '43 pitch: 4.0 seconds', '44 pitch: 22.0 seconds', '45 pitch: 7.0 seconds', '46 pitch: 9.0 seconds', '47 pitch: 10.0 seconds']",|,False,Counting yawns... 109.0 seconds remaining.,[]
2025-06-30 22:30:00,False,0,[],|,False,0,[],|,False,Counting flickers... 26.0 seconds remaining.,|,False,0,[],|,True,48,"['1 pitch: 4.0 seconds', '2 pitch: 5.0 seconds', '3 pitch: 6.0 seconds', '4 pitch: 3.0 seconds', '5 pitch: 11.0 seconds', '6 pitch: 5.0 seconds', '7 pitch: 12.0 seconds', '8 pitch: 12.0 seconds', '9 pitch: 4.0 seconds', '10 pitch: 3.0 seconds', '11 pitch: 4.0 seconds', '12 pitch: 3.0 seconds', '13 pitch: 5.0 seconds', '14 pitch: 13.0 seconds', '15 pitch: 4.0 seconds', '16 pitch: 6.0 seconds', '17 pitch: 5.0 seconds', '18 pitch: 10.0 seconds', '19 pitch: 13.0 seconds', '20 pitch: 4.0 seconds', '21 pitch: 10.0 seconds', '22 pitch: 3.0 seconds', '23 pitch: 4.0 seconds', '24 pitch: 8.0 seconds', '25 pitch: 3.0 seconds', '26 pitch: 5.0 seconds', '27 pitch: 3.0 seconds', '28 pitch: 16.0 seconds', '29 pitch: 27.0 seconds', '30 pitch: 6.0 seconds', '31 pitch: 9.0 seconds', '32 pitch: 3.0 seconds', '33 pitch: 4.0 seconds', '34 pitch: 22.0 seconds', '35 pitch: 3.0 seconds', '36 pitch: 9.0 seconds', '37 pitch: 7.0 seconds', '38 pitch: 5.0 seconds', '39 pitch: 5.0 seconds', '40 pitch: 3.0 seconds', '41 pitch: 4.0 seconds', '42 pitch: 9.0 seconds', '43 pitch: 4.0 seconds', '44 pitch: 22.0 seconds', '45 pitch: 7.0 seconds', '46 pitch: 9.0 seconds', '47 pitch: 10.0 seconds', '48 pitch: 9.0 seconds']",|,False,Counting yawns... 94.0 seconds remaining.,[]
2025-06-30 22:30:00,False,0,[],|,False,0,[],|,False,0,|,True,18,"['1 micro sleep: 2.0 seconds', '2 micro sleep: 2.0 seconds', '3 micro sleep: 2.0 seconds', '4 micro sleep: 3.0 seconds', '5 micro sleep: 2.0 seconds', '6 micro sleep: 3.0 seconds', '7 micro sleep: 2.0 seconds', '8 micro sleep: 3.0 seconds', '9 micro sleep: 4.0 seconds', '10 micro sleep: 3.0 seconds', '11 micro sleep: 2.0 seconds', '12 micro sleep: 2.0 seconds', '13 micro sleep: 3.0 seconds', '14 micro sleep: 2.0 seconds', '15 micro sleep: 2.0 seconds', '16 micro sleep: 2.0 seconds', '17 micro sleep: 2.0 seconds', '18 micro sleep: 10.0 seconds']",|,False,Counting pitches...,[],|,False,Counting yawns... 94.0 seconds remaining.,[]
2025-06-30 22:30:26,False,0,[],|,False,0,[],|,True,28,|,False,0,[],|,False,Counting pitches...,[],|,False,Counting yawns... 68.0 seconds remaining.,[]
2025-06-30 22:30:35,False,0,[],|,False,0,[],|,False,Counting flickers... 51.0 seconds remaining.,|,False,0,[],|,True,49,"['1 pitch: 4.0 seconds', '2 pitch: 5.0 seconds', '3 pitch: 6.0 seconds', '4 pitch: 3.0 seconds', '5 pitch: 11.0 seconds', '6 pitch: 5.0 seconds', '7 pitch: 12.0 seconds', '8 pitch: 12.0 seconds', '9 pitch: 4.0 seconds', '10 pitch: 3.0 seconds', '11 pitch: 4.0 seconds', '12 pitch: 3.0 seconds', '13 pitch: 5.0 seconds', '14 pitch: 13.0 seconds', '15 pitch: 4.0 seconds', '16 pitch: 6.0 seconds', '17 pitch: 5.0 seconds', '18 pitch: 10.0 seconds', '19 pitch: 13.0 seconds', '20 pitch: 4.0 seconds', '21 pitch: 10.0 seconds', '22 pitch: 3.0 seconds', '23 pitch: 4.0 seconds', '24 pitch: 8.0 seconds', '25 pitch: 3.0 seconds', '26 pitch: 5.0 seconds', '27 pitch: 3.0 seconds', '28 pitch: 16.0 seconds', '29 pitch: 27.0 seconds', '30 pitch: 6.0 seconds', '31 pitch: 9.0 seconds', '32 pitch: 3.0 seconds', '33 pitch: 4.0 seconds', '34 pitch: 22.0 seconds', '35 pitch: 3.0 seconds', '36 pitch: 9.0 seconds', '37 pitch: 7.0 seconds', '38 pitch: 5.0 seconds', '39 pitch: 5.0 seconds', '40 pitch: 3.0 seconds', '41 pitch: 4.0 seconds', '42 pitch: 9.0 seconds', '43 pitch: 4.0 seconds', '44 pitch: 22.0 seconds', '45 pitch: 7.0 seconds', '46 pitch: 9.0 seconds', '47 pitch: 10.0 seconds', '48 pitch: 9.0 seconds', '49 pitch: 3.0 seconds']",|,False,Counting yawns... 59.0 seconds remaining.,[]
2025-06-30 22:30:56,False,0,[],|,False,0,[],|,False,Counting flickers... 30.0 seconds remaining.,|,False,0,[],|,True,50,"['1 pitch: 4.0 seconds', '2 pitch: 5.0 seconds', '3 pitch: 6.0 seconds', '4 pitch: 3.0 seconds', '5 pitch: 11.0 seconds', '6 pitch: 5.0 seconds', '7 pitch: 12.0 seconds', '8 pitch: 12.0 seconds', '9 pitch: 4.0 seconds', '10 pitch: 3.0 seconds', '11 pitch: 4.0 seconds', '12 pitch: 3.0 seconds', '13 pitch: 5.0 seconds', '14 pitch: 13.0 seconds', '15 pitch: 4.0 seconds', '16 pitch: 6.0 seconds', '17 pitch: 5.0 seconds', '18 pitch: 10.0 seconds', '19 pitch: 13.0 seconds', '20 pitch: 4.0 seconds', '21 pitch: 10.0 seconds', '22 pitch: 3.0 seconds', '23 pitch: 4.0 seconds', '24 pitch: 8.0 seconds', '25 pitch: 3.0 seconds', '26 pitch: 5.0 seconds', '27 pitch: 3.0 seconds', '28 pitch: 16.0 seconds', '29 pitch: 27.0 seconds', '30 pitch: 6.0 seconds', '31 pitch: 9.0 seconds', '32 pitch: 3.0 seconds', '33 pitch: 4.0 seconds', '34 pitch: 22.0 seconds', '35 pitch: 3.0 seconds', '36 pitch: 9.0 seconds', '37 pitch: 7.0 seconds', '38 pitch: 5.0 seconds', '39 pitch: 5.0 seconds', '40 pitch: 3.0 seconds', '41 pitch: 4.0 seconds', '42 pitch: 9.0 seconds', '43 pitch: 4.0 seconds', '44 pitch: 22.0 seconds', '45 pitch: 7.0 seconds', '46 pitch: 9.0 seconds', '47 pitch: 10.0 seconds', '48 pitch: 9.0 seconds', '49 pitch: 3.0 seconds', '50 pitch: 8.0 seconds']",|,False,Counting yawns... 38.0 seconds remaining.,[]
2025-06-30 22:31:25,False,0,[],|,False,0,[],|,True,19,|,False,0,[],|,False,Counting pitches...,[],|,False,Counting yawns... 9.0 seconds remaining.,[]
2025-06-30 22:31:28,False,0,[],|,False,0,[],|,False,Counting flickers... 58.0 seconds remaining.,|,False,0,[],|,True,51,"['1 pitch: 4.0 seconds', '2 pitch: 5.0 seconds', '3 pitch: 6.0 seconds', '4 pitch: 3.0 seconds', '5 pitch: 11.0 seconds', '6 pitch: 5.0 seconds', '7 pitch: 12.0 seconds', '8 pitch: 12.0 seconds', '9 pitch: 4.0 seconds', '10 pitch: 3.0 seconds', '11 pitch: 4.0 seconds', '12 pitch: 3.0 seconds', '13 pitch: 5.0 seconds', '14 pitch: 13.0 seconds', '15 pitch: 4.0 seconds', '16 pitch: 6.0 seconds', '17 pitch: 5.0 seconds', '18 pitch: 10.0 seconds', '19 pitch: 13.0 seconds', '20 pitch: 4.0 seconds', '21 pitch: 10.0 seconds', '22 pitch: 3.0 seconds', '23 pitch: 4.0 seconds', '24 pitch: 8.0 seconds', '25 pitch: 3.0 seconds', '26 pitch: 5.0 seconds', '27 pitch: 3.0 seconds', '28 pitch: 16.0 seconds', '29 pitch: 27.0 seconds', '30 pitch: 6.0 seconds', '31 pitch: 9.0 seconds', '32 pitch: 3.0 seconds', '33 pitch: 4.0 seconds', '34 pitch: 22.0 seconds', '35 pitch: 3.0 seconds', '36 pitch: 9.0 seconds', '37 pitch: 7.0 seconds', '38 pitch: 5.0 seconds', '39 pitch: 5.0 seconds', '40 pitch: 3.0 seconds', '41 pitch: 4.0 seconds', '42 pitch: 9.0 seconds', '43 pitch: 4.0 seconds', '44 pitch: 22.0 seconds', '45 pitch: 7.0 seconds', '46 pitch: 9.0 seconds', '47 pitch: 10.0 seconds', '48 pitch: 9.0 seconds', '49 pitch: 3.0 seconds', '50 pitch: 8.0 seconds', '51 pitch: 4.0 seconds']",|,False,Counting yawns... 6.0 seconds remaining.,[]
2025-06-30 22:31:38,False,0,[],|,False,0,[],|,False,0,|,True,19,"['1 micro sleep: 2.0 seconds', '2 micro sleep: 2.0 seconds', '3 micro sleep: 2.0 seconds', '4 micro sleep: 3.0 seconds', '5 micro sleep: 2.0 seconds', '6 micro sleep: 3.0 seconds', '7 micro sleep: 2.0 seconds', '8 micro sleep: 3.0 seconds', '9 micro sleep: 4.0 seconds', '10 micro sleep: 3.0 seconds', '11 micro sleep: 2.0 seconds', '12 micro sleep: 2.0 seconds', '13 micro sleep: 3.0 seconds', '14 micro sleep: 2.0 seconds', '15 micro sleep: 2.0 seconds', '16 micro sleep: 2.0 seconds', '17 micro sleep: 2.0 seconds', '18 micro sleep: 10.0 seconds', '19 micro sleep: 8.0 seconds']",|,False,Counting pitches...,[],|,True,1,['1 yawn: 5.0 seconds']
2025-06-30 22:32:31,False,0,[],|,False,0,[],|,True,3,|,False,0,[],|,False,Counting pitches...,[],|,False,Counting yawns... 127.0 seconds remaining.,[]
2025-06-30 22:32:32,False,0,[],|,False,0,[],|,False,0,|,True,20,"['1 micro sleep: 2.0 seconds', '2 micro sleep: 2.0 seconds', '3 micro sleep: 2.0 seconds', '4 micro sleep: 3.0 seconds', '5 micro sleep: 2.0 seconds', '6 micro sleep: 3.0 seconds', '7 micro sleep: 2.0 seconds', '8 micro sleep: 3.0 seconds', '9 micro sleep: 4.0 seconds', '10 micro sleep: 3.0 seconds', '11 micro sleep: 2.0 seconds', '12 micro sleep: 2.0 seconds', '13 micro sleep: 3.0 seconds', '14 micro sleep: 2.0 seconds', '15 micro sleep: 2.0 seconds', '16 micro sleep: 2.0 seconds', '17 micro sleep: 2.0 seconds', '18 micro sleep: 10.0 seconds', '19 micro sleep: 8.0 seconds', '20 micro sleep: 13.0 seconds']",|,False,Counting pitches...,[],|,False,Counting yawns... 126.0 seconds remaining.,[]
2025-06-30 22:32:53,False,0,[],|,False,0,[],|,False,Counting flickers... 38.0 seconds remaining.,|,False,0,[],|,True,52,"['1 pitch: 4.0 seconds', '2 pitch: 5.0 seconds', '3 pitch: 6.0 seconds', '4 pitch: 3.0 seconds', '5 pitch: 11.0 seconds', '6 pitch: 5.0 seconds', '7 pitch: 12.0 seconds', '8 pitch: 12.0 seconds', '9 pitch: 4.0 seconds', '10 pitch: 3.0 seconds', '11 pitch: 4.0 seconds', '12 pitch: 3.0 seconds', '13 pitch: 5.0 seconds', '14 pitch: 13.0 seconds', '15 pitch: 4.0 seconds', '16 pitch: 6.0 seconds', '17 pitch: 5.0 seconds', '18 pitch: 10.0 seconds', '19 pitch: 13.0 seconds', '20 pitch: 4.0 seconds', '21 pitch: 10.0 seconds', '22 pitch: 3.0 seconds', '23 pitch: 4.0 seconds', '24 pitch: 8.0 seconds', '25 pitch: 3.0 seconds', '26 pitch: 5.0 seconds', '27 pitch: 3.0 seconds', '28 pitch: 16.0 seconds', '29 pitch: 27.0 seconds', '30 pitch: 6.0 seconds', '31 pitch: 9.0 seconds', '32 pitch: 3.0 seconds', '33 pitch: 4.0 seconds', '34 pitch: 22.0 seconds', '35 pitch: 3.0 seconds', '36 pitch: 9.0 seconds', '37 pitch: 7.0 seconds', '38 pitch: 5.0 seconds', '39 pitch: 5.0 seconds', '40 pitch: 3.0 seconds', '41 pitch: 4.0 seconds', '42 pitch: 9.0 seconds', '43 pitch: 4.0 seconds', '44 pitch: 22.0 seconds', '45 pitch: 7.0 seconds', '46 pitch: 9.0 seconds', '47 pitch: 10.0 seconds', '48 pitch: 9.0 seconds', '49 pitch: 3.0 seconds', '50 pitch: 8.0 seconds', '51 pitch: 4.0 seconds', '52 pitch: 5.0 seconds']",|,False,Counting yawns... 105.0 seconds remaining.,[]
2025-06-30 22:33:23,False,0,[],|,False,0,[],|,False,Counting flickers... 8.0 seconds remaining.,|,False,0,[],|,True,53,"['1 pitch: 4.0 seconds', '2 pitch: 5.0 seconds', '3 pitch: 6.0 seconds', '4 pitch: 3.0 seconds', '5 pitch: 11.0 seconds', '6 pitch: 5.0 seconds', '7 pitch: 12.0 seconds', '8 pitch: 12.0 seconds', '9 pitch: 4.0 seconds', '10 pitch: 3.0 seconds', '11 pitch: 4.0 seconds', '12 pitch: 3.0 seconds', '13 pitch: 5.0 seconds', '14 pitch: 13.0 seconds', '15 pitch: 4.0 seconds', '16 pitch: 6.0 seconds', '17 pitch: 5.0 seconds', '18 pitch: 10.0 seconds', '19 pitch: 13.0 seconds', '20 pitch: 4.0 seconds', '21 pitch: 10.0 seconds', '22 pitch: 3.0 seconds', '23 pitch: 4.0 seconds', '24 pitch: 8.0 seconds', '25 pitch: 3.0 seconds', '26 pitch: 5.0 seconds', '27 pitch: 3.0 seconds', '28 pitch: 16.0 seconds', '29 pitch: 27.0 seconds', '30 pitch: 6.0 seconds', '31 pitch: 9.0 seconds', '32 pitch: 3.0 seconds', '33 pitch: 4.0 seconds', '34 pitch: 22.0 seconds', '35 pitch: 3.0 seconds', '36 pitch: 9.0 seconds', '37 pitch: 7.0 seconds', '38 pitch: 5.0 seconds', '39 pitch: 5.0 seconds', '40 pitch: 3.0 seconds', '41 pitch: 4.0 seconds', '42 pitch: 9.0 seconds', '43 pitch: 4.0 seconds', '44 pitch: 22.0 seconds', '45 pitch: 7.0 seconds', '46 pitch: 9.0 seconds', '47 pitch: 10.0 seconds', '48 pitch: 9.0 seconds', '49 pitch: 3.0 seconds', '50 pitch: 8.0 seconds', '51 pitch: 4.0 seconds', '52 pitch: 5.0 seconds', '53 pitch: 20.0 seconds']",|,False,Counting yawns... 75.0 seconds remaining.,[]
2025-06-30 22:33:31,False,0,[],|,False,0,[],|,True,37,|,False,0,[],|,False,Counting pitches...,[],|,False,Counting yawns... 67.0 seconds remaining.,[]
2025-06-30 22:34:15,False,0,[],|,False,0,[],|,False,Counting flickers... 16.0 seconds remaining.,|,False,0,[],|,True,54,"['1 pitch: 4.0 seconds', '2 pitch: 5.0 seconds', '3 pitch: 6.0 seconds', '4 pitch: 3.0 seconds', '5 pitch: 11.0 seconds', '6 pitch: 5.0 seconds', '7 pitch: 12.0 seconds', '8 pitch: 12.0 seconds', '9 pitch: 4.0 seconds', '10 pitch: 3.0 seconds', '11 pitch: 4.0 seconds', '12 pitch: 3.0 seconds', '13 pitch: 5.0 seconds', '14 pitch: 13.0 seconds', '15 pitch: 4.0 seconds', '16 pitch: 6.0 seconds', '17 pitch: 5.0 seconds', '18 pitch: 10.0 seconds', '19 pitch: 13.0 seconds', '20 pitch: 4.0 seconds', '21 pitch: 10.0 seconds', '22 pitch: 3.0 seconds', '23 pitch: 4.0 seconds', '24 pitch: 8.0 seconds', '25 pitch: 3.0 seconds', '26 pitch: 5.0 seconds', '27 pitch: 3.0 seconds', '28 pitch: 16.0 seconds', '29 pitch: 27.0 seconds', '30 pitch: 6.0 seconds', '31 pitch: 9.0 seconds', '32 pitch: 3.0 seconds', '33 pitch: 4.0 seconds', '34 pitch: 22.0 seconds', '35 pitch: 3.0 seconds', '36 pitch: 9.0 seconds', '37 pitch: 7.0 seconds', '38 pitch: 5.0 seconds', '39 pitch: 5.0 seconds', '40 pitch: 3.0 seconds', '41 pitch: 4.0 seconds', '42 pitch: 9.0 seconds', '43 pitch: 4.0 seconds', '44 pitch: 22.0 seconds', '45 pitch: 7.0 seconds', '46 pitch: 9.0 seconds', '47 pitch: 10.0 seconds', '48 pitch: 9.0 seconds', '49 pitch: 3.0 seconds', '50 pitch: 8.0 seconds', '51 pitch: 4.0 seconds', '52 pitch: 5.0 seconds', '53 pitch: 20.0 seconds', '54 pitch: 5.0 seconds']",|,False,Counting yawns... 23.0 seconds remaining.,[]
2025-06-30 22:34:19,False,0,[],|,False,0,[],|,False,Counting flickers... 11.0 seconds remaining.,|,False,0,[],|,True,55,"['1 pitch: 4.0 seconds', '2 pitch: 5.0 seconds', '3 pitch: 6.0 seconds', '4 pitch: 3.0 seconds', '5 pitch: 11.0 seconds', '6 pitch: 5.0 seconds', '7 pitch: 12.0 seconds', '8 pitch: 12.0 seconds', '9 pitch: 4.0 seconds', '10 pitch: 3.0 seconds', '11 pitch: 4.0 seconds', '12 pitch: 3.0 seconds', '13 pitch: 5.0 seconds', '14 pitch: 13.0 seconds', '15 pitch: 4.0 seconds', '16 pitch: 6.0 seconds', '17 pitch: 5.0 seconds', '18 pitch: 10.0 seconds', '19 pitch: 13.0 seconds', '20 pitch: 4.0 seconds', '21 pitch: 10.0 seconds', '22 pitch: 3.0 seconds', '23 pitch: 4.0 seconds', '24 pitch: 8.0 seconds', '25 pitch: 3.0 seconds', '26 pitch: 5.0 seconds', '27 pitch: 3.0 seconds', '28 pitch: 16.0 seconds', '29 pitch: 27.0 seconds', '30 pitch: 6.0 seconds', '31 pitch: 9.0 seconds', '32 pitch: 3.0 seconds', '33 pitch: 4.0 seconds', '34 pitch: 22.0 seconds', '35 pitch: 3.0 seconds', '36 pitch: 9.0 seconds', '37 pitch: 7.0 seconds', '38 pitch: 5.0 seconds', '39 pitch: 5.0 seconds', '40 pitch: 3.0 seconds', '41 pitch: 4.0 seconds', '42 pitch: 9.0 seconds', '43 pitch: 4.0 seconds', '44 pitch: 22.0 seconds', '45 pitch: 7.0 seconds', '46 pitch: 9.0 seconds', '47 pitch: 10.0 seconds', '48 pitch: 9.0 seconds', '49 pitch: 3.0 seconds', '50 pitch: 8.0 seconds', '51 pitch: 4.0 seconds', '52 pitch: 5.0 seconds', '53 pitch: 20.0 seconds', '54 pitch: 5.0 seconds', '55 pitch: 4.0 seconds']",|,False,Counting yawns... 18.0 seconds remaining.,[]
2025-06-30 22:34:30,False,0,[],|,False,0,[],|,True,30,|,False,0,[],|,False,Counting pitches...,[],|,False,Counting yawns... 8.0 seconds remaining.,[]
2025-06-30 22:34:35,True,7,"['1 right eye rub: 2.0 seconds', '2 right eye rub: 2.0 seconds', '3 right eye rub: 2.0 seconds', '1 right eye rub: 3.0 seconds', '2 right eye rub: 2.0 seconds', '3 right eye rub: 2.0 seconds', '4 right eye rub: 2.0 seconds', '5 right eye rub: 2.0 seconds', '1 left eye rub: 2.0 seconds', '1 left eye rub: 2.0 seconds', '1 left eye rub: 3.0 seconds', '1 left eye rub: 5.0 seconds', '2 left eye rub: 4.0 seconds']",|,True,0,[],|,False,Counting flickers... 55.0 seconds remaining.,|,False,0,[],|,False,Counting pitches...,[],|,False,Counting yawns... 3.0 seconds remaining.,[]
2025-06-30 22:34:37,False,0,[],|,False,0,[],|,False,Counting flickers... 53.0 seconds remaining.,|,False,0,[],|,False,Counting pitches...,[],|,True,0,['1 yawn: 5.0 seconds']
2025-06-30 22:34:55,False,0,[],|,False,0,[],|,False,Counting flickers... 35.0 seconds remaining.,|,False,0,[],|,True,56,"['1 pitch: 4.0 seconds', '2 pitch: 5.0 seconds', '3 pitch: 6.0 seconds', '4 pitch: 3.0 seconds', '5 pitch: 11.0 seconds', '6 pitch: 5.0 seconds', '7 pitch: 12.0 seconds', '8 pitch: 12.0 seconds', '9 pitch: 4.0 seconds', '10 pitch: 3.0 seconds', '11 pitch: 4.0 seconds', '12 pitch: 3.0 seconds', '13 pitch: 5.0 seconds', '14 pitch: 13.0 seconds', '15 pitch: 4.0 seconds', '16 pitch: 6.0 seconds', '17 pitch: 5.0 seconds', '18 pitch: 10.0 seconds', '19 pitch: 13.0 seconds', '20 pitch: 4.0 seconds', '21 pitch: 10.0 seconds', '22 pitch: 3.0 seconds', '23 pitch: 4.0 seconds', '24 pitch: 8.0 seconds', '25 pitch: 3.0 seconds', '26 pitch: 5.0 seconds', '27 pitch: 3.0 seconds', '28 pitch: 16.0 seconds', '29 pitch: 27.0 seconds', '30 pitch: 6.0 seconds', '31 pitch: 9.0 seconds', '32 pitch: 3.0 seconds', '33 pitch: 4.0 seconds', '34 pitch: 22.0 seconds', '35 pitch: 3.0 seconds', '36 pitch: 9.0 seconds', '37 pitch: 7.0 seconds', '38 pitch: 5.0 seconds', '39 pitch: 5.0 seconds', '40 pitch: 3.0 seconds', '41 pitch: 4.0 seconds', '42 pitch: 9.0 seconds', '43 pitch: 4.0 seconds', '44 pitch: 22.0 seconds', '45 pitch: 7.0 seconds', '46 pitch: 9.0 seconds', '47 pitch: 10.0 seconds', '48 pitch: 9.0 seconds', '49 pitch: 3.0 seconds', '50 pitch: 8.0 seconds', '51 pitch: 4.0 seconds', '52 pitch: 5.0 seconds', '53 pitch: 20.0 seconds', '54 pitch: 5.0 seconds', '55 pitch: 4.0 seconds', '56 pitch: 3.0 seconds']",|,False,Counting yawns... 162.0 seconds remaining.,[]
2025-06-30 22:35:30,False,0,[],|,False,0,[],|,True,30,|,False,0,[],|,False,Counting pitches...,[],|,False,Counting yawns... 128.0 seconds remaining.,[]
2025-06-30 22:36:14,False,0,[],|,False,0,[],|,False,0,|,True,21,"['1 micro sleep: 2.0 seconds', '2 micro sleep: 2.0 seconds', '3 micro sleep: 2.0 seconds', '4 micro sleep: 3.0 seconds', '5 micro sleep: 2.0 seconds', '6 micro sleep: 3.0 seconds', '7 micro sleep: 2.0 seconds', '8 micro sleep: 3.0 seconds', '9 micro sleep: 4.0 seconds', '10 micro sleep: 3.0 seconds', '11 micro sleep: 2.0 seconds', '12 micro sleep: 2.0 seconds', '13 micro sleep: 3.0 seconds', '14 micro sleep: 2.0 seconds', '15 micro sleep: 2.0 seconds', '16 micro sleep: 2.0 seconds', '17 micro sleep: 2.0 seconds', '18 micro sleep: 10.0 seconds', '19 micro sleep: 8.0 seconds', '20 micro sleep: 13.0 seconds', '21 micro sleep: 3.0 seconds']",|,False,Counting pitches...,[],|,False,Counting yawns... 84.0 seconds remaining.,[]
2025-06-30 22:36:29,False,0,[],|,False,0,[],|,True,21,|,False,0,[],|,False,Counting pitches...,[],|,False,Counting yawns... 68.0 seconds remaining.,[]
2025-06-30 22:37:23,False,0,[],|,False,0,[],|,False,Counting flickers... 6.0 seconds remaining.,|,False,0,[],|,True,57,"['1 pitch: 4.0 seconds', '2 pitch: 5.0 seconds', '3 pitch: 6.0 seconds', '4 pitch: 3.0 seconds', '5 pitch: 11.0 seconds', '6 pitch: 5.0 seconds', '7 pitch: 12.0 seconds', '8 pitch: 12.0 seconds', '9 pitch: 4.0 seconds', '10 pitch: 3.0 seconds', '11 pitch: 4.0 seconds', '12 pitch: 3.0 seconds', '13 pitch: 5.0 seconds', '14 pitch: 13.0 seconds', '15 pitch: 4.0 seconds', '16 pitch: 6.0 seconds', '17 pitch: 5.0 seconds', '18 pitch: 10.0 seconds', '19 pitch: 13.0 seconds', '20 pitch: 4.0 seconds', '21 pitch: 10.0 seconds', '22 pitch: 3.0 seconds', '23 pitch: 4.0 seconds', '24 pitch: 8.0 seconds', '25 pitch: 3.0 seconds', '26 pitch: 5.0 seconds', '27 pitch: 3.0 seconds', '28 pitch: 16.0 seconds', '29 pitch: 27.0 seconds', '30 pitch: 6.0 seconds', '31 pitch: 9.0 seconds', '32 pitch: 3.0 seconds', '33 pitch: 4.0 seconds', '34 pitch: 22.0 seconds', '35 pitch: 3.0 seconds', '36 pitch: 9.0 seconds', '37 pitch: 7.0 seconds', '38 pitch: 5.0 seconds', '39 pitch: 5.0 seconds', '40 pitch: 3.0 seconds', '41 pitch: 4.0 seconds', '42 pitch: 9.0 seconds', '43 pitch: 4.0 seconds', '44 pitch: 22.0 seconds', '45 pitch: 7.0 seconds', '46 pitch: 9.0 seconds', '47 pitch: 10.0 seconds', '48 pitch: 9.0 seconds', '49 pitch: 3.0 seconds', '50 pitch: 8.0 seconds', '51 pitch: 4.0 seconds', '52 pitch: 5.0 seconds', '53 pitch: 20.0 seconds', '54 pitch: 5.0 seconds', '55 pitch: 4.0 seconds', '56 pitch: 3.0 seconds', '57 pitch: 4.0 seconds']",|,False,Counting yawns... 14.0 seconds remaining.,[]
2025-06-30 22:37:29,False,0,[],|,False,0,[],|,True,33,|,False,0,[],|,False,Counting pitches...,[],|,False,Counting yawns... 8.0 seconds remaining.,[]
2025-06-30 22:37:30,False,0,[],|,False,0,[],|,False,Counting flickers... 59.0 seconds remaining.,|,False,0,[],|,True,58,"['1 pitch: 4.0 seconds', '2 pitch: 5.0 seconds', '3 pitch: 6.0 seconds', '4 pitch: 3.0 seconds', '5 pitch: 11.0 seconds', '6 pitch: 5.0 seconds', '7 pitch: 12.0 seconds', '8 pitch: 12.0 seconds', '9 pitch: 4.0 seconds', '10 pitch: 3.0 seconds', '11 pitch: 4.0 seconds', '12 pitch: 3.0 seconds', '13 pitch: 5.0 seconds', '14 pitch: 13.0 seconds', '15 pitch: 4.0 seconds', '16 pitch: 6.0 seconds', '17 pitch: 5.0 seconds', '18 pitch: 10.0 seconds', '19 pitch: 13.0 seconds', '20 pitch: 4.0 seconds', '21 pitch: 10.0 seconds', '22 pitch: 3.0 seconds', '23 pitch: 4.0 seconds', '24 pitch: 8.0 seconds', '25 pitch: 3.0 seconds', '26 pitch: 5.0 seconds', '27 pitch: 3.0 seconds', '28 pitch: 16.0 seconds', '29 pitch: 27.0 seconds', '30 pitch: 6.0 seconds', '31 pitch: 9.0 seconds', '32 pitch: 3.0 seconds', '33 pitch: 4.0 seconds', '34 pitch: 22.0 seconds', '35 pitch: 3.0 seconds', '36 pitch: 9.0 seconds', '37 pitch: 7.0 seconds', '38 pitch: 5.0 seconds', '39 pitch: 5.0 seconds', '40 pitch: 3.0 seconds', '41 pitch: 4.0 seconds', '42 pitch: 9.0 seconds', '43 pitch: 4.0 seconds', '44 pitch: 22.0 seconds', '45 pitch: 7.0 seconds', '46 pitch: 9.0 seconds', '47 pitch: 10.0 seconds', '48 pitch: 9.0 seconds', '49 pitch: 3.0 seconds', '50 pitch: 8.0 seconds', '51 pitch: 4.0 seconds', '52 pitch: 5.0 seconds', '53 pitch: 20.0 seconds', '54 pitch: 5.0 seconds', '55 pitch: 4.0 seconds', '56 pitch: 3.0 seconds', '57 pitch: 4.0 seconds', '58 pitch: 3.0 seconds']",|,False,Counting yawns... 8.0 seconds remaining.,[]
2025-06-30 22:37:37,False,0,[],|,False,0,[],|,False,Counting flickers... 52.0 seconds remaining.,|,False,0,[],|,False,Counting pitches...,[],|,True,0,['1 yawn: 5.0 seconds']
2025-06-30 22:37:50,False,0,[],|,False,0,[],|,False,Counting flickers... 39.0 seconds remaining.,|,False,0,[],|,True,59,"['1 pitch: 4.0 seconds', '2 pitch: 5.0 seconds', '3 pitch: 6.0 seconds', '4 pitch: 3.0 seconds', '5 pitch: 11.0 seconds', '6 pitch: 5.0 seconds', '7 pitch: 12.0 seconds', '8 pitch: 12.0 seconds', '9 pitch: 4.0 seconds', '10 pitch: 3.0 seconds', '11 pitch: 4.0 seconds', '12 pitch: 3.0 seconds', '13 pitch: 5.0 seconds', '14 pitch: 13.0 seconds', '15 pitch: 4.0 seconds', '16 pitch: 6.0 seconds', '17 pitch: 5.0 seconds', '18 pitch: 10.0 seconds', '19 pitch: 13.0 seconds', '20 pitch: 4.0 seconds', '21 pitch: 10.0 seconds', '22 pitch: 3.0 seconds', '23 pitch: 4.0 seconds', '24 pitch: 8.0 seconds', '25 pitch: 3.0 seconds', '26 pitch: 5.0 seconds', '27 pitch: 3.0 seconds', '28 pitch: 16.0 seconds', '29 pitch: 27.0 seconds', '30 pitch: 6.0 seconds', '31 pitch: 9.0 seconds', '32 pitch: 3.0 seconds', '33 pitch: 4.0 seconds', '34 pitch: 22.0 seconds', '35 pitch: 3.0 seconds', '36 pitch: 9.0 seconds', '37 pitch: 7.0 seconds', '38 pitch: 5.0 seconds', '39 pitch: 5.0 seconds', '40 pitch: 3.0 seconds', '41 pitch: 4.0 seconds', '42 pitch: 9.0 seconds', '43 pitch: 4.0 seconds', '44 pitch: 22.0 seconds', '45 pitch: 7.0 seconds', '46 pitch: 9.0 seconds', '47 pitch: 10.0 seconds', '48 pitch: 9.0 seconds', '49 pitch: 3.0 seconds', '50 pitch: 8.0 seconds', '51 pitch: 4.0 seconds', '52 pitch: 5.0 seconds', '53 pitch: 20.0 seconds', '54 pitch: 5.0 seconds', '55 pitch: 4.0 seconds', '56 pitch: 3.0 seconds', '57 pitch: 4.0 seconds', '58 pitch: 3.0 seconds', '59 pitch: 16.0 seconds']",|,False,Counting yawns... 167.0 seconds remaining.,[]
2025-06-30 22:38:22,False,0,[],|,False,0,[],|,False,Counting flickers... 7.0 seconds remaining.,|,False,0,[],|,True,60,"['1 pitch: 4.0 seconds', '2 pitch: 5.0 seconds', '3 pitch: 6.0 seconds', '4 pitch: 3.0 seconds', '5 pitch: 11.0 seconds', '6 pitch: 5.0 seconds', '7 pitch: 12.0 seconds', '8 pitch: 12.0 seconds', '9 pitch: 4.0 seconds', '10 pitch: 3.0 seconds', '11 pitch: 4.0 seconds', '12 pitch: 3.0 seconds', '13 pitch: 5.0 seconds', '14 pitch: 13.0 seconds', '15 pitch: 4.0 seconds', '16 pitch: 6.0 seconds', '17 pitch: 5.0 seconds', '18 pitch: 10.0 seconds', '19 pitch: 13.0 seconds', '20 pitch: 4.0 seconds', '21 pitch: 10.0 seconds', '22 pitch: 3.0 seconds', '23 pitch: 4.0 seconds', '24 pitch: 8.0 seconds', '25 pitch: 3.0 seconds', '26 pitch: 5.0 seconds', '27 pitch: 3.0 seconds', '28 pitch: 16.0 seconds', '29 pitch: 27.0 seconds', '30 pitch: 6.0 seconds', '31 pitch: 9.0 seconds', '32 pitch: 3.0 seconds', '33 pitch: 4.0 seconds', '34 pitch: 22.0 seconds', '35 pitch: 3.0 seconds', '36 pitch: 9.0 seconds', '37 pitch: 7.0 seconds', '38 pitch: 5.0 seconds', '39 pitch: 5.0 seconds', '40 pitch: 3.0 seconds', '41 pitch: 4.0 seconds', '42 pitch: 9.0 seconds', '43 pitch: 4.0 seconds', '44 pitch: 22.0 seconds', '45 pitch: 7.0 seconds', '46 pitch: 9.0 seconds', '47 pitch: 10.0 seconds', '48 pitch: 9.0 seconds', '49 pitch: 3.0 seconds', '50 pitch: 8.0 seconds', '51 pitch: 4.0 seconds', '52 pitch: 5.0 seconds', '53 pitch: 20.0 seconds', '54 pitch: 5.0 seconds', '55 pitch: 4.0 seconds', '56 pitch: 3.0 seconds', '57 pitch: 4.0 seconds', '58 pitch: 3.0 seconds', '59 pitch: 16.0 seconds', '60 pitch: 15.0 seconds']",|,False,Counting yawns... 135.0 seconds remaining.,[]
2025-06-30 22:38:28,False,0,[],|,False,0,[],|,True,26,|,False,0,[],|,False,Counting pitches...,[],|,False,Counting yawns... 128.0 seconds remaining.,[]
2025-06-30 22:38:38,False,0,[],|,False,0,[],|,False,Counting flickers... 51.0 seconds remaining.,|,False,0,[],|,True,61,"['1 pitch: 4.0 seconds', '2 pitch: 5.0 seconds', '3 pitch: 6.0 seconds', '4 pitch: 3.0 seconds', '5 pitch: 11.0 seconds', '6 pitch: 5.0 seconds', '7 pitch: 12.0 seconds', '8 pitch: 12.0 seconds', '9 pitch: 4.0 seconds', '10 pitch: 3.0 seconds', '11 pitch: 4.0 seconds', '12 pitch: 3.0 seconds', '13 pitch: 5.0 seconds', '14 pitch: 13.0 seconds', '15 pitch: 4.0 seconds', '16 pitch: 6.0 seconds', '17 pitch: 5.0 seconds', '18 pitch: 10.0 seconds', '19 pitch: 13.0 seconds', '20 pitch: 4.0 seconds', '21 pitch: 10.0 seconds', '22 pitch: 3.0 seconds', '23 pitch: 4.0 seconds', '24 pitch: 8.0 seconds', '25 pitch: 3.0 seconds', '26 pitch: 5.0 seconds', '27 pitch: 3.0 seconds', '28 pitch: 16.0 seconds', '29 pitch: 27.0 seconds', '30 pitch: 6.0 seconds', '31 pitch: 9.0 seconds', '32 pitch: 3.0 seconds', '33 pitch: 4.0 seconds', '34 pitch: 22.0 seconds', '35 pitch: 3.0 seconds', '36 pitch: 9.0 seconds', '37 pitch: 7.0 seconds', '38 pitch: 5.0 seconds', '39 pitch: 5.0 seconds', '40 pitch: 3.0 seconds', '41 pitch: 4.0 seconds', '42 pitch: 9.0 seconds', '43 pitch: 4.0 seconds', '44 pitch: 22.0 seconds', '45 pitch: 7.0 seconds', '46 pitch: 9.0 seconds', '47 pitch: 10.0 seconds', '48 pitch: 9.0 seconds', '49 pitch: 3.0 seconds', '50 pitch: 8.0 seconds', '51 pitch: 4.0 seconds', '52 pitch: 5.0 seconds', '53 pitch: 20.0 seconds', '54 pitch: 5.0 seconds', '55 pitch: 4.0 seconds', '56 pitch: 3.0 seconds', '57 pitch: 4.0 seconds', '58 pitch: 3.0 seconds', '59 pitch: 16.0 seconds', '60 pitch: 15.0 seconds', '61 pitch: 13.0 seconds']",|,False,Counting yawns... 119.0 seconds remaining.,[]
2025-06-30 22:38:45,False,0,[],|,False,0,[],|,False,Counting flickers... 44.0 seconds remaining.,|,False,0,[],|,True,62,"['1 pitch: 4.0 seconds', '2 pitch: 5.0 seconds', '3 pitch: 6.0 seconds', '4 pitch: 3.0 seconds', '5 pitch: 11.0 seconds', '6 pitch: 5.0 seconds', '7 pitch: 12.0 seconds', '8 pitch: 12.0 seconds', '9 pitch: 4.0 seconds', '10 pitch: 3.0 seconds', '11 pitch: 4.0 seconds', '12 pitch: 3.0 seconds', '13 pitch: 5.0 seconds', '14 pitch: 13.0 seconds', '15 pitch: 4.0 seconds', '16 pitch: 6.0 seconds', '17 pitch: 5.0 seconds', '18 pitch: 10.0 seconds', '19 pitch: 13.0 seconds', '20 pitch: 4.0 seconds', '21 pitch: 10.0 seconds', '22 pitch: 3.0 seconds', '23 pitch: 4.0 seconds', '24 pitch: 8.0 seconds', '25 pitch: 3.0 seconds', '26 pitch: 5.0 seconds', '27 pitch: 3.0 seconds', '28 pitch: 16.0 seconds', '29 pitch: 27.0 seconds', '30 pitch: 6.0 seconds', '31 pitch: 9.0 seconds', '32 pitch: 3.0 seconds', '33 pitch: 4.0 seconds', '34 pitch: 22.0 seconds', '35 pitch: 3.0 seconds', '36 pitch: 9.0 seconds', '37 pitch: 7.0 seconds', '38 pitch: 5.0 seconds', '39 pitch: 5.0 seconds', '40 pitch: 3.0 seconds', '41 pitch: 4.0 seconds', '42 pitch: 9.0 seconds', '43 pitch: 4.0 seconds', '44 pitch: 22.0 seconds', '45 pitch: 7.0 seconds', '46 pitch: 9.0 seconds', '47 pitch: 10.0 seconds', '48 pitch: 9.0 seconds', '49 pitch: 3.0 seconds', '50 pitch: 8.0 seconds', '51 pitch: 4.0 seconds', '52 pitch: 5.0 seconds', '53 pitch: 20.0 seconds', '54 pitch: 5.0 seconds', '55 pitch: 4.0 seconds', '56 pitch: 3.0 seconds', '57 pitch: 4.0 seconds', '58 pitch: 3.0 seconds', '59 pitch: 16.0 seconds', '60 pitch: 15.0 seconds', '61 pitch: 13.0 seconds', '62 pitch: 6.0 seconds']",|,False,Counting yawns... 112.0 seconds remaining.,[]
2025-06-30 22:38:59,False,0,[],|,False,0,[],|,False,0,|,True,22,"['1 micro sleep: 2.0 seconds', '2 micro sleep: 2.0 seconds', '3 micro sleep: 2.0 seconds', '4 micro sleep: 3.0 seconds', '5 micro sleep: 2.0 seconds', '6 micro sleep: 3.0 seconds', '7 micro sleep: 2.0 seconds', '8 micro sleep: 3.0 seconds', '9 micro sleep: 4.0 seconds', '10 micro sleep: 3.0 seconds', '11 micro sleep: 2.0 seconds', '12 micro sleep: 2.0 seconds', '13 micro sleep: 3.0 seconds', '14 micro sleep: 2.0 seconds', '15 micro sleep: 2.0 seconds', '16 micro sleep: 2.0 seconds', '17 micro sleep: 2.0 seconds', '18 micro sleep: 10.0 seconds', '19 micro sleep: 8.0 seconds', '20 micro sleep: 13.0 seconds', '21 micro sleep: 3.0 seconds', '22 micro sleep: 2.0 seconds']",|,False,Counting pitches...,[],|,False,Counting yawns... 98.0 seconds remaining.,[]
2025-06-30 22:39:01,False,0,[],|,False,0,[],|,False,Counting flickers... 28.0 seconds remaining.,|,False,0,[],|,True,63,"['1 pitch: 4.0 seconds', '2 pitch: 5.0 seconds', '3 pitch: 6.0 seconds', '4 pitch: 3.0 seconds', '5 pitch: 11.0 seconds', '6 pitch: 5.0 seconds', '7 pitch: 12.0 seconds', '8 pitch: 12.0 seconds', '9 pitch: 4.0 seconds', '10 pitch: 3.0 seconds', '11 pitch: 4.0 seconds', '12 pitch: 3.0 seconds', '13 pitch: 5.0 seconds', '14 pitch: 13.0 seconds', '15 pitch: 4.0 seconds', '16 pitch: 6.0 seconds', '17 pitch: 5.0 seconds', '18 pitch: 10.0 seconds', '19 pitch: 13.0 seconds', '20 pitch: 4.0 seconds', '21 pitch: 10.0 seconds', '22 pitch: 3.0 seconds', '23 pitch: 4.0 seconds', '24 pitch: 8.0 seconds', '25 pitch: 3.0 seconds', '26 pitch: 5.0 seconds', '27 pitch: 3.0 seconds', '28 pitch: 16.0 seconds', '29 pitch: 27.0 seconds', '30 pitch: 6.0 seconds', '31 pitch: 9.0 seconds', '32 pitch: 3.0 seconds', '33 pitch: 4.0 seconds', '34 pitch: 22.0 seconds', '35 pitch: 3.0 seconds', '36 pitch: 9.0 seconds', '37 pitch: 7.0 seconds', '38 pitch: 5.0 seconds', '39 pitch: 5.0 seconds', '40 pitch: 3.0 seconds', '41 pitch: 4.0 seconds', '42 pitch: 9.0 seconds', '43 pitch: 4.0 seconds', '44 pitch: 22.0 seconds', '45 pitch: 7.0 seconds', '46 pitch: 9.0 seconds', '47 pitch: 10.0 seconds', '48 pitch: 9.0 seconds', '49 pitch: 3.0 seconds', '50 pitch: 8.0 seconds', '51 pitch: 4.0 seconds', '52 pitch: 5.0 seconds', '53 pitch: 20.0 seconds', '54 pitch: 5.0 seconds', '55 pitch: 4.0 seconds', '56 pitch: 3.0 seconds', '57 pitch: 4.0 seconds', '58 pitch: 3.0 seconds', '59 pitch: 16.0 seconds', '60 pitch: 15.0 seconds', '61 pitch: 13.0 seconds', '62 pitch: 6.0 seconds', '63 pitch: 4.0 seconds']",|,False,Counting yawns... 96.0 seconds remaining.,[]
2025-06-30 22:39:17,False,0,[],|,False,0,[],|,False,0,|,True,23,"['1 micro sleep: 2.0 seconds', '2 micro sleep: 2.0 seconds', '3 micro sleep: 2.0 seconds', '4 micro sleep: 3.0 seconds', '5 micro sleep: 2.0 seconds', '6 micro sleep: 3.0 seconds', '7 micro sleep: 2.0 seconds', '8 micro sleep: 3.0 seconds', '9 micro sleep: 4.0 seconds', '10 micro sleep: 3.0 seconds', '11 micro sleep: 2.0 seconds', '12 micro sleep: 2.0 seconds', '13 micro sleep: 3.0 seconds', '14 micro sleep: 2.0 seconds', '15 micro sleep: 2.0 seconds', '16 micro sleep: 2.0 seconds', '17 micro sleep: 2.0 seconds', '18 micro sleep: 10.0 seconds', '19 micro sleep: 8.0 seconds', '20 micro sleep: 13.0 seconds', '21 micro sleep: 3.0 seconds', '22 micro sleep: 2.0 seconds', '23 micro sleep: 2.0 seconds']",|,False,Counting pitches...,[],|,False,Counting yawns... 79.0 seconds remaining.,[]
2025-06-30 22:39:28,False,0,[],|,False,0,[],|,True,23,|,False,0,[],|,False,Counting pitches...,[],|,False,Counting yawns... 69.0 seconds remaining.,[]
2025-06-30 22:39:34,True,6,"['1 right eye rub: 2.0 seconds', '2 right eye rub: 2.0 seconds', '3 right eye rub: 2.0 seconds', '1 right eye rub: 3.0 seconds', '2 right eye rub: 2.0 seconds', '3 right eye rub: 2.0 seconds', '4 right eye rub: 2.0 seconds', '5 right eye rub: 2.0 seconds', '1 right eye rub: 3.0 seconds', '2 right eye rub: 2.0 seconds', '3 right eye rub: 3.0 seconds', '4 right eye rub: 2.0 seconds', '5 right eye rub: 2.0 seconds', '1 left eye rub: 2.0 seconds', '1 left eye rub: 2.0 seconds', '1 left eye rub: 3.0 seconds', '1 left eye rub: 5.0 seconds', '2 left eye rub: 4.0 seconds', '1 left eye rub: 2.0 seconds']",|,True,2,"['1 right eye rub: 3.0 seconds', '1 left eye rub: 2.0 seconds']",|,False,Counting flickers... 54.0 seconds remaining.,|,False,0,[],|,False,Counting pitches...,[],|,False,Counting yawns... 62.0 seconds remaining.,[]
2025-06-30 22:39:37,False,0,[],|,False,0,[],|,False,Counting flickers... 51.0 seconds remaining.,|,False,0,[],|,True,64,"['1 pitch: 4.0 seconds', '2 pitch: 5.0 seconds', '3 pitch: 6.0 seconds', '4 pitch: 3.0 seconds', '5 pitch: 11.0 seconds', '6 pitch: 5.0 seconds', '7 pitch: 12.0 seconds', '8 pitch: 12.0 seconds', '9 pitch: 4.0 seconds', '10 pitch: 3.0 seconds', '11 pitch: 4.0 seconds', '12 pitch: 3.0 seconds', '13 pitch: 5.0 seconds', '14 pitch: 13.0 seconds', '15 pitch: 4.0 seconds', '16 pitch: 6.0 seconds', '17 pitch: 5.0 seconds', '18 pitch: 10.0 seconds', '19 pitch: 13.0 seconds', '20 pitch: 4.0 seconds', '21 pitch: 10.0 seconds', '22 pitch: 3.0 seconds', '23 pitch: 4.0 seconds', '24 pitch: 8.0 seconds', '25 pitch: 3.0 seconds', '26 pitch: 5.0 seconds', '27 pitch: 3.0 seconds', '28 pitch: 16.0 seconds', '29 pitch: 27.0 seconds', '30 pitch: 6.0 seconds', '31 pitch: 9.0 seconds', '32 pitch: 3.0 seconds', '33 pitch: 4.0 seconds', '34 pitch: 22.0 seconds', '35 pitch: 3.0 seconds', '36 pitch: 9.0 seconds', '37 pitch: 7.0 seconds', '38 pitch: 5.0 seconds', '39 pitch: 5.0 seconds', '40 pitch: 3.0 seconds', '41 pitch: 4.0 seconds', '42 pitch: 9.0 seconds', '43 pitch: 4.0 seconds', '44 pitch: 22.0 seconds', '45 pitch: 7.0 seconds', '46 pitch: 9.0 seconds', '47 pitch: 10.0 seconds', '48 pitch: 9.0 seconds', '49 pitch: 3.0 seconds', '50 pitch: 8.0 seconds', '51 pitch: 4.0 seconds', '52 pitch: 5.0 seconds', '53 pitch: 20.0 seconds', '54 pitch: 5.0 seconds', '55 pitch: 4.0 seconds', '56 pitch: 3.0 seconds', '57 pitch: 4.0 seconds', '58 pitch: 3.0 seconds', '59 pitch: 16.0 seconds', '60 pitch: 15.0 seconds', '61 pitch: 13.0 seconds', '62 pitch: 6.0 seconds', '63 pitch: 4.0 seconds', '64 pitch: 7.0 seconds']",|,False,Counting yawns... 60.0 seconds remaining.,[]
2025-06-30 22:39:50,False,0,[],|,False,0,[],|,False,Counting flickers... 38.0 seconds remaining.,|,False,0,[],|,True,65,"['1 pitch: 4.0 seconds', '2 pitch: 5.0 seconds', '3 pitch: 6.0 seconds', '4 pitch: 3.0 seconds', '5 pitch: 11.0 seconds', '6 pitch: 5.0 seconds', '7 pitch: 12.0 seconds', '8 pitch: 12.0 seconds', '9 pitch: 4.0 seconds', '10 pitch: 3.0 seconds', '11 pitch: 4.0 seconds', '12 pitch: 3.0 seconds', '13 pitch: 5.0 seconds', '14 pitch: 13.0 seconds', '15 pitch: 4.0 seconds', '16 pitch: 6.0 seconds', '17 pitch: 5.0 seconds', '18 pitch: 10.0 seconds', '19 pitch: 13.0 seconds', '20 pitch: 4.0 seconds', '21 pitch: 10.0 seconds', '22 pitch: 3.0 seconds', '23 pitch: 4.0 seconds', '24 pitch: 8.0 seconds', '25 pitch: 3.0 seconds', '26 pitch: 5.0 seconds', '27 pitch: 3.0 seconds', '28 pitch: 16.0 seconds', '29 pitch: 27.0 seconds', '30 pitch: 6.0 seconds', '31 pitch: 9.0 seconds', '32 pitch: 3.0 seconds', '33 pitch: 4.0 seconds', '34 pitch: 22.0 seconds', '35 pitch: 3.0 seconds', '36 pitch: 9.0 seconds', '37 pitch: 7.0 seconds', '38 pitch: 5.0 seconds', '39 pitch: 5.0 seconds', '40 pitch: 3.0 seconds', '41 pitch: 4.0 seconds', '42 pitch: 9.0 seconds', '43 pitch: 4.0 seconds', '44 pitch: 22.0 seconds', '45 pitch: 7.0 seconds', '46 pitch: 9.0 seconds', '47 pitch: 10.0 seconds', '48 pitch: 9.0 seconds', '49 pitch: 3.0 seconds', '50 pitch: 8.0 seconds', '51 pitch: 4.0 seconds', '52 pitch: 5.0 seconds', '53 pitch: 20.0 seconds', '54 pitch: 5.0 seconds', '55 pitch: 4.0 seconds', '56 pitch: 3.0 seconds', '57 pitch: 4.0 seconds', '58 pitch: 3.0 seconds', '59 pitch: 16.0 seconds', '60 pitch: 15.0 seconds', '61 pitch: 13.0 seconds', '62 pitch: 6.0 seconds', '63 pitch: 4.0 seconds', '64 pitch: 7.0 seconds', '65 pitch: 7.0 seconds']",|,False,Counting yawns... 46.0 seconds remaining.,[]
2025-06-30 22:40:19,False,0,[],|,False,0,[],|,False,Counting flickers... 9.0 seconds remaining.,|,False,0,[],|,True,66,"['1 pitch: 4.0 seconds', '2 pitch: 5.0 seconds', '3 pitch: 6.0 seconds', '4 pitch: 3.0 seconds', '5 pitch: 11.0 seconds', '6 pitch: 5.0 seconds', '7 pitch: 12.0 seconds', '8 pitch: 12.0 seconds', '9 pitch: 4.0 seconds', '10 pitch: 3.0 seconds', '11 pitch: 4.0 seconds', '12 pitch: 3.0 seconds', '13 pitch: 5.0 seconds', '14 pitch: 13.0 seconds', '15 pitch: 4.0 seconds', '16 pitch: 6.0 seconds', '17 pitch: 5.0 seconds', '18 pitch: 10.0 seconds', '19 pitch: 13.0 seconds', '20 pitch: 4.0 seconds', '21 pitch: 10.0 seconds', '22 pitch: 3.0 seconds', '23 pitch: 4.0 seconds', '24 pitch: 8.0 seconds', '25 pitch: 3.0 seconds', '26 pitch: 5.0 seconds', '27 pitch: 3.0 seconds', '28 pitch: 16.0 seconds', '29 pitch: 27.0 seconds', '30 pitch: 6.0 seconds', '31 pitch: 9.0 seconds', '32 pitch: 3.0 seconds', '33 pitch: 4.0 seconds', '34 pitch: 22.0 seconds', '35 pitch: 3.0 seconds', '36 pitch: 9.0 seconds', '37 pitch: 7.0 seconds', '38 pitch: 5.0 seconds', '39 pitch: 5.0 seconds', '40 pitch: 3.0 seconds', '41 pitch: 4.0 seconds', '42 pitch: 9.0 seconds', '43 pitch: 4.0 seconds', '44 pitch: 22.0 seconds', '45 pitch: 7.0 seconds', '46 pitch: 9.0 seconds', '47 pitch: 10.0 seconds', '48 pitch: 9.0 seconds', '49 pitch: 3.0 seconds', '50 pitch: 8.0 seconds', '51 pitch: 4.0 seconds', '52 pitch: 5.0 seconds', '53 pitch: 20.0 seconds', '54 pitch: 5.0 seconds', '55 pitch: 4.0 seconds', '56 pitch: 3.0 seconds', '57 pitch: 4.0 seconds', '58 pitch: 3.0 seconds', '59 pitch: 16.0 seconds', '60 pitch: 15.0 seconds', '61 pitch: 13.0 seconds', '62 pitch: 6.0 seconds', '63 pitch: 4.0 seconds', '64 pitch: 7.0 seconds', '65 pitch: 7.0 seconds', '66 pitch: 4.0 seconds']",|,False,Counting yawns... 17.0 seconds remaining.,[]
2025-06-30 22:40:27,False,0,[],|,False,0,[],|,True,30,|,False,0,[],|,False,Counting pitches...,[],|,False,Counting yawns... 9.0 seconds remaining.,[]
2025-06-30 22:40:36,False,0,[],|,False,0,[],|,False,Counting flickers... 51.0 seconds remaining.,|,False,0,[],|,False,Counting pitches...,[],|,True,1,"['1 yawn: 5.0 seconds', '1 yawn: 9.0 seconds']"
2025-06-30 22:40:46,False,0,[],|,False,0,[],|,False,Counting flickers... 42.0 seconds remaining.,|,False,0,[],|,True,67,"['1 pitch: 4.0 seconds', '2 pitch: 5.0 seconds', '3 pitch: 6.0 seconds', '4 pitch: 3.0 seconds', '5 pitch: 11.0 seconds', '6 pitch: 5.0 seconds', '7 pitch: 12.0 seconds', '8 pitch: 12.0 seconds', '9 pitch: 4.0 seconds', '10 pitch: 3.0 seconds', '11 pitch: 4.0 seconds', '12 pitch: 3.0 seconds', '13 pitch: 5.0 seconds', '14 pitch: 13.0 seconds', '15 pitch: 4.0 seconds', '16 pitch: 6.0 seconds', '17 pitch: 5.0 seconds', '18 pitch: 10.0 seconds', '19 pitch: 13.0 seconds', '20 pitch: 4.0 seconds', '21 pitch: 10.0 seconds', '22 pitch: 3.0 seconds', '23 pitch: 4.0 seconds', '24 pitch: 8.0 seconds', '25 pitch: 3.0 seconds', '26 pitch: 5.0 seconds', '27 pitch: 3.0 seconds', '28 pitch: 16.0 seconds', '29 pitch: 27.0 seconds', '30 pitch: 6.0 seconds', '31 pitch: 9.0 seconds', '32 pitch: 3.0 seconds', '33 pitch: 4.0 seconds', '34 pitch: 22.0 seconds', '35 pitch: 3.0 seconds', '36 pitch: 9.0 seconds', '37 pitch: 7.0 seconds', '38 pitch: 5.0 seconds', '39 pitch: 5.0 seconds', '40 pitch: 3.0 seconds', '41 pitch: 4.0 seconds', '42 pitch: 9.0 seconds', '43 pitch: 4.0 seconds', '44 pitch: 22.0 seconds', '45 pitch: 7.0 seconds', '46 pitch: 9.0 seconds', '47 pitch: 10.0 seconds', '48 pitch: 9.0 seconds', '49 pitch: 3.0 seconds', '50 pitch: 8.0 seconds', '51 pitch: 4.0 seconds', '52 pitch: 5.0 seconds', '53 pitch: 20.0 seconds', '54 pitch: 5.0 seconds', '55 pitch: 4.0 seconds', '56 pitch: 3.0 seconds', '57 pitch: 4.0 seconds', '58 pitch: 3.0 seconds', '59 pitch: 16.0 seconds', '60 pitch: 15.0 seconds', '61 pitch: 13.0 seconds', '62 pitch: 6.0 seconds', '63 pitch: 4.0 seconds', '64 pitch: 7.0 seconds', '65 pitch: 7.0 seconds', '66 pitch: 4.0 seconds', '67 pitch: 5.0 seconds']",|,False,Counting yawns... 171.0 seconds remaining.,[]
2025-06-30 22:41:04,False,0,[],|,False,0,[],|,False,Counting flickers... 24.0 seconds remaining.,|,False,0,[],|,True,68,"['1 pitch: 4.0 seconds', '2 pitch: 5.0 seconds', '3 pitch: 6.0 seconds', '4 pitch: 3.0 seconds', '5 pitch: 11.0 seconds', '6 pitch: 5.0 seconds', '7 pitch: 12.0 seconds', '8 pitch: 12.0 seconds', '9 pitch: 4.0 seconds', '10 pitch: 3.0 seconds', '11 pitch: 4.0 seconds', '12 pitch: 3.0 seconds', '13 pitch: 5.0 seconds', '14 pitch: 13.0 seconds', '15 pitch: 4.0 seconds', '16 pitch: 6.0 seconds', '17 pitch: 5.0 seconds', '18 pitch: 10.0 seconds', '19 pitch: 13.0 seconds', '20 pitch: 4.0 seconds', '21 pitch: 10.0 seconds', '22 pitch: 3.0 seconds', '23 pitch: 4.0 seconds', '24 pitch: 8.0 seconds', '25 pitch: 3.0 seconds', '26 pitch: 5.0 seconds', '27 pitch: 3.0 seconds', '28 pitch: 16.0 seconds', '29 pitch: 27.0 seconds', '30 pitch: 6.0 seconds', '31 pitch: 9.0 seconds', '32 pitch: 3.0 seconds', '33 pitch: 4.0 seconds', '34 pitch: 22.0 seconds', '35 pitch: 3.0 seconds', '36 pitch: 9.0 seconds', '37 pitch: 7.0 seconds', '38 pitch: 5.0 seconds', '39 pitch: 5.0 seconds', '40 pitch: 3.0 seconds', '41 pitch: 4.0 seconds', '42 pitch: 9.0 seconds', '43 pitch: 4.0 seconds', '44 pitch: 22.0 seconds', '45 pitch: 7.0 seconds', '46 pitch: 9.0 seconds', '47 pitch: 10.0 seconds', '48 pitch: 9.0 seconds', '49 pitch: 3.0 seconds', '50 pitch: 8.0 seconds', '51 pitch: 4.0 seconds', '52 pitch: 5.0 seconds', '53 pitch: 20.0 seconds', '54 pitch: 5.0 seconds', '55 pitch: 4.0 seconds', '56 pitch: 3.0 seconds', '57 pitch: 4.0 seconds', '58 pitch: 3.0 seconds', '59 pitch: 16.0 seconds', '60 pitch: 15.0 seconds', '61 pitch: 13.0 seconds', '62 pitch: 6.0 seconds', '63 pitch: 4.0 seconds', '64 pitch: 7.0 seconds', '65 pitch: 7.0 seconds', '66 pitch: 4.0 seconds', '67 pitch: 5.0 seconds', '68 pitch: 3.0 seconds']",|,False,Counting yawns... 153.0 seconds remaining.,[]
2025-06-30 22:57:42,False,0,[],|,False,0,[],|,False,0,|,True,1,['1 micro sleep: 2.0 seconds'],|,False,Counting pitches...,[],|,False,Counting yawns... 149.0 seconds remaining.,[]
2025-06-30 22:58:11,False,0,[],|,False,0,[],|,True,11,|,False,0,[],|,False,Counting pitches...,[],|,False,Counting yawns... 120.0 seconds remaining.,[]
2025-06-30 22:58:44,False,0,[],|,False,0,[],|,False,Counting flickers... 26.0 seconds remaining.,|,False,0,[],|,True,1,['1 pitch: 4.0 seconds'],|,False,Counting yawns... 87.0 seconds remaining.,[]
2025-06-30 22:59:04,False,0,[],|,False,0,[],|,False,0,|,True,2,"['1 micro sleep: 2.0 seconds', '2 micro sleep: 2.0 seconds']",|,False,Counting pitches...,[],|,False,Counting yawns... 68.0 seconds remaining.,[]
2025-06-30 22:59:10,False,0,[],|,False,0,[],|,True,16,|,False,0,[],|,False,Counting pitches...,[],|,False,Counting yawns... 61.0 seconds remaining.,[]
2025-06-30 22:59:15,False,0,[],|,False,0,[],|,False,0,|,True,3,"['1 micro sleep: 2.0 seconds', '2 micro sleep: 2.0 seconds', '3 micro sleep: 2.0 seconds']",|,False,Counting pitches...,[],|,False,Counting yawns... 57.0 seconds remaining.,[]
2025-06-30 22:59:29,False,0,[],|,False,0,[],|,False,Counting flickers... 41.0 seconds remaining.,|,False,0,[],|,True,2,"['1 pitch: 4.0 seconds', '2 pitch: 3.0 seconds']",|,False,Counting yawns... 42.0 seconds remaining.,[]
2025-06-30 22:59:56,False,0,[],|,False,0,[],|,False,Counting flickers... 14.0 seconds remaining.,|,False,0,[],|,True,3,"['1 pitch: 4.0 seconds', '2 pitch: 3.0 seconds', '3 pitch: 7.0 seconds']",|,False,Counting yawns... 15.0 seconds remaining.,[]
2025-06-30 23:00:10,False,0,[],|,False,0,[],|,True,34,|,False,0,[],|,False,Counting pitches...,[],|,False,Counting yawns... 1.0 seconds remaining.,[]
2025-06-30 23:00:10,False,0,[],|,False,0,[],|,False,Counting flickers... 59.0 seconds remaining.,|,False,0,[],|,True,4,"['1 pitch: 4.0 seconds', '2 pitch: 3.0 seconds', '3 pitch: 7.0 seconds', '4 pitch: 5.0 seconds']",|,False,Counting yawns... 1.0 seconds remaining.,[]
2025-06-30 23:00:11,False,0,[],|,False,0,[],|,False,Counting flickers... 59.0 seconds remaining.,|,False,0,[],|,False,Counting pitches...,[],|,True,0,[]
2025-06-30 23:00:39,False,0,[],|,False,0,[],|,False,Counting flickers... 31.0 seconds remaining.,|,False,0,[],|,True,5,"['1 pitch: 4.0 seconds', '2 pitch: 3.0 seconds', '3 pitch: 7.0 seconds', '4 pitch: 5.0 seconds', '5 pitch: 3.0 seconds']",|,False,Counting yawns... 152.0 seconds remaining.,[]
2025-06-30 23:00:44,False,0,[],|,False,0,[],|,False,0,|,True,4,"['1 micro sleep: 2.0 seconds', '2 micro sleep: 2.0 seconds', '3 micro sleep: 2.0 seconds', '4 micro sleep: 2.0 seconds']",|,False,Counting pitches...,[],|,False,Counting yawns... 146.0 seconds remaining.,[]
2025-06-30 23:00:50,False,0,[],|,False,0,[],|,False,Counting flickers... 20.0 seconds remaining.,|,False,0,[],|,True,6,"['1 pitch: 4.0 seconds', '2 pitch: 3.0 seconds', '3 pitch: 7.0 seconds', '4 pitch: 5.0 seconds', '5 pitch: 3.0 seconds', '6 pitch: 4.0 seconds']",|,False,Counting yawns... 141.0 seconds remaining.,[]
2025-06-30 23:01:02,False,0,[],|,False,0,[],|,False,Counting flickers... 7.0 seconds remaining.,|,False,0,[],|,True,7,"['1 pitch: 4.0 seconds', '2 pitch: 3.0 seconds', '3 pitch: 7.0 seconds', '4 pitch: 5.0 seconds', '5 pitch: 3.0 seconds', '6 pitch: 4.0 seconds', '7 pitch: 11.0 seconds']",|,False,Counting yawns... 128.0 seconds remaining.,[]
2025-06-30 23:01:10,False,0,[],|,False,0,[],|,True,41,|,False,0,[],|,False,Counting pitches...,[],|,False,Counting yawns... 121.0 seconds remaining.,[]
2025-06-30 23:01:38,False,0,[],|,False,0,[],|,False,0,|,True,5,"['1 micro sleep: 2.0 seconds', '2 micro sleep: 2.0 seconds', '3 micro sleep: 2.0 seconds', '4 micro sleep: 2.0 seconds', '5 micro sleep: 6.0 seconds']",|,False,Counting pitches...,[],|,False,Counting yawns... 93.0 seconds remaining.,[]
2025-06-30 23:01:47,False,0,[],|,False,0,[],|,False,Counting flickers... 22.0 seconds remaining.,|,False,0,[],|,True,8,"['1 pitch: 4.0 seconds', '2 pitch: 3.0 seconds', '3 pitch: 7.0 seconds', '4 pitch: 5.0 seconds', '5 pitch: 3.0 seconds', '6 pitch: 4.0 seconds', '7 pitch: 11.0 seconds', '8 pitch: 30.0 seconds']",|,False,Counting yawns... 84.0 seconds remaining.,[]
2025-06-30 23:01:59,False,0,[],|,False,0,[],|,False,Counting flickers... 10.0 seconds remaining.,|,False,0,[],|,True,9,"['1 pitch: 4.0 seconds', '2 pitch: 3.0 seconds', '3 pitch: 7.0 seconds', '4 pitch: 5.0 seconds', '5 pitch: 3.0 seconds', '6 pitch: 4.0 seconds', '7 pitch: 11.0 seconds', '8 pitch: 30.0 seconds', '9 pitch: 4.0 seconds']",|,False,Counting yawns... 72.0 seconds remaining.,[]
2025-06-30 23:02:07,False,0,[],|,False,0,[],|,False,0,|,True,6,"['1 micro sleep: 2.0 seconds', '2 micro sleep: 2.0 seconds', '3 micro sleep: 2.0 seconds', '4 micro sleep: 2.0 seconds', '5 micro sleep: 6.0 seconds', '6 micro sleep: 2.0 seconds']",|,False,Counting pitches...,[],|,False,Counting yawns... 63.0 seconds remaining.,[]
2025-06-30 23:02:09,False,0,[],|,False,0,[],|,True,23,|,False,0,[],|,False,Counting pitches...,[],|,False,Counting yawns... 62.0 seconds remaining.,[]
2025-06-30 23:02:11,True,1,['1 left eye rub: 3.0 seconds'],|,True,1,['1 left eye rub: 3.0 seconds'],|,False,Counting flickers... 58.0 seconds remaining.,|,False,0,[],|,False,Counting pitches...,[],|,False,Counting yawns... 60.0 seconds remaining.,[]
2025-06-30 23:02:12,False,0,[],|,False,0,[],|,False,0,|,True,7,"['1 micro sleep: 2.0 seconds', '2 micro sleep: 2.0 seconds', '3 micro sleep: 2.0 seconds', '4 micro sleep: 2.0 seconds', '5 micro sleep: 6.0 seconds', '6 micro sleep: 2.0 seconds', '7 micro sleep: 2.0 seconds']",|,False,Counting pitches...,[],|,False,Counting yawns... 58.0 seconds remaining.,[]
2025-06-30 23:02:26,False,0,[],|,False,0,[],|,False,Counting flickers... 43.0 seconds remaining.,|,False,0,[],|,True,10,"['1 pitch: 4.0 seconds', '2 pitch: 3.0 seconds', '3 pitch: 7.0 seconds', '4 pitch: 5.0 seconds', '5 pitch: 3.0 seconds', '6 pitch: 4.0 seconds', '7 pitch: 11.0 seconds', '8 pitch: 30.0 seconds', '9 pitch: 4.0 seconds', '10 pitch: 4.0 seconds']",|,False,Counting yawns... 45.0 seconds remaining.,[]
2025-06-30 23:02:44,False,0,[],|,False,0,[],|,False,0,|,True,8,"['1 micro sleep: 2.0 seconds', '2 micro sleep: 2.0 seconds', '3 micro sleep: 2.0 seconds', '4 micro sleep: 2.0 seconds', '5 micro sleep: 6.0 seconds', '6 micro sleep: 2.0 seconds', '7 micro sleep: 2.0 seconds', '8 micro sleep: 2.0 seconds']",|,False,Counting pitches...,[],|,False,Counting yawns... 27.0 seconds remaining.,[]
2025-06-30 23:02:44,False,0,[],|,False,0,[],|,False,Counting flickers... 25.0 seconds remaining.,|,False,0,[],|,True,11,"['1 pitch: 4.0 seconds', '2 pitch: 3.0 seconds', '3 pitch: 7.0 seconds', '4 pitch: 5.0 seconds', '5 pitch: 3.0 seconds', '6 pitch: 4.0 seconds', '7 pitch: 11.0 seconds', '8 pitch: 30.0 seconds', '9 pitch: 4.0 seconds', '10 pitch: 4.0 seconds', '11 pitch: 3.0 seconds']",|,False,Counting yawns... 27.0 seconds remaining.,[]
2025-06-30 23:03:09,False,0,[],|,False,0,[],|,True,17,|,False,0,[],|,False,Counting pitches...,[],|,False,Counting yawns... 2.0 seconds remaining.,[]
2025-06-30 23:03:10,False,0,[],|,False,0,[],|,False,Counting flickers... 58.0 seconds remaining.,|,False,0,[],|,False,Counting pitches...,[],|,True,0,[]
2025-06-30 23:03:27,False,0,[],|,False,0,[],|,False,0,|,True,9,"['1 micro sleep: 2.0 seconds', '2 micro sleep: 2.0 seconds', '3 micro sleep: 2.0 seconds', '4 micro sleep: 2.0 seconds', '5 micro sleep: 6.0 seconds', '6 micro sleep: 2.0 seconds', '7 micro sleep: 2.0 seconds', '8 micro sleep: 2.0 seconds', '9 micro sleep: 2.0 seconds']",|,False,Counting pitches...,[],|,False,Counting yawns... 164.0 seconds remaining.,[]
2025-06-30 23:03:41,False,0,[],|,False,0,[],|,False,Counting flickers... 27.0 seconds remaining.,|,False,0,[],|,True,12,"['1 pitch: 4.0 seconds', '2 pitch: 3.0 seconds', '3 pitch: 7.0 seconds', '4 pitch: 5.0 seconds', '5 pitch: 3.0 seconds', '6 pitch: 4.0 seconds', '7 pitch: 11.0 seconds', '8 pitch: 30.0 seconds', '9 pitch: 4.0 seconds', '10 pitch: 4.0 seconds', '11 pitch: 3.0 seconds', '12 pitch: 3.0 seconds']",|,False,Counting yawns... 149.0 seconds remaining.,[]
2025-06-30 23:04:00,False,0,[],|,False,0,[],|,False,0,|,True,10,"['1 micro sleep: 2.0 seconds', '2 micro sleep: 2.0 seconds', '3 micro sleep: 2.0 seconds', '4 micro sleep: 2.0 seconds', '5 micro sleep: 6.0 seconds', '6 micro sleep: 2.0 seconds', '7 micro sleep: 2.0 seconds', '8 micro sleep: 2.0 seconds', '9 micro sleep: 2.0 seconds', '10 micro sleep: 2.0 seconds']",|,False,Counting pitches...,[],|,False,Counting yawns... 131.0 seconds remaining.,[]
2025-06-30 23:04:08,False,0,[],|,False,0,[],|,True,21,|,False,0,[],|,False,Counting pitches...,[],|,False,Counting yawns... 122.0 seconds remaining.,[]
2025-06-30 23:05:08,False,0,[],|,False,0,[],|,True,15,|,False,0,[],|,False,Counting pitches...,[],|,False,Counting yawns... 63.0 seconds remaining.,[]
2025-06-30 23:05:26,False,0,[],|,False,0,[],|,False,0,|,True,11,"['1 micro sleep: 2.0 seconds', '2 micro sleep: 2.0 seconds', '3 micro sleep: 2.0 seconds', '4 micro sleep: 2.0 seconds', '5 micro sleep: 6.0 seconds', '6 micro sleep: 2.0 seconds', '7 micro sleep: 2.0 seconds', '8 micro sleep: 2.0 seconds', '9 micro sleep: 2.0 seconds', '10 micro sleep: 2.0 seconds', '11 micro sleep: 2.0 seconds']",|,False,Counting pitches...,[],|,False,Counting yawns... 44.0 seconds remaining.,[]
2025-06-30 23:05:43,False,0,[],|,False,0,[],|,False,Counting flickers... 25.0 seconds remaining.,|,False,0,[],|,True,13,"['1 pitch: 4.0 seconds', '2 pitch: 3.0 seconds', '3 pitch: 7.0 seconds', '4 pitch: 5.0 seconds', '5 pitch: 3.0 seconds', '6 pitch: 4.0 seconds', '7 pitch: 11.0 seconds', '8 pitch: 30.0 seconds', '9 pitch: 4.0 seconds', '10 pitch: 4.0 seconds', '11 pitch: 3.0 seconds', '12 pitch: 3.0 seconds', '13 pitch: 7.0 seconds']",|,False,Counting yawns... 28.0 seconds remaining.,[]
2025-06-30 23:05:57,False,0,[],|,False,0,[],|,False,0,|,True,12,"['1 micro sleep: 2.0 seconds', '2 micro sleep: 2.0 seconds', '3 micro sleep: 2.0 seconds', '4 micro sleep: 2.0 seconds', '5 micro sleep: 6.0 seconds', '6 micro sleep: 2.0 seconds', '7 micro sleep: 2.0 seconds', '8 micro sleep: 2.0 seconds', '9 micro sleep: 2.0 seconds', '10 micro sleep: 2.0 seconds', '11 micro sleep: 2.0 seconds', '12 micro sleep: 10.0 seconds']",|,False,Counting pitches...,[],|,False,Counting yawns... 14.0 seconds remaining.,[]
2025-06-30 23:06:02,False,0,[],|,False,0,[],|,False,Counting flickers... 6.0 seconds remaining.,|,False,0,[],|,True,14,"['1 pitch: 4.0 seconds', '2 pitch: 3.0 seconds', '3 pitch: 7.0 seconds', '4 pitch: 5.0 seconds', '5 pitch: 3.0 seconds', '6 pitch: 4.0 seconds', '7 pitch: 11.0 seconds', '8 pitch: 30.0 seconds', '9 pitch: 4.0 seconds', '10 pitch: 4.0 seconds', '11 pitch: 3.0 seconds', '12 pitch: 3.0 seconds', '13 pitch: 7.0 seconds', '14 pitch: 15.0 seconds']",|,False,Counting yawns... 9.0 seconds remaining.,[]
2025-06-30 23:06:06,False,0,[],|,False,0,[],|,False,Counting flickers... 2.0 seconds remaining.,|,False,0,[],|,True,15,"['1 pitch: 4.0 seconds', '2 pitch: 3.0 seconds', '3 pitch: 7.0 seconds', '4 pitch: 5.0 seconds', '5 pitch: 3.0 seconds', '6 pitch: 4.0 seconds', '7 pitch: 11.0 seconds', '8 pitch: 30.0 seconds', '9 pitch: 4.0 seconds', '10 pitch: 4.0 seconds', '11 pitch: 3.0 seconds', '12 pitch: 3.0 seconds', '13 pitch: 7.0 seconds', '14 pitch: 15.0 seconds', '15 pitch: 3.0 seconds']",|,False,Counting yawns... 5.0 seconds remaining.,[]
2025-06-30 23:06:07,False,0,[],|,False,0,[],|,True,19,|,False,0,[],|,False,Counting pitches...,[],|,False,Counting yawns... 3.0 seconds remaining.,[]
2025-06-30 23:06:10,False,0,[],|,False,0,[],|,False,Counting flickers... 57.0 seconds remaining.,|,False,0,[],|,False,Counting pitches...,[],|,True,0,[]
2025-06-30 23:06:35,False,0,[],|,False,0,[],|,False,Counting flickers... 33.0 seconds remaining.,|,False,0,[],|,True,16,"['1 pitch: 4.0 seconds', '2 pitch: 3.0 seconds', '3 pitch: 7.0 seconds', '4 pitch: 5.0 seconds', '5 pitch: 3.0 seconds', '6 pitch: 4.0 seconds', '7 pitch: 11.0 seconds', '8 pitch: 30.0 seconds', '9 pitch: 4.0 seconds', '10 pitch: 4.0 seconds', '11 pitch: 3.0 seconds', '12 pitch: 3.0 seconds', '13 pitch: 7.0 seconds', '14 pitch: 15.0 seconds', '15 pitch: 3.0 seconds', '16 pitch: 21.0 seconds']",|,False,Counting yawns... 155.0 seconds remaining.,[]
2025-06-30 23:06:47,False,0,[],|,False,0,[],|,False,Counting flickers... 21.0 seconds remaining.,|,False,0,[],|,True,17,"['1 pitch: 4.0 seconds', '2 pitch: 3.0 seconds', '3 pitch: 7.0 seconds', '4 pitch: 5.0 seconds', '5 pitch: 3.0 seconds', '6 pitch: 4.0 seconds', '7 pitch: 11.0 seconds', '8 pitch: 30.0 seconds', '9 pitch: 4.0 seconds', '10 pitch: 4.0 seconds', '11 pitch: 3.0 seconds', '12 pitch: 3.0 seconds', '13 pitch: 7.0 seconds', '14 pitch: 15.0 seconds', '15 pitch: 3.0 seconds', '16 pitch: 21.0 seconds', '17 pitch: 5.0 seconds']",|,False,Counting yawns... 143.0 seconds remaining.,[]
2025-06-30 23:06:57,False,0,[],|,False,0,[],|,False,Counting flickers... 10.0 seconds remaining.,|,False,0,[],|,True,18,"['1 pitch: 4.0 seconds', '2 pitch: 3.0 seconds', '3 pitch: 7.0 seconds', '4 pitch: 5.0 seconds', '5 pitch: 3.0 seconds', '6 pitch: 4.0 seconds', '7 pitch: 11.0 seconds', '8 pitch: 30.0 seconds', '9 pitch: 4.0 seconds', '10 pitch: 4.0 seconds', '11 pitch: 3.0 seconds', '12 pitch: 3.0 seconds', '13 pitch: 7.0 seconds', '14 pitch: 15.0 seconds', '15 pitch: 3.0 seconds', '16 pitch: 21.0 seconds', '17 pitch: 5.0 seconds', '18 pitch: 6.0 seconds']",|,False,Counting yawns... 133.0 seconds remaining.,[]
2025-06-30 23:07:07,False,0,[],|,False,0,[],|,True,20,|,False,0,[],|,False,Counting pitches...,[],|,False,Counting yawns... 123.0 seconds remaining.,[]
2025-06-30 23:07:10,True,7,"['1 right eye rub: 2.0 seconds', '2 right eye rub: 2.0 seconds', '1 left eye rub: 3.0 seconds', '1 left eye rub: 2.0 seconds', '2 left eye rub: 2.0 seconds', '3 left eye rub: 2.0 seconds', '4 left eye rub: 2.0 seconds', '5 left eye rub: 6.0 seconds']",|,True,1,"['1 left eye rub: 3.0 seconds', '1 left eye rub: 2.0 seconds']",|,False,Counting flickers... 56.0 seconds remaining.,|,False,0,[],|,False,Counting pitches...,[],|,False,Counting yawns... 119.0 seconds remaining.,[]
2025-06-30 23:07:27,False,0,[],|,False,0,[],|,False,Counting flickers... 40.0 seconds remaining.,|,False,0,[],|,True,19,"['1 pitch: 4.0 seconds', '2 pitch: 3.0 seconds', '3 pitch: 7.0 seconds', '4 pitch: 5.0 seconds', '5 pitch: 3.0 seconds', '6 pitch: 4.0 seconds', '7 pitch: 11.0 seconds', '8 pitch: 30.0 seconds', '9 pitch: 4.0 seconds', '10 pitch: 4.0 seconds', '11 pitch: 3.0 seconds', '12 pitch: 3.0 seconds', '13 pitch: 7.0 seconds', '14 pitch: 15.0 seconds', '15 pitch: 3.0 seconds', '16 pitch: 21.0 seconds', '17 pitch: 5.0 seconds', '18 pitch: 6.0 seconds', '19 pitch: 4.0 seconds']",|,False,Counting yawns... 103.0 seconds remaining.,[]
2025-06-30 23:07:42,False,0,[],|,False,0,[],|,False,Counting flickers... 25.0 seconds remaining.,|,False,0,[],|,True,20,"['1 pitch: 4.0 seconds', '2 pitch: 3.0 seconds', '3 pitch: 7.0 seconds', '4 pitch: 5.0 seconds', '5 pitch: 3.0 seconds', '6 pitch: 4.0 seconds', '7 pitch: 11.0 seconds', '8 pitch: 30.0 seconds', '9 pitch: 4.0 seconds', '10 pitch: 4.0 seconds', '11 pitch: 3.0 seconds', '12 pitch: 3.0 seconds', '13 pitch: 7.0 seconds', '14 pitch: 15.0 seconds', '15 pitch: 3.0 seconds', '16 pitch: 21.0 seconds', '17 pitch: 5.0 seconds', '18 pitch: 6.0 seconds', '19 pitch: 4.0 seconds', '20 pitch: 6.0 seconds']",|,False,Counting yawns... 88.0 seconds remaining.,[]
2025-06-30 23:08:06,False,0,[],|,False,0,[],|,True,18,|,False,0,[],|,False,Counting pitches...,[],|,False,Counting yawns... 64.0 seconds remaining.,[]
2025-06-30 23:08:44,False,0,[],|,False,0,[],|,False,Counting flickers... 23.0 seconds remaining.,|,False,0,[],|,True,21,"['1 pitch: 4.0 seconds', '2 pitch: 3.0 seconds', '3 pitch: 7.0 seconds', '4 pitch: 5.0 seconds', '5 pitch: 3.0 seconds', '6 pitch: 4.0 seconds', '7 pitch: 11.0 seconds', '8 pitch: 30.0 seconds', '9 pitch: 4.0 seconds', '10 pitch: 4.0 seconds', '11 pitch: 3.0 seconds', '12 pitch: 3.0 seconds', '13 pitch: 7.0 seconds', '14 pitch: 15.0 seconds', '15 pitch: 3.0 seconds', '16 pitch: 21.0 seconds', '17 pitch: 5.0 seconds', '18 pitch: 6.0 seconds', '19 pitch: 4.0 seconds', '20 pitch: 6.0 seconds', '21 pitch: 9.0 seconds']",|,False,Counting yawns... 26.0 seconds remaining.,[]
2025-06-30 23:09:06,False,0,[],|,False,0,[],|,True,26,|,False,0,[],|,False,Counting pitches...,[],|,False,Counting yawns... 4.0 seconds remaining.,[]
2025-06-30 23:09:09,False,0,[],|,False,0,[],|,False,Counting flickers... 56.0 seconds remaining.,|,False,0,[],|,False,Counting pitches...,[],|,True,0,[]
2025-06-30 23:09:16,False,0,[],|,False,0,[],|,False,Counting flickers... 50.0 seconds remaining.,|,False,0,[],|,True,22,"['1 pitch: 4.0 seconds', '2 pitch: 3.0 seconds', '3 pitch: 7.0 seconds', '4 pitch: 5.0 seconds', '5 pitch: 3.0 seconds', '6 pitch: 4.0 seconds', '7 pitch: 11.0 seconds', '8 pitch: 30.0 seconds', '9 pitch: 4.0 seconds', '10 pitch: 4.0 seconds', '11 pitch: 3.0 seconds', '12 pitch: 3.0 seconds', '13 pitch: 7.0 seconds', '14 pitch: 15.0 seconds', '15 pitch: 3.0 seconds', '16 pitch: 21.0 seconds', '17 pitch: 5.0 seconds', '18 pitch: 6.0 seconds', '19 pitch: 4.0 seconds', '20 pitch: 6.0 seconds', '21 pitch: 9.0 seconds', '22 pitch: 11.0 seconds']",|,False,Counting yawns... 173.0 seconds remaining.,[]
2025-06-30 23:10:05,False,0,[],|,False,0,[],|,True,24,|,False,0,[],|,False,Counting pitches...,[],|,False,Counting yawns... 124.0 seconds remaining.,[]
2025-06-30 23:10:10,False,0,[],|,False,0,[],|,False,0,|,True,13,"['1 micro sleep: 2.0 seconds', '2 micro sleep: 2.0 seconds', '3 micro sleep: 2.0 seconds', '4 micro sleep: 2.0 seconds', '5 micro sleep: 6.0 seconds', '6 micro sleep: 2.0 seconds', '7 micro sleep: 2.0 seconds', '8 micro sleep: 2.0 seconds', '9 micro sleep: 2.0 seconds', '10 micro sleep: 2.0 seconds', '11 micro sleep: 2.0 seconds', '12 micro sleep: 10.0 seconds', '13 micro sleep: 2.0 seconds']",|,False,Counting pitches...,[],|,False,Counting yawns... 120.0 seconds remaining.,[]
2025-06-30 23:10:18,False,0,[],|,False,0,[],|,False,Counting flickers... 47.0 seconds remaining.,|,False,0,[],|,True,23,"['1 pitch: 4.0 seconds', '2 pitch: 3.0 seconds', '3 pitch: 7.0 seconds', '4 pitch: 5.0 seconds', '5 pitch: 3.0 seconds', '6 pitch: 4.0 seconds', '7 pitch: 11.0 seconds', '8 pitch: 30.0 seconds', '9 pitch: 4.0 seconds', '10 pitch: 4.0 seconds', '11 pitch: 3.0 seconds', '12 pitch: 3.0 seconds', '13 pitch: 7.0 seconds', '14 pitch: 15.0 seconds', '15 pitch: 3.0 seconds', '16 pitch: 21.0 seconds', '17 pitch: 5.0 seconds', '18 pitch: 6.0 seconds', '19 pitch: 4.0 seconds', '20 pitch: 6.0 seconds', '21 pitch: 9.0 seconds', '22 pitch: 11.0 seconds', '23 pitch: 6.0 seconds']",|,False,Counting yawns... 111.0 seconds remaining.,[]
2025-06-30 23:10:37,False,0,[],|,False,0,[],|,False,Counting flickers... 28.0 seconds remaining.,|,False,0,[],|,True,24,"['1 pitch: 4.0 seconds', '2 pitch: 3.0 seconds', '3 pitch: 7.0 seconds', '4 pitch: 5.0 seconds', '5 pitch: 3.0 seconds', '6 pitch: 4.0 seconds', '7 pitch: 11.0 seconds', '8 pitch: 30.0 seconds', '9 pitch: 4.0 seconds', '10 pitch: 4.0 seconds', '11 pitch: 3.0 seconds', '12 pitch: 3.0 seconds', '13 pitch: 7.0 seconds', '14 pitch: 15.0 seconds', '15 pitch: 3.0 seconds', '16 pitch: 21.0 seconds', '17 pitch: 5.0 seconds', '18 pitch: 6.0 seconds', '19 pitch: 4.0 seconds', '20 pitch: 6.0 seconds', '21 pitch: 9.0 seconds', '22 pitch: 11.0 seconds', '23 pitch: 6.0 seconds', '24 pitch: 6.0 seconds']",|,False,Counting yawns... 92.0 seconds remaining.,[]
2025-06-30 23:10:51,False,0,[],|,False,0,[],|,False,Counting flickers... 14.0 seconds remaining.,|,False,0,[],|,True,25,"['1 pitch: 4.0 seconds', '2 pitch: 3.0 seconds', '3 pitch: 7.0 seconds', '4 pitch: 5.0 seconds', '5 pitch: 3.0 seconds', '6 pitch: 4.0 seconds', '7 pitch: 11.0 seconds', '8 pitch: 30.0 seconds', '9 pitch: 4.0 seconds', '10 pitch: 4.0 seconds', '11 pitch: 3.0 seconds', '12 pitch: 3.0 seconds', '13 pitch: 7.0 seconds', '14 pitch: 15.0 seconds', '15 pitch: 3.0 seconds', '16 pitch: 21.0 seconds', '17 pitch: 5.0 seconds', '18 pitch: 6.0 seconds', '19 pitch: 4.0 seconds', '20 pitch: 6.0 seconds', '21 pitch: 9.0 seconds', '22 pitch: 11.0 seconds', '23 pitch: 6.0 seconds', '24 pitch: 6.0 seconds', '25 pitch: 4.0 seconds']",|,False,Counting yawns... 78.0 seconds remaining.,[]
2025-06-30 23:11:05,False,0,[],|,False,0,[],|,True,29,|,False,0,[],|,False,Counting pitches...,[],|,False,Counting yawns... 64.0 seconds remaining.,[]
2025-06-30 23:11:09,False,0,[],|,False,0,[],|,False,Counting flickers... 56.0 seconds remaining.,|,False,0,[],|,True,26,"['1 pitch: 4.0 seconds', '2 pitch: 3.0 seconds', '3 pitch: 7.0 seconds', '4 pitch: 5.0 seconds', '5 pitch: 3.0 seconds', '6 pitch: 4.0 seconds', '7 pitch: 11.0 seconds', '8 pitch: 30.0 seconds', '9 pitch: 4.0 seconds', '10 pitch: 4.0 seconds', '11 pitch: 3.0 seconds', '12 pitch: 3.0 seconds', '13 pitch: 7.0 seconds', '14 pitch: 15.0 seconds', '15 pitch: 3.0 seconds', '16 pitch: 21.0 seconds', '17 pitch: 5.0 seconds', '18 pitch: 6.0 seconds', '19 pitch: 4.0 seconds', '20 pitch: 6.0 seconds', '21 pitch: 9.0 seconds', '22 pitch: 11.0 seconds', '23 pitch: 6.0 seconds', '24 pitch: 6.0 seconds', '25 pitch: 4.0 seconds', '26 pitch: 9.0 seconds']",|,False,Counting yawns... 61.0 seconds remaining.,[]
2025-06-30 23:11:17,False,0,[],|,False,0,[],|,False,0,|,True,14,"['1 micro sleep: 2.0 seconds', '2 micro sleep: 2.0 seconds', '3 micro sleep: 2.0 seconds', '4 micro sleep: 2.0 seconds', '5 micro sleep: 6.0 seconds', '6 micro sleep: 2.0 seconds', '7 micro sleep: 2.0 seconds', '8 micro sleep: 2.0 seconds', '9 micro sleep: 2.0 seconds', '10 micro sleep: 2.0 seconds', '11 micro sleep: 2.0 seconds', '12 micro sleep: 10.0 seconds', '13 micro sleep: 2.0 seconds', '14 micro sleep: 3.0 seconds']",|,False,Counting pitches...,[],|,False,Counting yawns... 52.0 seconds remaining.,[]
2025-06-30 23:11:25,False,0,[],|,False,0,[],|,False,0,|,True,15,"['1 micro sleep: 2.0 seconds', '2 micro sleep: 2.0 seconds', '3 micro sleep: 2.0 seconds', '4 micro sleep: 2.0 seconds', '5 micro sleep: 6.0 seconds', '6 micro sleep: 2.0 seconds', '7 micro sleep: 2.0 seconds', '8 micro sleep: 2.0 seconds', '9 micro sleep: 2.0 seconds', '10 micro sleep: 2.0 seconds', '11 micro sleep: 2.0 seconds', '12 micro sleep: 10.0 seconds', '13 micro sleep: 2.0 seconds', '14 micro sleep: 3.0 seconds', '15 micro sleep: 2.0 seconds']",|,False,Counting pitches...,[],|,False,Counting yawns... 44.0 seconds remaining.,[]
2025-06-30 23:11:30,False,0,[],|,False,0,[],|,False,Counting flickers... 35.0 seconds remaining.,|,False,0,[],|,True,27,"['1 pitch: 4.0 seconds', '2 pitch: 3.0 seconds', '3 pitch: 7.0 seconds', '4 pitch: 5.0 seconds', '5 pitch: 3.0 seconds', '6 pitch: 4.0 seconds', '7 pitch: 11.0 seconds', '8 pitch: 30.0 seconds', '9 pitch: 4.0 seconds', '10 pitch: 4.0 seconds', '11 pitch: 3.0 seconds', '12 pitch: 3.0 seconds', '13 pitch: 7.0 seconds', '14 pitch: 15.0 seconds', '15 pitch: 3.0 seconds', '16 pitch: 21.0 seconds', '17 pitch: 5.0 seconds', '18 pitch: 6.0 seconds', '19 pitch: 4.0 seconds', '20 pitch: 6.0 seconds', '21 pitch: 9.0 seconds', '22 pitch: 11.0 seconds', '23 pitch: 6.0 seconds', '24 pitch: 6.0 seconds', '25 pitch: 4.0 seconds', '26 pitch: 9.0 seconds', '27 pitch: 13.0 seconds']",|,False,Counting yawns... 40.0 seconds remaining.,[]
2025-06-30 23:11:55,False,0,[],|,False,0,[],|,False,Counting flickers... 10.0 seconds remaining.,|,False,0,[],|,True,28,"['1 pitch: 4.0 seconds', '2 pitch: 3.0 seconds', '3 pitch: 7.0 seconds', '4 pitch: 5.0 seconds', '5 pitch: 3.0 seconds', '6 pitch: 4.0 seconds', '7 pitch: 11.0 seconds', '8 pitch: 30.0 seconds', '9 pitch: 4.0 seconds', '10 pitch: 4.0 seconds', '11 pitch: 3.0 seconds', '12 pitch: 3.0 seconds', '13 pitch: 7.0 seconds', '14 pitch: 15.0 seconds', '15 pitch: 3.0 seconds', '16 pitch: 21.0 seconds', '17 pitch: 5.0 seconds', '18 pitch: 6.0 seconds', '19 pitch: 4.0 seconds', '20 pitch: 6.0 seconds', '21 pitch: 9.0 seconds', '22 pitch: 11.0 seconds', '23 pitch: 6.0 seconds', '24 pitch: 6.0 seconds', '25 pitch: 4.0 seconds', '26 pitch: 9.0 seconds', '27 pitch: 13.0 seconds', '28 pitch: 22.0 seconds']",|,False,Counting yawns... 14.0 seconds remaining.,[]
2025-06-30 23:12:05,False,0,[],|,False,0,[],|,True,38,|,False,0,[],|,False,Counting pitches...,[],|,False,Counting yawns... 5.0 seconds remaining.,[]
2025-06-30 23:12:07,False,0,[],|,False,0,[],|,False,Counting flickers... 58.0 seconds remaining.,|,False,0,[],|,True,29,"['1 pitch: 4.0 seconds', '2 pitch: 3.0 seconds', '3 pitch: 7.0 seconds', '4 pitch: 5.0 seconds', '5 pitch: 3.0 seconds', '6 pitch: 4.0 seconds', '7 pitch: 11.0 seconds', '8 pitch: 30.0 seconds', '9 pitch: 4.0 seconds', '10 pitch: 4.0 seconds', '11 pitch: 3.0 seconds', '12 pitch: 3.0 seconds', '13 pitch: 7.0 seconds', '14 pitch: 15.0 seconds', '15 pitch: 3.0 seconds', '16 pitch: 21.0 seconds', '17 pitch: 5.0 seconds', '18 pitch: 6.0 seconds', '19 pitch: 4.0 seconds', '20 pitch: 6.0 seconds', '21 pitch: 9.0 seconds', '22 pitch: 11.0 seconds', '23 pitch: 6.0 seconds', '24 pitch: 6.0 seconds', '25 pitch: 4.0 seconds', '26 pitch: 9.0 seconds', '27 pitch: 13.0 seconds', '28 pitch: 22.0 seconds', '29 pitch: 8.0 seconds']",|,False,Counting yawns... 3.0 seconds remaining.,[]
2025-06-30 23:12:09,False,0,[],|,False,0,[],|,False,Counting flickers... 56.0 seconds remaining.,|,False,0,[],|,False,Counting pitches...,[],|,True,0,[]
2025-06-30 23:12:10,True,1,"['1 right eye rub: 2.0 seconds', '2 right eye rub: 2.0 seconds', '1 right eye rub: 2.0 seconds', '1 left eye rub: 3.0 seconds', '1 left eye rub: 2.0 seconds', '2 left eye rub: 2.0 seconds', '3 left eye rub: 2.0 seconds', '4 left eye rub: 2.0 seconds', '5 left eye rub: 6.0 seconds']",|,True,0,"['1 left eye rub: 3.0 seconds', '1 left eye rub: 2.0 seconds']",|,False,Counting flickers... 54.0 seconds remaining.,|,False,0,[],|,False,Counting pitches...,[],|,False,Counting yawns... 179.0 seconds remaining.,[]
2025-06-30 23:12:14,False,0,[],|,False,0,[],|,False,Counting flickers... 50.0 seconds remaining.,|,False,0,[],|,True,30,"['1 pitch: 4.0 seconds', '2 pitch: 3.0 seconds', '3 pitch: 7.0 seconds', '4 pitch: 5.0 seconds', '5 pitch: 3.0 seconds', '6 pitch: 4.0 seconds', '7 pitch: 11.0 seconds', '8 pitch: 30.0 seconds', '9 pitch: 4.0 seconds', '10 pitch: 4.0 seconds', '11 pitch: 3.0 seconds', '12 pitch: 3.0 seconds', '13 pitch: 7.0 seconds', '14 pitch: 15.0 seconds', '15 pitch: 3.0 seconds', '16 pitch: 21.0 seconds', '17 pitch: 5.0 seconds', '18 pitch: 6.0 seconds', '19 pitch: 4.0 seconds', '20 pitch: 6.0 seconds', '21 pitch: 9.0 seconds', '22 pitch: 11.0 seconds', '23 pitch: 6.0 seconds', '24 pitch: 6.0 seconds', '25 pitch: 4.0 seconds', '26 pitch: 9.0 seconds', '27 pitch: 13.0 seconds', '28 pitch: 22.0 seconds', '29 pitch: 8.0 seconds', '30 pitch: 7.0 seconds']",|,False,Counting yawns... 175.0 seconds remaining.,[]
2025-06-30 23:12:24,False,0,[],|,False,0,[],|,False,Counting flickers... 40.0 seconds remaining.,|,False,0,[],|,True,31,"['1 pitch: 4.0 seconds', '2 pitch: 3.0 seconds', '3 pitch: 7.0 seconds', '4 pitch: 5.0 seconds', '5 pitch: 3.0 seconds', '6 pitch: 4.0 seconds', '7 pitch: 11.0 seconds', '8 pitch: 30.0 seconds', '9 pitch: 4.0 seconds', '10 pitch: 4.0 seconds', '11 pitch: 3.0 seconds', '12 pitch: 3.0 seconds', '13 pitch: 7.0 seconds', '14 pitch: 15.0 seconds', '15 pitch: 3.0 seconds', '16 pitch: 21.0 seconds', '17 pitch: 5.0 seconds', '18 pitch: 6.0 seconds', '19 pitch: 4.0 seconds', '20 pitch: 6.0 seconds', '21 pitch: 9.0 seconds', '22 pitch: 11.0 seconds', '23 pitch: 6.0 seconds', '24 pitch: 6.0 seconds', '25 pitch: 4.0 seconds', '26 pitch: 9.0 seconds', '27 pitch: 13.0 seconds', '28 pitch: 22.0 seconds', '29 pitch: 8.0 seconds', '30 pitch: 7.0 seconds', '31 pitch: 8.0 seconds']",|,False,Counting yawns... 165.0 seconds remaining.,[]
2025-06-30 23:12:49,False,0,[],|,False,0,[],|,False,Counting flickers... 16.0 seconds remaining.,|,False,0,[],|,True,32,"['1 pitch: 4.0 seconds', '2 pitch: 3.0 seconds', '3 pitch: 7.0 seconds', '4 pitch: 5.0 seconds', '5 pitch: 3.0 seconds', '6 pitch: 4.0 seconds', '7 pitch: 11.0 seconds', '8 pitch: 30.0 seconds', '9 pitch: 4.0 seconds', '10 pitch: 4.0 seconds', '11 pitch: 3.0 seconds', '12 pitch: 3.0 seconds', '13 pitch: 7.0 seconds', '14 pitch: 15.0 seconds', '15 pitch: 3.0 seconds', '16 pitch: 21.0 seconds', '17 pitch: 5.0 seconds', '18 pitch: 6.0 seconds', '19 pitch: 4.0 seconds', '20 pitch: 6.0 seconds', '21 pitch: 9.0 seconds', '22 pitch: 11.0 seconds', '23 pitch: 6.0 seconds', '24 pitch: 6.0 seconds', '25 pitch: 4.0 seconds', '26 pitch: 9.0 seconds', '27 pitch: 13.0 seconds', '28 pitch: 22.0 seconds', '29 pitch: 8.0 seconds', '30 pitch: 7.0 seconds', '31 pitch: 8.0 seconds', '32 pitch: 15.0 seconds']",|,False,Counting yawns... 140.0 seconds remaining.,[]
2025-06-30 23:13:01,False,0,[],|,False,0,[],|,False,Counting flickers... 4.0 seconds remaining.,|,False,0,[],|,True,33,"['1 pitch: 4.0 seconds', '2 pitch: 3.0 seconds', '3 pitch: 7.0 seconds', '4 pitch: 5.0 seconds', '5 pitch: 3.0 seconds', '6 pitch: 4.0 seconds', '7 pitch: 11.0 seconds', '8 pitch: 30.0 seconds', '9 pitch: 4.0 seconds', '10 pitch: 4.0 seconds', '11 pitch: 3.0 seconds', '12 pitch: 3.0 seconds', '13 pitch: 7.0 seconds', '14 pitch: 15.0 seconds', '15 pitch: 3.0 seconds', '16 pitch: 21.0 seconds', '17 pitch: 5.0 seconds', '18 pitch: 6.0 seconds', '19 pitch: 4.0 seconds', '20 pitch: 6.0 seconds', '21 pitch: 9.0 seconds', '22 pitch: 11.0 seconds', '23 pitch: 6.0 seconds', '24 pitch: 6.0 seconds', '25 pitch: 4.0 seconds', '26 pitch: 9.0 seconds', '27 pitch: 13.0 seconds', '28 pitch: 22.0 seconds', '29 pitch: 8.0 seconds', '30 pitch: 7.0 seconds', '31 pitch: 8.0 seconds', '32 pitch: 15.0 seconds', '33 pitch: 8.0 seconds']",|,False,Counting yawns... 128.0 seconds remaining.,[]
2025-06-30 23:13:04,False,0,[],|,False,0,[],|,True,35,|,False,0,[],|,False,Counting pitches...,[],|,False,Counting yawns... 125.0 seconds remaining.,[]
2025-06-30 23:15:15,False,0,[],|,False,0,[],|,False,Counting flickers... 43.0 seconds remaining.,|,False,0,[],|,True,1,['1 pitch: 5.0 seconds'],|,False,Counting yawns... 163.0 seconds remaining.,[]
2025-06-30 23:15:50,False,0,[],|,False,0,[],|,False,0,|,True,1,['1 micro sleep: 3.0 seconds'],|,False,Counting pitches...,[],|,False,Counting yawns... 128.0 seconds remaining.,[]
2025-06-30 23:15:50,False,0,[],|,False,0,[],|,False,Counting flickers... 8.0 seconds remaining.,|,False,0,[],|,True,2,"['1 pitch: 5.0 seconds', '2 pitch: 11.0 seconds']",|,False,Counting yawns... 128.0 seconds remaining.,[]
2025-06-30 23:15:54,False,0,[],|,False,0,[],|,False,Counting flickers... 4.0 seconds remaining.,|,False,0,[],|,True,3,"['1 pitch: 5.0 seconds', '2 pitch: 11.0 seconds', '3 pitch: 3.0 seconds']",|,False,Counting yawns... 124.0 seconds remaining.,[]
2025-06-30 23:15:58,False,0,[],|,False,0,[],|,True,23,|,False,0,[],|,False,Counting pitches...,[],|,False,Counting yawns... 120.0 seconds remaining.,[]
2025-06-30 23:16:00,False,0,[],|,False,0,[],|,False,Counting flickers... 58.0 seconds remaining.,|,False,0,[],|,True,4,"['1 pitch: 5.0 seconds', '2 pitch: 11.0 seconds', '3 pitch: 3.0 seconds', '4 pitch: 4.0 seconds']",|,False,Counting yawns... 118.0 seconds remaining.,[]
2025-06-30 23:16:17,False,0,[],|,False,0,[],|,False,0,|,True,2,"['1 micro sleep: 3.0 seconds', '2 micro sleep: 2.0 seconds']",|,False,Counting pitches...,[],|,False,Counting yawns... 101.0 seconds remaining.,[]
2025-06-30 23:16:24,False,0,[],|,False,0,[],|,False,Counting flickers... 33.0 seconds remaining.,|,False,0,[],|,True,5,"['1 pitch: 5.0 seconds', '2 pitch: 11.0 seconds', '3 pitch: 3.0 seconds', '4 pitch: 4.0 seconds', '5 pitch: 20.0 seconds']",|,False,Counting yawns... 94.0 seconds remaining.,[]
2025-06-30 23:16:36,False,0,[],|,False,0,[],|,False,Counting flickers... 21.0 seconds remaining.,|,False,0,[],|,True,6,"['1 pitch: 5.0 seconds', '2 pitch: 11.0 seconds', '3 pitch: 3.0 seconds', '4 pitch: 4.0 seconds', '5 pitch: 20.0 seconds', '6 pitch: 6.0 seconds']",|,False,Counting yawns... 82.0 seconds remaining.,[]
2025-06-30 23:16:41,False,0,[],|,False,0,[],|,False,0,|,True,3,"['1 micro sleep: 3.0 seconds', '2 micro sleep: 2.0 seconds', '3 micro sleep: 2.0 seconds']",|,False,Counting pitches...,[],|,False,Counting yawns... 77.0 seconds remaining.,[]
2025-06-30 23:16:45,False,0,[],|,False,0,[],|,False,Counting flickers... 12.0 seconds remaining.,|,False,0,[],|,True,7,"['1 pitch: 5.0 seconds', '2 pitch: 11.0 seconds', '3 pitch: 3.0 seconds', '4 pitch: 4.0 seconds', '5 pitch: 20.0 seconds', '6 pitch: 6.0 seconds', '7 pitch: 7.0 seconds']",|,False,Counting yawns... 73.0 seconds remaining.,[]
2025-06-30 23:16:57,False,0,[],|,False,0,[],|,True,45,|,False,0,[],|,False,Counting pitches...,[],|,False,Counting yawns... 61.0 seconds remaining.,[]
2025-06-30 23:16:58,False,0,[],|,False,0,[],|,False,Counting flickers... 59.0 seconds remaining.,|,False,0,[],|,True,8,"['1 pitch: 5.0 seconds', '2 pitch: 11.0 seconds', '3 pitch: 3.0 seconds', '4 pitch: 4.0 seconds', '5 pitch: 20.0 seconds', '6 pitch: 6.0 seconds', '7 pitch: 7.0 seconds', '8 pitch: 8.0 seconds']",|,False,Counting yawns... 60.0 seconds remaining.,[]
2025-06-30 23:17:17,False,0,[],|,False,0,[],|,False,Counting flickers... 41.0 seconds remaining.,|,False,0,[],|,True,9,"['1 pitch: 5.0 seconds', '2 pitch: 11.0 seconds', '3 pitch: 3.0 seconds', '4 pitch: 4.0 seconds', '5 pitch: 20.0 seconds', '6 pitch: 6.0 seconds', '7 pitch: 7.0 seconds', '8 pitch: 8.0 seconds', '9 pitch: 5.0 seconds']",|,False,Counting yawns... 41.0 seconds remaining.,[]
2025-06-30 23:17:30,False,0,[],|,False,0,[],|,False,Counting flickers... 27.0 seconds remaining.,|,False,0,[],|,True,10,"['1 pitch: 5.0 seconds', '2 pitch: 11.0 seconds', '3 pitch: 3.0 seconds', '4 pitch: 4.0 seconds', '5 pitch: 20.0 seconds', '6 pitch: 6.0 seconds', '7 pitch: 7.0 seconds', '8 pitch: 8.0 seconds', '9 pitch: 5.0 seconds', '10 pitch: 7.0 seconds']",|,False,Counting yawns... 28.0 seconds remaining.,[]
2025-06-30 23:17:48,False,0,[],|,False,0,[],|,False,Counting flickers... 9.0 seconds remaining.,|,False,0,[],|,True,11,"['1 pitch: 5.0 seconds', '2 pitch: 11.0 seconds', '3 pitch: 3.0 seconds', '4 pitch: 4.0 seconds', '5 pitch: 20.0 seconds', '6 pitch: 6.0 seconds', '7 pitch: 7.0 seconds', '8 pitch: 8.0 seconds', '9 pitch: 5.0 seconds', '10 pitch: 7.0 seconds', '11 pitch: 4.0 seconds']",|,False,Counting yawns... 10.0 seconds remaining.,[]
2025-06-30 23:17:57,False,0,[],|,False,0,[],|,True,38,|,False,0,[],|,False,Counting pitches...,[],|,False,Counting yawns... 1.0 seconds remaining.,[]
2025-06-30 23:17:58,False,0,[],|,False,0,[],|,False,Counting flickers... 59.0 seconds remaining.,|,False,0,[],|,False,Counting pitches...,[],|,True,0,[]
2025-06-30 23:18:10,False,0,[],|,False,0,[],|,False,Counting flickers... 47.0 seconds remaining.,|,False,0,[],|,True,12,"['1 pitch: 5.0 seconds', '2 pitch: 11.0 seconds', '3 pitch: 3.0 seconds', '4 pitch: 4.0 seconds', '5 pitch: 20.0 seconds', '6 pitch: 6.0 seconds', '7 pitch: 7.0 seconds', '8 pitch: 8.0 seconds', '9 pitch: 5.0 seconds', '10 pitch: 7.0 seconds', '11 pitch: 4.0 seconds', '12 pitch: 9.0 seconds']",|,False,Counting yawns... 168.0 seconds remaining.,[]
2025-06-30 23:18:34,False,0,[],|,False,0,[],|,False,0,|,True,4,"['1 micro sleep: 3.0 seconds', '2 micro sleep: 2.0 seconds', '3 micro sleep: 2.0 seconds', '4 micro sleep: 8.0 seconds']",|,False,Counting pitches...,[],|,False,Counting yawns... 144.0 seconds remaining.,[]
2025-06-30 23:18:55,False,0,[],|,False,0,[],|,False,Counting flickers... 2.0 seconds remaining.,|,False,0,[],|,True,13,"['1 pitch: 5.0 seconds', '2 pitch: 11.0 seconds', '3 pitch: 3.0 seconds', '4 pitch: 4.0 seconds', '5 pitch: 20.0 seconds', '6 pitch: 6.0 seconds', '7 pitch: 7.0 seconds', '8 pitch: 8.0 seconds', '9 pitch: 5.0 seconds', '10 pitch: 7.0 seconds', '11 pitch: 4.0 seconds', '12 pitch: 9.0 seconds', '13 pitch: 6.0 seconds']",|,False,Counting yawns... 123.0 seconds remaining.,[]
2025-06-30 23:18:56,False,0,[],|,False,0,[],|,True,27,|,False,0,[],|,False,Counting pitches...,[],|,False,Counting yawns... 121.0 seconds remaining.,[]
2025-06-30 23:19:05,False,0,[],|,False,0,[],|,False,Counting flickers... 51.0 seconds remaining.,|,False,0,[],|,True,14,"['1 pitch: 5.0 seconds', '2 pitch: 11.0 seconds', '3 pitch: 3.0 seconds', '4 pitch: 4.0 seconds', '5 pitch: 20.0 seconds', '6 pitch: 6.0 seconds', '7 pitch: 7.0 seconds', '8 pitch: 8.0 seconds', '9 pitch: 5.0 seconds', '10 pitch: 7.0 seconds', '11 pitch: 4.0 seconds', '12 pitch: 9.0 seconds', '13 pitch: 6.0 seconds', '14 pitch: 3.0 seconds']",|,False,Counting yawns... 112.0 seconds remaining.,[]
2025-06-30 23:19:21,False,0,[],|,False,0,[],|,False,Counting flickers... 36.0 seconds remaining.,|,False,0,[],|,True,15,"['1 pitch: 5.0 seconds', '2 pitch: 11.0 seconds', '3 pitch: 3.0 seconds', '4 pitch: 4.0 seconds', '5 pitch: 20.0 seconds', '6 pitch: 6.0 seconds', '7 pitch: 7.0 seconds', '8 pitch: 8.0 seconds', '9 pitch: 5.0 seconds', '10 pitch: 7.0 seconds', '11 pitch: 4.0 seconds', '12 pitch: 9.0 seconds', '13 pitch: 6.0 seconds', '14 pitch: 3.0 seconds', '15 pitch: 3.0 seconds']",|,False,Counting yawns... 97.0 seconds remaining.,[]
2025-06-30 23:19:33,False,0,[],|,False,0,[],|,False,Counting flickers... 23.0 seconds remaining.,|,False,0,[],|,True,16,"['1 pitch: 5.0 seconds', '2 pitch: 11.0 seconds', '3 pitch: 3.0 seconds', '4 pitch: 4.0 seconds', '5 pitch: 20.0 seconds', '6 pitch: 6.0 seconds', '7 pitch: 7.0 seconds', '8 pitch: 8.0 seconds', '9 pitch: 5.0 seconds', '10 pitch: 7.0 seconds', '11 pitch: 4.0 seconds', '12 pitch: 9.0 seconds', '13 pitch: 6.0 seconds', '14 pitch: 3.0 seconds', '15 pitch: 3.0 seconds', '16 pitch: 3.0 seconds']",|,False,Counting yawns... 84.0 seconds remaining.,[]
2025-06-30 23:19:43,False,0,[],|,False,0,[],|,False,Counting flickers... 13.0 seconds remaining.,|,False,0,[],|,True,17,"['1 pitch: 5.0 seconds', '2 pitch: 11.0 seconds', '3 pitch: 3.0 seconds', '4 pitch: 4.0 seconds', '5 pitch: 20.0 seconds', '6 pitch: 6.0 seconds', '7 pitch: 7.0 seconds', '8 pitch: 8.0 seconds', '9 pitch: 5.0 seconds', '10 pitch: 7.0 seconds', '11 pitch: 4.0 seconds', '12 pitch: 9.0 seconds', '13 pitch: 6.0 seconds', '14 pitch: 3.0 seconds', '15 pitch: 3.0 seconds', '16 pitch: 3.0 seconds', '17 pitch: 5.0 seconds']",|,False,Counting yawns... 74.0 seconds remaining.,[]
2025-06-30 23:19:54,False,0,[],|,False,0,[],|,False,Counting flickers... 2.0 seconds remaining.,|,False,0,[],|,True,18,"['1 pitch: 5.0 seconds', '2 pitch: 11.0 seconds', '3 pitch: 3.0 seconds', '4 pitch: 4.0 seconds', '5 pitch: 20.0 seconds', '6 pitch: 6.0 seconds', '7 pitch: 7.0 seconds', '8 pitch: 8.0 seconds', '9 pitch: 5.0 seconds', '10 pitch: 7.0 seconds', '11 pitch: 4.0 seconds', '12 pitch: 9.0 seconds', '13 pitch: 6.0 seconds', '14 pitch: 3.0 seconds', '15 pitch: 3.0 seconds', '16 pitch: 3.0 seconds', '17 pitch: 5.0 seconds', '18 pitch: 7.0 seconds']",|,False,Counting yawns... 63.0 seconds remaining.,[]
2025-06-30 23:19:56,False,0,[],|,False,0,[],|,True,23,|,False,0,[],|,False,Counting pitches...,[],|,False,Counting yawns... 62.0 seconds remaining.,[]
2025-06-30 23:19:58,True,16,"['1 right eye rub: 3.0 seconds', '2 right eye rub: 2.0 seconds', '3 right eye rub: 2.0 seconds', '4 right eye rub: 2.0 seconds', '5 right eye rub: 2.0 seconds', '6 right eye rub: 7.0 seconds', '7 right eye rub: 4.0 seconds', '8 right eye rub: 2.0 seconds', '9 right eye rub: 7.0 seconds', '1 left eye rub: 4.0 seconds', '2 left eye rub: 6.0 seconds', '3 left eye rub: 5.0 seconds', '4 left eye rub: 3.0 seconds', '5 left eye rub: 2.0 seconds', '6 left eye rub: 4.0 seconds', '7 left eye rub: 2.0 seconds']",|,True,0,[],|,False,Counting flickers... 58.0 seconds remaining.,|,False,0,[],|,False,Counting pitches...,[],|,False,Counting yawns... 60.0 seconds remaining.,[]
2025-06-30 23:20:01,False,0,[],|,False,0,[],|,False,0,|,True,5,"['1 micro sleep: 3.0 seconds', '2 micro sleep: 2.0 seconds', '3 micro sleep: 2.0 seconds', '4 micro sleep: 8.0 seconds', '5 micro sleep: 2.0 seconds']",|,False,Counting pitches...,[],|,False,Counting yawns... 57.0 seconds remaining.,[]
2025-06-30 23:20:10,False,0,[],|,False,0,[],|,False,Counting flickers... 46.0 seconds remaining.,|,False,0,[],|,True,19,"['1 pitch: 5.0 seconds', '2 pitch: 11.0 seconds', '3 pitch: 3.0 seconds', '4 pitch: 4.0 seconds', '5 pitch: 20.0 seconds', '6 pitch: 6.0 seconds', '7 pitch: 7.0 seconds', '8 pitch: 8.0 seconds', '9 pitch: 5.0 seconds', '10 pitch: 7.0 seconds', '11 pitch: 4.0 seconds', '12 pitch: 9.0 seconds', '13 pitch: 6.0 seconds', '14 pitch: 3.0 seconds', '15 pitch: 3.0 seconds', '16 pitch: 3.0 seconds', '17 pitch: 5.0 seconds', '18 pitch: 7.0 seconds', '19 pitch: 6.0 seconds']",|,False,Counting yawns... 48.0 seconds remaining.,[]
2025-06-30 23:20:14,False,0,[],|,False,0,[],|,False,Counting flickers... 42.0 seconds remaining.,|,False,0,[],|,True,20,"['1 pitch: 5.0 seconds', '2 pitch: 11.0 seconds', '3 pitch: 3.0 seconds', '4 pitch: 4.0 seconds', '5 pitch: 20.0 seconds', '6 pitch: 6.0 seconds', '7 pitch: 7.0 seconds', '8 pitch: 8.0 seconds', '9 pitch: 5.0 seconds', '10 pitch: 7.0 seconds', '11 pitch: 4.0 seconds', '12 pitch: 9.0 seconds', '13 pitch: 6.0 seconds', '14 pitch: 3.0 seconds', '15 pitch: 3.0 seconds', '16 pitch: 3.0 seconds', '17 pitch: 5.0 seconds', '18 pitch: 7.0 seconds', '19 pitch: 6.0 seconds', '20 pitch: 3.0 seconds']",|,False,Counting yawns... 44.0 seconds remaining.,[]
2025-06-30 23:20:20,False,0,[],|,False,0,[],|,False,Counting flickers... 36.0 seconds remaining.,|,False,0,[],|,True,21,"['1 pitch: 5.0 seconds', '2 pitch: 11.0 seconds', '3 pitch: 3.0 seconds', '4 pitch: 4.0 seconds', '5 pitch: 20.0 seconds', '6 pitch: 6.0 seconds', '7 pitch: 7.0 seconds', '8 pitch: 8.0 seconds', '9 pitch: 5.0 seconds', '10 pitch: 7.0 seconds', '11 pitch: 4.0 seconds', '12 pitch: 9.0 seconds', '13 pitch: 6.0 seconds', '14 pitch: 3.0 seconds', '15 pitch: 3.0 seconds', '16 pitch: 3.0 seconds', '17 pitch: 5.0 seconds', '18 pitch: 7.0 seconds', '19 pitch: 6.0 seconds', '20 pitch: 3.0 seconds', '21 pitch: 4.0 seconds']",|,False,Counting yawns... 37.0 seconds remaining.,[]
2025-06-30 23:20:55,False,0,[],|,False,0,[],|,True,43,|,False,0,[],|,False,Counting pitches...,[],|,False,Counting yawns... 2.0 seconds remaining.,[]
2025-06-30 23:20:57,False,0,[],|,False,0,[],|,False,Counting flickers... 58.0 seconds remaining.,|,False,0,[],|,False,Counting pitches...,[],|,True,0,[]
2025-06-30 23:20:59,False,0,[],|,False,0,[],|,False,Counting flickers... 57.0 seconds remaining.,|,False,0,[],|,True,22,"['1 pitch: 5.0 seconds', '2 pitch: 11.0 seconds', '3 pitch: 3.0 seconds', '4 pitch: 4.0 seconds', '5 pitch: 20.0 seconds', '6 pitch: 6.0 seconds', '7 pitch: 7.0 seconds', '8 pitch: 8.0 seconds', '9 pitch: 5.0 seconds', '10 pitch: 7.0 seconds', '11 pitch: 4.0 seconds', '12 pitch: 9.0 seconds', '13 pitch: 6.0 seconds', '14 pitch: 3.0 seconds', '15 pitch: 3.0 seconds', '16 pitch: 3.0 seconds', '17 pitch: 5.0 seconds', '18 pitch: 7.0 seconds', '19 pitch: 6.0 seconds', '20 pitch: 3.0 seconds', '21 pitch: 4.0 seconds', '22 pitch: 3.0 seconds']",|,False,Counting yawns... 179.0 seconds remaining.,[]
2025-06-30 23:21:06,False,0,[],|,False,0,[],|,False,0,|,True,6,"['1 micro sleep: 3.0 seconds', '2 micro sleep: 2.0 seconds', '3 micro sleep: 2.0 seconds', '4 micro sleep: 8.0 seconds', '5 micro sleep: 2.0 seconds', '6 micro sleep: 3.0 seconds']",|,False,Counting pitches...,[],|,False,Counting yawns... 171.0 seconds remaining.,[]
2025-06-30 23:21:11,False,0,[],|,False,0,[],|,False,Counting flickers... 45.0 seconds remaining.,|,False,0,[],|,True,23,"['1 pitch: 5.0 seconds', '2 pitch: 11.0 seconds', '3 pitch: 3.0 seconds', '4 pitch: 4.0 seconds', '5 pitch: 20.0 seconds', '6 pitch: 6.0 seconds', '7 pitch: 7.0 seconds', '8 pitch: 8.0 seconds', '9 pitch: 5.0 seconds', '10 pitch: 7.0 seconds', '11 pitch: 4.0 seconds', '12 pitch: 9.0 seconds', '13 pitch: 6.0 seconds', '14 pitch: 3.0 seconds', '15 pitch: 3.0 seconds', '16 pitch: 3.0 seconds', '17 pitch: 5.0 seconds', '18 pitch: 7.0 seconds', '19 pitch: 6.0 seconds', '20 pitch: 3.0 seconds', '21 pitch: 4.0 seconds', '22 pitch: 3.0 seconds', '23 pitch: 3.0 seconds']",|,False,Counting yawns... 166.0 seconds remaining.,[]
2025-06-30 23:21:30,False,0,[],|,False,0,[],|,False,Counting flickers... 26.0 seconds remaining.,|,False,0,[],|,True,24,"['1 pitch: 5.0 seconds', '2 pitch: 11.0 seconds', '3 pitch: 3.0 seconds', '4 pitch: 4.0 seconds', '5 pitch: 20.0 seconds', '6 pitch: 6.0 seconds', '7 pitch: 7.0 seconds', '8 pitch: 8.0 seconds', '9 pitch: 5.0 seconds', '10 pitch: 7.0 seconds', '11 pitch: 4.0 seconds', '12 pitch: 9.0 seconds', '13 pitch: 6.0 seconds', '14 pitch: 3.0 seconds', '15 pitch: 3.0 seconds', '16 pitch: 3.0 seconds', '17 pitch: 5.0 seconds', '18 pitch: 7.0 seconds', '19 pitch: 6.0 seconds', '20 pitch: 3.0 seconds', '21 pitch: 4.0 seconds', '22 pitch: 3.0 seconds', '23 pitch: 3.0 seconds', '24 pitch: 8.0 seconds']",|,False,Counting yawns... 147.0 seconds remaining.,[]
2025-06-30 23:21:30,False,0,[],|,False,0,[],|,False,0,|,True,7,"['1 micro sleep: 3.0 seconds', '2 micro sleep: 2.0 seconds', '3 micro sleep: 2.0 seconds', '4 micro sleep: 8.0 seconds', '5 micro sleep: 2.0 seconds', '6 micro sleep: 3.0 seconds', '7 micro sleep: 2.0 seconds']",|,False,Counting pitches...,[],|,False,Counting yawns... 147.0 seconds remaining.,[]
2025-06-30 23:21:52,False,0,[],|,False,0,[],|,False,Counting flickers... 3.0 seconds remaining.,|,False,0,[],|,True,25,"['1 pitch: 5.0 seconds', '2 pitch: 11.0 seconds', '3 pitch: 3.0 seconds', '4 pitch: 4.0 seconds', '5 pitch: 20.0 seconds', '6 pitch: 6.0 seconds', '7 pitch: 7.0 seconds', '8 pitch: 8.0 seconds', '9 pitch: 5.0 seconds', '10 pitch: 7.0 seconds', '11 pitch: 4.0 seconds', '12 pitch: 9.0 seconds', '13 pitch: 6.0 seconds', '14 pitch: 3.0 seconds', '15 pitch: 3.0 seconds', '16 pitch: 3.0 seconds', '17 pitch: 5.0 seconds', '18 pitch: 7.0 seconds', '19 pitch: 6.0 seconds', '20 pitch: 3.0 seconds', '21 pitch: 4.0 seconds', '22 pitch: 3.0 seconds', '23 pitch: 3.0 seconds', '24 pitch: 8.0 seconds', '25 pitch: 18.0 seconds']",|,False,Counting yawns... 125.0 seconds remaining.,[]
2025-06-30 23:21:55,False,0,[],|,False,0,[],|,True,36,|,False,0,[],|,False,Counting pitches...,[],|,False,Counting yawns... 122.0 seconds remaining.,[]
2025-06-30 23:22:37,False,0,[],|,False,0,[],|,False,0,|,True,8,"['1 micro sleep: 3.0 seconds', '2 micro sleep: 2.0 seconds', '3 micro sleep: 2.0 seconds', '4 micro sleep: 8.0 seconds', '5 micro sleep: 2.0 seconds', '6 micro sleep: 3.0 seconds', '7 micro sleep: 2.0 seconds', '8 micro sleep: 2.0 seconds']",|,False,Counting pitches...,[],|,False,Counting yawns... 80.0 seconds remaining.,[]
2025-06-30 23:22:55,False,0,[],|,False,0,[],|,True,19,|,False,0,[],|,False,Counting pitches...,[],|,False,Counting yawns... 63.0 seconds remaining.,[]
2025-06-30 23:23:05,False,0,[],|,False,0,[],|,False,0,|,True,9,"['1 micro sleep: 3.0 seconds', '2 micro sleep: 2.0 seconds', '3 micro sleep: 2.0 seconds', '4 micro sleep: 8.0 seconds', '5 micro sleep: 2.0 seconds', '6 micro sleep: 3.0 seconds', '7 micro sleep: 2.0 seconds', '8 micro sleep: 2.0 seconds', '9 micro sleep: 2.0 seconds']",|,False,Counting pitches...,[],|,False,Counting yawns... 52.0 seconds remaining.,[]
2025-06-30 23:23:17,False,0,[],|,False,0,[],|,False,Counting flickers... 37.0 seconds remaining.,|,False,0,[],|,True,26,"['1 pitch: 5.0 seconds', '2 pitch: 11.0 seconds', '3 pitch: 3.0 seconds', '4 pitch: 4.0 seconds', '5 pitch: 20.0 seconds', '6 pitch: 6.0 seconds', '7 pitch: 7.0 seconds', '8 pitch: 8.0 seconds', '9 pitch: 5.0 seconds', '10 pitch: 7.0 seconds', '11 pitch: 4.0 seconds', '12 pitch: 9.0 seconds', '13 pitch: 6.0 seconds', '14 pitch: 3.0 seconds', '15 pitch: 3.0 seconds', '16 pitch: 3.0 seconds', '17 pitch: 5.0 seconds', '18 pitch: 7.0 seconds', '19 pitch: 6.0 seconds', '20 pitch: 3.0 seconds', '21 pitch: 4.0 seconds', '22 pitch: 3.0 seconds', '23 pitch: 3.0 seconds', '24 pitch: 8.0 seconds', '25 pitch: 18.0 seconds', '26 pitch: 4.0 seconds']",|,False,Counting yawns... 40.0 seconds remaining.,[]
2025-06-30 23:23:22,False,0,[],|,False,0,[],|,False,0,|,True,10,"['1 micro sleep: 3.0 seconds', '2 micro sleep: 2.0 seconds', '3 micro sleep: 2.0 seconds', '4 micro sleep: 8.0 seconds', '5 micro sleep: 2.0 seconds', '6 micro sleep: 3.0 seconds', '7 micro sleep: 2.0 seconds', '8 micro sleep: 2.0 seconds', '9 micro sleep: 2.0 seconds', '10 micro sleep: 2.0 seconds']",|,False,Counting pitches...,[],|,False,Counting yawns... 35.0 seconds remaining.,[]
2025-06-30 23:23:49,False,0,[],|,False,0,[],|,False,Counting flickers... 5.0 seconds remaining.,|,False,0,[],|,True,27,"['1 pitch: 5.0 seconds', '2 pitch: 11.0 seconds', '3 pitch: 3.0 seconds', '4 pitch: 4.0 seconds', '5 pitch: 20.0 seconds', '6 pitch: 6.0 seconds', '7 pitch: 7.0 seconds', '8 pitch: 8.0 seconds', '9 pitch: 5.0 seconds', '10 pitch: 7.0 seconds', '11 pitch: 4.0 seconds', '12 pitch: 9.0 seconds', '13 pitch: 6.0 seconds', '14 pitch: 3.0 seconds', '15 pitch: 3.0 seconds', '16 pitch: 3.0 seconds', '17 pitch: 5.0 seconds', '18 pitch: 7.0 seconds', '19 pitch: 6.0 seconds', '20 pitch: 3.0 seconds', '21 pitch: 4.0 seconds', '22 pitch: 3.0 seconds', '23 pitch: 3.0 seconds', '24 pitch: 8.0 seconds', '25 pitch: 18.0 seconds', '26 pitch: 4.0 seconds', '27 pitch: 8.0 seconds']",|,False,Counting yawns... 8.0 seconds remaining.,[]
2025-06-30 23:23:54,False,0,[],|,False,0,[],|,True,27,|,False,0,[],|,False,Counting pitches...,[],|,False,Counting yawns... 3.0 seconds remaining.,[]
2025-06-30 23:23:57,False,0,[],|,False,0,[],|,False,Counting flickers... 57.0 seconds remaining.,|,False,0,[],|,False,Counting pitches...,[],|,True,0,[]
2025-06-30 23:24:05,False,0,[],|,False,0,[],|,False,Counting flickers... 49.0 seconds remaining.,|,False,0,[],|,True,28,"['1 pitch: 5.0 seconds', '2 pitch: 11.0 seconds', '3 pitch: 3.0 seconds', '4 pitch: 4.0 seconds', '5 pitch: 20.0 seconds', '6 pitch: 6.0 seconds', '7 pitch: 7.0 seconds', '8 pitch: 8.0 seconds', '9 pitch: 5.0 seconds', '10 pitch: 7.0 seconds', '11 pitch: 4.0 seconds', '12 pitch: 9.0 seconds', '13 pitch: 6.0 seconds', '14 pitch: 3.0 seconds', '15 pitch: 3.0 seconds', '16 pitch: 3.0 seconds', '17 pitch: 5.0 seconds', '18 pitch: 7.0 seconds', '19 pitch: 6.0 seconds', '20 pitch: 3.0 seconds', '21 pitch: 4.0 seconds', '22 pitch: 3.0 seconds', '23 pitch: 3.0 seconds', '24 pitch: 8.0 seconds', '25 pitch: 18.0 seconds', '26 pitch: 4.0 seconds', '27 pitch: 8.0 seconds', '28 pitch: 3.0 seconds']",|,False,Counting yawns... 172.0 seconds remaining.,[]
2025-06-30 23:24:27,False,0,[],|,False,0,[],|,False,Counting flickers... 27.0 seconds remaining.,|,False,0,[],|,True,29,"['1 pitch: 5.0 seconds', '2 pitch: 11.0 seconds', '3 pitch: 3.0 seconds', '4 pitch: 4.0 seconds', '5 pitch: 20.0 seconds', '6 pitch: 6.0 seconds', '7 pitch: 7.0 seconds', '8 pitch: 8.0 seconds', '9 pitch: 5.0 seconds', '10 pitch: 7.0 seconds', '11 pitch: 4.0 seconds', '12 pitch: 9.0 seconds', '13 pitch: 6.0 seconds', '14 pitch: 3.0 seconds', '15 pitch: 3.0 seconds', '16 pitch: 3.0 seconds', '17 pitch: 5.0 seconds', '18 pitch: 7.0 seconds', '19 pitch: 6.0 seconds', '20 pitch: 3.0 seconds', '21 pitch: 4.0 seconds', '22 pitch: 3.0 seconds', '23 pitch: 3.0 seconds', '24 pitch: 8.0 seconds', '25 pitch: 18.0 seconds', '26 pitch: 4.0 seconds', '27 pitch: 8.0 seconds', '28 pitch: 3.0 seconds', '29 pitch: 10.0 seconds']",|,False,Counting yawns... 149.0 seconds remaining.,[]
2025-06-30 23:24:51,False,0,[],|,False,0,[],|,False,Counting flickers... 3.0 seconds remaining.,|,False,0,[],|,True,30,"['1 pitch: 5.0 seconds', '2 pitch: 11.0 seconds', '3 pitch: 3.0 seconds', '4 pitch: 4.0 seconds', '5 pitch: 20.0 seconds', '6 pitch: 6.0 seconds', '7 pitch: 7.0 seconds', '8 pitch: 8.0 seconds', '9 pitch: 5.0 seconds', '10 pitch: 7.0 seconds', '11 pitch: 4.0 seconds', '12 pitch: 9.0 seconds', '13 pitch: 6.0 seconds', '14 pitch: 3.0 seconds', '15 pitch: 3.0 seconds', '16 pitch: 3.0 seconds', '17 pitch: 5.0 seconds', '18 pitch: 7.0 seconds', '19 pitch: 6.0 seconds', '20 pitch: 3.0 seconds', '21 pitch: 4.0 seconds', '22 pitch: 3.0 seconds', '23 pitch: 3.0 seconds', '24 pitch: 8.0 seconds', '25 pitch: 18.0 seconds', '26 pitch: 4.0 seconds', '27 pitch: 8.0 seconds', '28 pitch: 3.0 seconds', '29 pitch: 10.0 seconds', '30 pitch: 18.0 seconds']",|,False,Counting yawns... 125.0 seconds remaining.,[]
2025-06-30 23:24:54,False,0,[],|,False,0,[],|,True,31,|,False,0,[],|,False,Counting pitches...,[],|,False,Counting yawns... 123.0 seconds remaining.,[]
2025-06-30 23:24:57,True,1,"['1 right eye rub: 3.0 seconds', '2 right eye rub: 2.0 seconds', '3 right eye rub: 2.0 seconds', '4 right eye rub: 2.0 seconds', '5 right eye rub: 2.0 seconds', '6 right eye rub: 7.0 seconds', '7 right eye rub: 4.0 seconds', '8 right eye rub: 2.0 seconds', '9 right eye rub: 7.0 seconds', '1 right eye rub: 2.0 seconds', '1 left eye rub: 4.0 seconds', '2 left eye rub: 6.0 seconds', '3 left eye rub: 5.0 seconds', '4 left eye rub: 3.0 seconds', '5 left eye rub: 2.0 seconds', '6 left eye rub: 4.0 seconds', '7 left eye rub: 2.0 seconds']",|,True,0,[],|,False,Counting flickers... 56.0 seconds remaining.,|,False,0,[],|,False,Counting pitches...,[],|,False,Counting yawns... 120.0 seconds remaining.,[]
2025-06-30 23:25:21,False,0,[],|,False,0,[],|,False,Counting flickers... 32.0 seconds remaining.,|,False,0,[],|,True,31,"['1 pitch: 5.0 seconds', '2 pitch: 11.0 seconds', '3 pitch: 3.0 seconds', '4 pitch: 4.0 seconds', '5 pitch: 20.0 seconds', '6 pitch: 6.0 seconds', '7 pitch: 7.0 seconds', '8 pitch: 8.0 seconds', '9 pitch: 5.0 seconds', '10 pitch: 7.0 seconds', '11 pitch: 4.0 seconds', '12 pitch: 9.0 seconds', '13 pitch: 6.0 seconds', '14 pitch: 3.0 seconds', '15 pitch: 3.0 seconds', '16 pitch: 3.0 seconds', '17 pitch: 5.0 seconds', '18 pitch: 7.0 seconds', '19 pitch: 6.0 seconds', '20 pitch: 3.0 seconds', '21 pitch: 4.0 seconds', '22 pitch: 3.0 seconds', '23 pitch: 3.0 seconds', '24 pitch: 8.0 seconds', '25 pitch: 18.0 seconds', '26 pitch: 4.0 seconds', '27 pitch: 8.0 seconds', '28 pitch: 3.0 seconds', '29 pitch: 10.0 seconds', '30 pitch: 18.0 seconds', '31 pitch: 3.0 seconds']",|,False,Counting yawns... 96.0 seconds remaining.,[]
2025-06-30 23:25:27,False,0,[],|,False,0,[],|,False,0,|,True,11,"['1 micro sleep: 3.0 seconds', '2 micro sleep: 2.0 seconds', '3 micro sleep: 2.0 seconds', '4 micro sleep: 8.0 seconds', '5 micro sleep: 2.0 seconds', '6 micro sleep: 3.0 seconds', '7 micro sleep: 2.0 seconds', '8 micro sleep: 2.0 seconds', '9 micro sleep: 2.0 seconds', '10 micro sleep: 2.0 seconds', '11 micro sleep: 3.0 seconds']",|,False,Counting pitches...,[],|,False,Counting yawns... 90.0 seconds remaining.,[]
2025-06-30 23:25:32,False,0,[],|,False,0,[],|,False,0,|,True,12,"['1 micro sleep: 3.0 seconds', '2 micro sleep: 2.0 seconds', '3 micro sleep: 2.0 seconds', '4 micro sleep: 8.0 seconds', '5 micro sleep: 2.0 seconds', '6 micro sleep: 3.0 seconds', '7 micro sleep: 2.0 seconds', '8 micro sleep: 2.0 seconds', '9 micro sleep: 2.0 seconds', '10 micro sleep: 2.0 seconds', '11 micro sleep: 3.0 seconds', '12 micro sleep: 3.0 seconds']",|,False,Counting pitches...,[],|,False,Counting yawns... 85.0 seconds remaining.,[]
2025-06-30 23:27:53,False,0,[],|,False,0,[],|,True,12,|,False,0,[],|,False,Counting pitches...,[],|,False,Counting yawns... 120.0 seconds remaining.,[]
2025-06-30 23:27:55,False,0,[],|,False,0,[],|,False,Counting flickers... 57.0 seconds remaining.,|,False,0,[],|,True,1,['1 pitch: 7.0 seconds'],|,False,Counting yawns... 118.0 seconds remaining.,[]
2025-06-30 23:27:57,False,0,[],|,False,0,[],|,False,0,|,True,1,['1 micro sleep: 3.0 seconds'],|,False,Counting pitches...,[],|,False,Counting yawns... 116.0 seconds remaining.,[]
2025-06-30 23:28:35,False,0,[],|,False,0,[],|,False,Counting flickers... 18.0 seconds remaining.,|,False,0,[],|,True,2,"['1 pitch: 7.0 seconds', '2 pitch: 8.0 seconds']",|,False,Counting yawns... 78.0 seconds remaining.,[]
2025-06-30 23:28:50,False,0,[],|,False,0,[],|,False,Counting flickers... 3.0 seconds remaining.,|,False,0,[],|,True,3,"['1 pitch: 7.0 seconds', '2 pitch: 8.0 seconds', '3 pitch: 11.0 seconds']",|,False,Counting yawns... 63.0 seconds remaining.,[]
2025-06-30 23:28:52,False,0,[],|,False,0,[],|,True,29,|,False,0,[],|,False,Counting pitches...,[],|,False,Counting yawns... 61.0 seconds remaining.,[]
2025-06-30 23:28:55,False,0,[],|,False,0,[],|,False,Counting flickers... 57.0 seconds remaining.,|,False,0,[],|,True,4,"['1 pitch: 7.0 seconds', '2 pitch: 8.0 seconds', '3 pitch: 11.0 seconds', '4 pitch: 5.0 seconds']",|,False,Counting yawns... 58.0 seconds remaining.,[]
2025-06-30 23:29:06,False,0,[],|,False,0,[],|,False,Counting flickers... 46.0 seconds remaining.,|,False,0,[],|,True,5,"['1 pitch: 7.0 seconds', '2 pitch: 8.0 seconds', '3 pitch: 11.0 seconds', '4 pitch: 5.0 seconds', '5 pitch: 3.0 seconds']",|,False,Counting yawns... 47.0 seconds remaining.,[]
2025-06-30 23:29:28,False,0,[],|,False,0,[],|,False,Counting flickers... 24.0 seconds remaining.,|,False,0,[],|,True,6,"['1 pitch: 7.0 seconds', '2 pitch: 8.0 seconds', '3 pitch: 11.0 seconds', '4 pitch: 5.0 seconds', '5 pitch: 3.0 seconds', '6 pitch: 19.0 seconds']",|,False,Counting yawns... 25.0 seconds remaining.,[]
2025-06-30 23:29:52,False,0,[],|,False,0,[],|,True,32,|,False,0,[],|,False,Counting pitches...,[],|,False,Counting yawns... 1.0 seconds remaining.,[]
2025-06-30 23:29:53,False,0,[],|,False,0,[],|,False,Counting flickers... 59.0 seconds remaining.,|,False,0,[],|,False,Counting pitches...,[],|,True,0,[]
2025-06-30 23:29:54,False,0,[],|,False,0,[],|,False,Counting flickers... 58.0 seconds remaining.,|,False,0,[],|,True,7,"['1 pitch: 7.0 seconds', '2 pitch: 8.0 seconds', '3 pitch: 11.0 seconds', '4 pitch: 5.0 seconds', '5 pitch: 3.0 seconds', '6 pitch: 19.0 seconds', '7 pitch: 16.0 seconds']",|,False,Counting yawns... 179.0 seconds remaining.,[]
2025-06-30 23:30:16,False,0,[],|,False,0,[],|,False,Counting flickers... 36.0 seconds remaining.,|,False,0,[],|,True,8,"['1 pitch: 7.0 seconds', '2 pitch: 8.0 seconds', '3 pitch: 11.0 seconds', '4 pitch: 5.0 seconds', '5 pitch: 3.0 seconds', '6 pitch: 19.0 seconds', '7 pitch: 16.0 seconds', '8 pitch: 4.0 seconds']",|,False,Counting yawns... 156.0 seconds remaining.,[]
2025-06-30 23:31:13,False,0,[],|,False,0,[],|,False,Counting flickers... 21.0 seconds remaining.,|,False,0,[],|,True,1,['1 pitch: 3.0 seconds'],|,False,Counting yawns... 141.0 seconds remaining.,[]
2025-06-30 23:31:30,False,0,[],|,False,0,[],|,False,Counting flickers... 4.0 seconds remaining.,|,False,0,[],|,True,2,"['1 pitch: 3.0 seconds', '2 pitch: 3.0 seconds']",|,False,Counting yawns... 124.0 seconds remaining.,[]
2025-06-30 23:31:33,False,0,[],|,False,0,[],|,True,18,|,False,0,[],|,False,Counting pitches...,[],|,False,Counting yawns... 120.0 seconds remaining.,[]
2025-06-30 23:31:39,False,0,[],|,False,0,[],|,False,Counting flickers... 54.0 seconds remaining.,|,False,0,[],|,True,3,"['1 pitch: 3.0 seconds', '2 pitch: 3.0 seconds', '3 pitch: 4.0 seconds']",|,False,Counting yawns... 114.0 seconds remaining.,[]
2025-06-30 23:32:03,False,0,[],|,False,0,[],|,False,Counting flickers... 30.0 seconds remaining.,|,False,0,[],|,True,4,"['1 pitch: 3.0 seconds', '2 pitch: 3.0 seconds', '3 pitch: 4.0 seconds', '4 pitch: 5.0 seconds']",|,False,Counting yawns... 90.0 seconds remaining.,[]
2025-06-30 23:32:33,False,0,[],|,False,0,[],|,True,19,|,False,0,[],|,False,Counting pitches...,[],|,False,Counting yawns... 61.0 seconds remaining.,[]
2025-06-30 23:32:48,False,0,[],|,False,0,[],|,False,Counting flickers... 44.0 seconds remaining.,|,False,0,[],|,True,5,"['1 pitch: 3.0 seconds', '2 pitch: 3.0 seconds', '3 pitch: 4.0 seconds', '4 pitch: 5.0 seconds', '5 pitch: 12.0 seconds']",|,False,Counting yawns... 45.0 seconds remaining.,[]
2025-06-30 23:33:03,False,0,[],|,False,0,[],|,False,0,|,True,1,['1 micro sleep: 2.0 seconds'],|,False,Counting pitches...,[],|,False,Counting yawns... 30.0 seconds remaining.,[]
2025-06-30 23:33:15,False,0,[],|,False,0,[],|,False,0,|,True,2,"['1 micro sleep: 2.0 seconds', '2 micro sleep: 2.0 seconds']",|,False,Counting pitches...,[],|,False,Counting yawns... 19.0 seconds remaining.,[]
2025-06-30 23:33:16,False,0,[],|,False,0,[],|,False,0,|,True,3,"['1 micro sleep: 2.0 seconds', '2 micro sleep: 2.0 seconds', '3 micro sleep: 2.0 seconds']",|,False,Counting pitches...,[],|,False,Counting yawns... 17.0 seconds remaining.,[]
2025-06-30 23:33:19,False,0,[],|,False,0,[],|,False,0,|,True,4,"['1 micro sleep: 2.0 seconds', '2 micro sleep: 2.0 seconds', '3 micro sleep: 2.0 seconds', '4 micro sleep: 2.0 seconds']",|,False,Counting pitches...,[],|,False,Counting yawns... 15.0 seconds remaining.,[]
2025-06-30 23:33:24,False,0,[],|,False,0,[],|,False,0,|,True,5,"['1 micro sleep: 2.0 seconds', '2 micro sleep: 2.0 seconds', '3 micro sleep: 2.0 seconds', '4 micro sleep: 2.0 seconds', '5 micro sleep: 2.0 seconds']",|,False,Counting pitches...,[],|,False,Counting yawns... 10.0 seconds remaining.,[]
2025-06-30 23:33:32,False,0,[],|,False,0,[],|,True,31,|,False,0,[],|,False,Counting pitches...,[],|,False,Counting yawns... 1.0 seconds remaining.,[]
2025-06-30 23:33:33,False,0,[],|,False,0,[],|,False,Counting flickers... 59.0 seconds remaining.,|,False,0,[],|,False,Counting pitches...,[],|,True,0,[]
2025-06-30 23:34:00,False,0,[],|,False,0,[],|,False,Counting flickers... 32.0 seconds remaining.,|,False,0,[],|,True,6,"['1 pitch: 3.0 seconds', '2 pitch: 3.0 seconds', '3 pitch: 4.0 seconds', '4 pitch: 5.0 seconds', '5 pitch: 12.0 seconds', '6 pitch: 3.0 seconds']",|,False,Counting yawns... 153.0 seconds remaining.,[]
2025-06-30 23:34:17,False,0,[],|,False,0,[],|,False,Counting flickers... 15.0 seconds remaining.,|,False,0,[],|,True,7,"['1 pitch: 3.0 seconds', '2 pitch: 3.0 seconds', '3 pitch: 4.0 seconds', '4 pitch: 5.0 seconds', '5 pitch: 12.0 seconds', '6 pitch: 3.0 seconds', '7 pitch: 4.0 seconds']",|,False,Counting yawns... 136.0 seconds remaining.,[]
2025-06-30 23:34:23,False,0,[],|,False,0,[],|,False,Counting flickers... 9.0 seconds remaining.,|,False,0,[],|,True,8,"['1 pitch: 3.0 seconds', '2 pitch: 3.0 seconds', '3 pitch: 4.0 seconds', '4 pitch: 5.0 seconds', '5 pitch: 12.0 seconds', '6 pitch: 3.0 seconds', '7 pitch: 4.0 seconds', '8 pitch: 3.0 seconds']",|,False,Counting yawns... 130.0 seconds remaining.,[]
2025-06-30 23:34:32,False,0,[],|,False,0,[],|,True,34,|,False,0,[],|,False,Counting pitches...,[],|,False,Counting yawns... 121.0 seconds remaining.,[]
2025-06-30 23:34:54,False,0,[],|,False,0,[],|,False,0,|,True,6,"['1 micro sleep: 2.0 seconds', '2 micro sleep: 2.0 seconds', '3 micro sleep: 2.0 seconds', '4 micro sleep: 2.0 seconds', '5 micro sleep: 2.0 seconds', '6 micro sleep: 3.0 seconds']",|,False,Counting pitches...,[],|,False,Counting yawns... 99.0 seconds remaining.,[]
2025-06-30 23:35:02,False,0,[],|,False,0,[],|,False,0,|,True,7,"['1 micro sleep: 2.0 seconds', '2 micro sleep: 2.0 seconds', '3 micro sleep: 2.0 seconds', '4 micro sleep: 2.0 seconds', '5 micro sleep: 2.0 seconds', '6 micro sleep: 3.0 seconds', '7 micro sleep: 6.0 seconds']",|,False,Counting pitches...,[],|,False,Counting yawns... 91.0 seconds remaining.,[]
2025-06-30 23:35:31,False,0,[],|,False,0,[],|,True,25,|,False,0,[],|,False,Counting pitches...,[],|,False,Counting yawns... 62.0 seconds remaining.,[]
2025-06-30 23:35:33,True,6,"['1 right eye rub: 4.0 seconds', '2 right eye rub: 2.0 seconds', '3 right eye rub: 2.0 seconds', '4 right eye rub: 4.0 seconds', '1 left eye rub: 3.0 seconds', '2 left eye rub: 4.0 seconds']",|,True,0,[],|,False,Counting flickers... 58.0 seconds remaining.,|,False,0,[],|,False,Counting pitches...,[],|,False,Counting yawns... 60.0 seconds remaining.,[]
2025-06-30 23:35:45,False,0,[],|,False,0,[],|,False,0,|,True,8,"['1 micro sleep: 2.0 seconds', '2 micro sleep: 2.0 seconds', '3 micro sleep: 2.0 seconds', '4 micro sleep: 2.0 seconds', '5 micro sleep: 2.0 seconds', '6 micro sleep: 3.0 seconds', '7 micro sleep: 6.0 seconds', '8 micro sleep: 2.0 seconds']",|,False,Counting pitches...,[],|,False,Counting yawns... 48.0 seconds remaining.,[]
2025-06-30 23:36:10,False,0,[],|,False,0,[],|,False,0,|,True,9,"['1 micro sleep: 2.0 seconds', '2 micro sleep: 2.0 seconds', '3 micro sleep: 2.0 seconds', '4 micro sleep: 2.0 seconds', '5 micro sleep: 2.0 seconds', '6 micro sleep: 3.0 seconds', '7 micro sleep: 6.0 seconds', '8 micro sleep: 2.0 seconds', '9 micro sleep: 2.0 seconds']",|,False,Counting pitches...,[],|,False,Counting yawns... 23.0 seconds remaining.,[]
2025-06-30 23:36:18,False,0,[],|,False,0,[],|,False,0,|,True,10,"['1 micro sleep: 2.0 seconds', '2 micro sleep: 2.0 seconds', '3 micro sleep: 2.0 seconds', '4 micro sleep: 2.0 seconds', '5 micro sleep: 2.0 seconds', '6 micro sleep: 3.0 seconds', '7 micro sleep: 6.0 seconds', '8 micro sleep: 2.0 seconds', '9 micro sleep: 2.0 seconds', '10 micro sleep: 2.0 seconds']",|,False,Counting pitches...,[],|,False,Counting yawns... 15.0 seconds remaining.,[]
2025-06-30 23:36:31,False,0,[],|,False,0,[],|,True,31,|,False,0,[],|,False,Counting pitches...,[],|,False,Counting yawns... 2.0 seconds remaining.,[]
2025-06-30 23:36:33,False,0,[],|,False,0,[],|,False,Counting flickers... 58.0 seconds remaining.,|,False,0,[],|,False,Counting pitches...,[],|,True,0,[]
2025-06-30 23:36:48,False,0,[],|,False,0,[],|,False,0,|,True,11,"['1 micro sleep: 2.0 seconds', '2 micro sleep: 2.0 seconds', '3 micro sleep: 2.0 seconds', '4 micro sleep: 2.0 seconds', '5 micro sleep: 2.0 seconds', '6 micro sleep: 3.0 seconds', '7 micro sleep: 6.0 seconds', '8 micro sleep: 2.0 seconds', '9 micro sleep: 2.0 seconds', '10 micro sleep: 2.0 seconds', '11 micro sleep: 8.0 seconds']",|,False,Counting pitches...,[],|,False,Counting yawns... 165.0 seconds remaining.,[]
2025-06-30 23:36:49,False,0,[],|,False,0,[],|,False,Counting flickers... 42.0 seconds remaining.,|,False,0,[],|,True,9,"['1 pitch: 3.0 seconds', '2 pitch: 3.0 seconds', '3 pitch: 4.0 seconds', '4 pitch: 5.0 seconds', '5 pitch: 12.0 seconds', '6 pitch: 3.0 seconds', '7 pitch: 4.0 seconds', '8 pitch: 3.0 seconds', '9 pitch: 3.0 seconds']",|,False,Counting yawns... 164.0 seconds remaining.,[]
2025-06-30 23:36:55,False,0,[],|,False,0,[],|,False,0,|,True,12,"['1 micro sleep: 2.0 seconds', '2 micro sleep: 2.0 seconds', '3 micro sleep: 2.0 seconds', '4 micro sleep: 2.0 seconds', '5 micro sleep: 2.0 seconds', '6 micro sleep: 3.0 seconds', '7 micro sleep: 6.0 seconds', '8 micro sleep: 2.0 seconds', '9 micro sleep: 2.0 seconds', '10 micro sleep: 2.0 seconds', '11 micro sleep: 8.0 seconds', '12 micro sleep: 4.0 seconds']",|,False,Counting pitches...,[],|,False,Counting yawns... 157.0 seconds remaining.,[]
2025-06-30 23:36:59,False,0,[],|,False,0,[],|,False,0,|,True,13,"['1 micro sleep: 2.0 seconds', '2 micro sleep: 2.0 seconds', '3 micro sleep: 2.0 seconds', '4 micro sleep: 2.0 seconds', '5 micro sleep: 2.0 seconds', '6 micro sleep: 3.0 seconds', '7 micro sleep: 6.0 seconds', '8 micro sleep: 2.0 seconds', '9 micro sleep: 2.0 seconds', '10 micro sleep: 2.0 seconds', '11 micro sleep: 8.0 seconds', '12 micro sleep: 4.0 seconds', '13 micro sleep: 3.0 seconds']",|,False,Counting pitches...,[],|,False,Counting yawns... 154.0 seconds remaining.,[]
2025-06-30 23:37:07,False,0,[],|,False,0,[],|,False,0,|,True,14,"['1 micro sleep: 2.0 seconds', '2 micro sleep: 2.0 seconds', '3 micro sleep: 2.0 seconds', '4 micro sleep: 2.0 seconds', '5 micro sleep: 2.0 seconds', '6 micro sleep: 3.0 seconds', '7 micro sleep: 6.0 seconds', '8 micro sleep: 2.0 seconds', '9 micro sleep: 2.0 seconds', '10 micro sleep: 2.0 seconds', '11 micro sleep: 8.0 seconds', '12 micro sleep: 4.0 seconds', '13 micro sleep: 3.0 seconds', '14 micro sleep: 2.0 seconds']",|,False,Counting pitches...,[],|,False,Counting yawns... 145.0 seconds remaining.,[]
2025-06-30 23:37:14,False,0,[],|,False,0,[],|,False,Counting flickers... 17.0 seconds remaining.,|,False,0,[],|,True,10,"['1 pitch: 3.0 seconds', '2 pitch: 3.0 seconds', '3 pitch: 4.0 seconds', '4 pitch: 5.0 seconds', '5 pitch: 12.0 seconds', '6 pitch: 3.0 seconds', '7 pitch: 4.0 seconds', '8 pitch: 3.0 seconds', '9 pitch: 3.0 seconds', '10 pitch: 7.0 seconds']",|,False,Counting yawns... 138.0 seconds remaining.,[]
2025-06-30 23:37:21,False,0,[],|,False,0,[],|,False,Counting flickers... 10.0 seconds remaining.,|,False,0,[],|,True,11,"['1 pitch: 3.0 seconds', '2 pitch: 3.0 seconds', '3 pitch: 4.0 seconds', '4 pitch: 5.0 seconds', '5 pitch: 12.0 seconds', '6 pitch: 3.0 seconds', '7 pitch: 4.0 seconds', '8 pitch: 3.0 seconds', '9 pitch: 3.0 seconds', '10 pitch: 7.0 seconds', '11 pitch: 3.0 seconds']",|,False,Counting yawns... 132.0 seconds remaining.,[]
2025-06-30 23:37:27,False,0,[],|,False,0,[],|,False,Counting flickers... 4.0 seconds remaining.,|,False,0,[],|,True,12,"['1 pitch: 3.0 seconds', '2 pitch: 3.0 seconds', '3 pitch: 4.0 seconds', '4 pitch: 5.0 seconds', '5 pitch: 12.0 seconds', '6 pitch: 3.0 seconds', '7 pitch: 4.0 seconds', '8 pitch: 3.0 seconds', '9 pitch: 3.0 seconds', '10 pitch: 7.0 seconds', '11 pitch: 3.0 seconds', '12 pitch: 5.0 seconds']",|,False,Counting yawns... 125.0 seconds remaining.,[]
2025-06-30 23:37:30,False,0,[],|,False,0,[],|,True,34,|,False,0,[],|,False,Counting pitches...,[],|,False,Counting yawns... 122.0 seconds remaining.,[]
2025-06-30 23:37:51,False,0,[],|,False,0,[],|,False,Counting flickers... 40.0 seconds remaining.,|,False,0,[],|,True,13,"['1 pitch: 3.0 seconds', '2 pitch: 3.0 seconds', '3 pitch: 4.0 seconds', '4 pitch: 5.0 seconds', '5 pitch: 12.0 seconds', '6 pitch: 3.0 seconds', '7 pitch: 4.0 seconds', '8 pitch: 3.0 seconds', '9 pitch: 3.0 seconds', '10 pitch: 7.0 seconds', '11 pitch: 3.0 seconds', '12 pitch: 5.0 seconds', '13 pitch: 5.0 seconds']",|,False,Counting yawns... 102.0 seconds remaining.,[]
2025-06-30 23:38:30,False,0,[],|,False,0,[],|,True,30,|,False,0,[],|,False,Counting pitches...,[],|,False,Counting yawns... 63.0 seconds remaining.,[]
2025-06-30 23:38:31,False,0,[],|,False,0,[],|,False,Counting flickers... 59.0 seconds remaining.,|,False,0,[],|,True,14,"['1 pitch: 3.0 seconds', '2 pitch: 3.0 seconds', '3 pitch: 4.0 seconds', '4 pitch: 5.0 seconds', '5 pitch: 12.0 seconds', '6 pitch: 3.0 seconds', '7 pitch: 4.0 seconds', '8 pitch: 3.0 seconds', '9 pitch: 3.0 seconds', '10 pitch: 7.0 seconds', '11 pitch: 3.0 seconds', '12 pitch: 5.0 seconds', '13 pitch: 5.0 seconds', '14 pitch: 4.0 seconds']",|,False,Counting yawns... 61.0 seconds remaining.,[]
2025-06-30 23:39:03,False,0,[],|,False,0,[],|,False,Counting flickers... 27.0 seconds remaining.,|,False,0,[],|,True,15,"['1 pitch: 3.0 seconds', '2 pitch: 3.0 seconds', '3 pitch: 4.0 seconds', '4 pitch: 5.0 seconds', '5 pitch: 12.0 seconds', '6 pitch: 3.0 seconds', '7 pitch: 4.0 seconds', '8 pitch: 3.0 seconds', '9 pitch: 3.0 seconds', '10 pitch: 7.0 seconds', '11 pitch: 3.0 seconds', '12 pitch: 5.0 seconds', '13 pitch: 5.0 seconds', '14 pitch: 4.0 seconds', '15 pitch: 6.0 seconds']",|,False,Counting yawns... 29.0 seconds remaining.,[]
2025-06-30 23:39:19,False,0,[],|,False,0,[],|,False,Counting flickers... 11.0 seconds remaining.,|,False,0,[],|,True,16,"['1 pitch: 3.0 seconds', '2 pitch: 3.0 seconds', '3 pitch: 4.0 seconds', '4 pitch: 5.0 seconds', '5 pitch: 12.0 seconds', '6 pitch: 3.0 seconds', '7 pitch: 4.0 seconds', '8 pitch: 3.0 seconds', '9 pitch: 3.0 seconds', '10 pitch: 7.0 seconds', '11 pitch: 3.0 seconds', '12 pitch: 5.0 seconds', '13 pitch: 5.0 seconds', '14 pitch: 4.0 seconds', '15 pitch: 6.0 seconds', '16 pitch: 7.0 seconds']",|,False,Counting yawns... 13.0 seconds remaining.,[]
2025-06-30 23:39:30,False,0,[],|,False,0,[],|,True,41,|,False,0,[],|,False,Counting pitches...,[],|,False,Counting yawns... 3.0 seconds remaining.,[]
2025-06-30 23:39:32,False,0,[],|,False,0,[],|,False,Counting flickers... 57.0 seconds remaining.,|,False,0,[],|,False,Counting pitches...,[],|,True,0,[]
2025-06-30 23:39:40,False,0,[],|,False,0,[],|,False,Counting flickers... 49.0 seconds remaining.,|,False,0,[],|,True,17,"['1 pitch: 3.0 seconds', '2 pitch: 3.0 seconds', '3 pitch: 4.0 seconds', '4 pitch: 5.0 seconds', '5 pitch: 12.0 seconds', '6 pitch: 3.0 seconds', '7 pitch: 4.0 seconds', '8 pitch: 3.0 seconds', '9 pitch: 3.0 seconds', '10 pitch: 7.0 seconds', '11 pitch: 3.0 seconds', '12 pitch: 5.0 seconds', '13 pitch: 5.0 seconds', '14 pitch: 4.0 seconds', '15 pitch: 6.0 seconds', '16 pitch: 7.0 seconds', '17 pitch: 8.0 seconds']",|,False,Counting yawns... 172.0 seconds remaining.,[]
2025-06-30 23:39:46,False,0,[],|,False,0,[],|,False,Counting flickers... 43.0 seconds remaining.,|,False,0,[],|,True,18,"['1 pitch: 3.0 seconds', '2 pitch: 3.0 seconds', '3 pitch: 4.0 seconds', '4 pitch: 5.0 seconds', '5 pitch: 12.0 seconds', '6 pitch: 3.0 seconds', '7 pitch: 4.0 seconds', '8 pitch: 3.0 seconds', '9 pitch: 3.0 seconds', '10 pitch: 7.0 seconds', '11 pitch: 3.0 seconds', '12 pitch: 5.0 seconds', '13 pitch: 5.0 seconds', '14 pitch: 4.0 seconds', '15 pitch: 6.0 seconds', '16 pitch: 7.0 seconds', '17 pitch: 8.0 seconds', '18 pitch: 3.0 seconds']",|,False,Counting yawns... 166.0 seconds remaining.,[]
2025-06-30 23:39:50,False,0,[],|,False,0,[],|,False,Counting flickers... 40.0 seconds remaining.,|,False,0,[],|,True,19,"['1 pitch: 3.0 seconds', '2 pitch: 3.0 seconds', '3 pitch: 4.0 seconds', '4 pitch: 5.0 seconds', '5 pitch: 12.0 seconds', '6 pitch: 3.0 seconds', '7 pitch: 4.0 seconds', '8 pitch: 3.0 seconds', '9 pitch: 3.0 seconds', '10 pitch: 7.0 seconds', '11 pitch: 3.0 seconds', '12 pitch: 5.0 seconds', '13 pitch: 5.0 seconds', '14 pitch: 4.0 seconds', '15 pitch: 6.0 seconds', '16 pitch: 7.0 seconds', '17 pitch: 8.0 seconds', '18 pitch: 3.0 seconds', '19 pitch: 3.0 seconds']",|,False,Counting yawns... 163.0 seconds remaining.,[]
2025-06-30 23:39:53,False,0,[],|,False,0,[],|,False,Counting flickers... 37.0 seconds remaining.,|,False,0,[],|,True,20,"['1 pitch: 3.0 seconds', '2 pitch: 3.0 seconds', '3 pitch: 4.0 seconds', '4 pitch: 5.0 seconds', '5 pitch: 12.0 seconds', '6 pitch: 3.0 seconds', '7 pitch: 4.0 seconds', '8 pitch: 3.0 seconds', '9 pitch: 3.0 seconds', '10 pitch: 7.0 seconds', '11 pitch: 3.0 seconds', '12 pitch: 5.0 seconds', '13 pitch: 5.0 seconds', '14 pitch: 4.0 seconds', '15 pitch: 6.0 seconds', '16 pitch: 7.0 seconds', '17 pitch: 8.0 seconds', '18 pitch: 3.0 seconds', '19 pitch: 3.0 seconds', '20 pitch: 3.0 seconds']",|,False,Counting yawns... 160.0 seconds remaining.,[]
2025-06-30 23:40:29,False,0,[],|,False,0,[],|,True,43,|,False,0,[],|,False,Counting pitches...,[],|,False,Counting yawns... 123.0 seconds remaining.,[]
2025-06-30 23:40:33,True,13,"['1 right eye rub: 4.0 seconds', '2 right eye rub: 2.0 seconds', '3 right eye rub: 2.0 seconds', '4 right eye rub: 4.0 seconds', '1 right eye rub: 3.0 seconds', '2 right eye rub: 3.0 seconds', '3 right eye rub: 2.0 seconds', '4 right eye rub: 8.0 seconds', '5 right eye rub: 3.0 seconds', '6 right eye rub: 2.0 seconds', '1 left eye rub: 3.0 seconds', '2 left eye rub: 4.0 seconds', '1 left eye rub: 19.0 seconds', '2 left eye rub: 2.0 seconds', '3 left eye rub: 6.0 seconds', '4 left eye rub: 2.0 seconds', '5 left eye rub: 7.0 seconds', '6 left eye rub: 3.0 seconds', '7 left eye rub: 2.0 seconds']",|,True,0,[],|,False,Counting flickers... 56.0 seconds remaining.,|,False,0,[],|,False,Counting pitches...,[],|,False,Counting yawns... 120.0 seconds remaining.,[]
2025-06-30 23:40:49,False,0,[],|,False,0,[],|,False,Counting flickers... 41.0 seconds remaining.,|,False,0,[],|,True,21,"['1 pitch: 3.0 seconds', '2 pitch: 3.0 seconds', '3 pitch: 4.0 seconds', '4 pitch: 5.0 seconds', '5 pitch: 12.0 seconds', '6 pitch: 3.0 seconds', '7 pitch: 4.0 seconds', '8 pitch: 3.0 seconds', '9 pitch: 3.0 seconds', '10 pitch: 7.0 seconds', '11 pitch: 3.0 seconds', '12 pitch: 5.0 seconds', '13 pitch: 5.0 seconds', '14 pitch: 4.0 seconds', '15 pitch: 6.0 seconds', '16 pitch: 7.0 seconds', '17 pitch: 8.0 seconds', '18 pitch: 3.0 seconds', '19 pitch: 3.0 seconds', '20 pitch: 3.0 seconds', '21 pitch: 15.0 seconds']",|,False,Counting yawns... 104.0 seconds remaining.,[]
2025-06-30 23:40:59,False,0,[],|,False,0,[],|,False,Counting flickers... 30.0 seconds remaining.,|,False,0,[],|,True,22,"['1 pitch: 3.0 seconds', '2 pitch: 3.0 seconds', '3 pitch: 4.0 seconds', '4 pitch: 5.0 seconds', '5 pitch: 12.0 seconds', '6 pitch: 3.0 seconds', '7 pitch: 4.0 seconds', '8 pitch: 3.0 seconds', '9 pitch: 3.0 seconds', '10 pitch: 7.0 seconds', '11 pitch: 3.0 seconds', '12 pitch: 5.0 seconds', '13 pitch: 5.0 seconds', '14 pitch: 4.0 seconds', '15 pitch: 6.0 seconds', '16 pitch: 7.0 seconds', '17 pitch: 8.0 seconds', '18 pitch: 3.0 seconds', '19 pitch: 3.0 seconds', '20 pitch: 3.0 seconds', '21 pitch: 15.0 seconds', '22 pitch: 5.0 seconds']",|,False,Counting yawns... 93.0 seconds remaining.,[]
2025-06-30 23:41:21,False,0,[],|,False,0,[],|,False,Counting flickers... 8.0 seconds remaining.,|,False,0,[],|,True,23,"['1 pitch: 3.0 seconds', '2 pitch: 3.0 seconds', '3 pitch: 4.0 seconds', '4 pitch: 5.0 seconds', '5 pitch: 12.0 seconds', '6 pitch: 3.0 seconds', '7 pitch: 4.0 seconds', '8 pitch: 3.0 seconds', '9 pitch: 3.0 seconds', '10 pitch: 7.0 seconds', '11 pitch: 3.0 seconds', '12 pitch: 5.0 seconds', '13 pitch: 5.0 seconds', '14 pitch: 4.0 seconds', '15 pitch: 6.0 seconds', '16 pitch: 7.0 seconds', '17 pitch: 8.0 seconds', '18 pitch: 3.0 seconds', '19 pitch: 3.0 seconds', '20 pitch: 3.0 seconds', '21 pitch: 15.0 seconds', '22 pitch: 5.0 seconds', '23 pitch: 7.0 seconds']",|,False,Counting yawns... 71.0 seconds remaining.,[]
2025-06-30 23:41:28,False,0,[],|,False,0,[],|,False,Counting flickers... 1.0 seconds remaining.,|,False,0,[],|,True,24,"['1 pitch: 3.0 seconds', '2 pitch: 3.0 seconds', '3 pitch: 4.0 seconds', '4 pitch: 5.0 seconds', '5 pitch: 12.0 seconds', '6 pitch: 3.0 seconds', '7 pitch: 4.0 seconds', '8 pitch: 3.0 seconds', '9 pitch: 3.0 seconds', '10 pitch: 7.0 seconds', '11 pitch: 3.0 seconds', '12 pitch: 5.0 seconds', '13 pitch: 5.0 seconds', '14 pitch: 4.0 seconds', '15 pitch: 6.0 seconds', '16 pitch: 7.0 seconds', '17 pitch: 8.0 seconds', '18 pitch: 3.0 seconds', '19 pitch: 3.0 seconds', '20 pitch: 3.0 seconds', '21 pitch: 15.0 seconds', '22 pitch: 5.0 seconds', '23 pitch: 7.0 seconds', '24 pitch: 3.0 seconds']",|,False,Counting yawns... 64.0 seconds remaining.,[]
2025-06-30 23:41:29,False,0,[],|,False,0,[],|,True,43,|,False,0,[],|,False,Counting pitches...,[],|,False,Counting yawns... 64.0 seconds remaining.,[]
2025-06-30 23:41:43,False,0,[],|,False,0,[],|,False,Counting flickers... 45.0 seconds remaining.,|,False,0,[],|,True,25,"['1 pitch: 3.0 seconds', '2 pitch: 3.0 seconds', '3 pitch: 4.0 seconds', '4 pitch: 5.0 seconds', '5 pitch: 12.0 seconds', '6 pitch: 3.0 seconds', '7 pitch: 4.0 seconds', '8 pitch: 3.0 seconds', '9 pitch: 3.0 seconds', '10 pitch: 7.0 seconds', '11 pitch: 3.0 seconds', '12 pitch: 5.0 seconds', '13 pitch: 5.0 seconds', '14 pitch: 4.0 seconds', '15 pitch: 6.0 seconds', '16 pitch: 7.0 seconds', '17 pitch: 8.0 seconds', '18 pitch: 3.0 seconds', '19 pitch: 3.0 seconds', '20 pitch: 3.0 seconds', '21 pitch: 15.0 seconds', '22 pitch: 5.0 seconds', '23 pitch: 7.0 seconds', '24 pitch: 3.0 seconds', '25 pitch: 13.0 seconds']",|,False,Counting yawns... 49.0 seconds remaining.,[]
2025-06-30 23:42:09,False,0,[],|,False,0,[],|,False,Counting flickers... 20.0 seconds remaining.,|,False,0,[],|,True,26,"['1 pitch: 3.0 seconds', '2 pitch: 3.0 seconds', '3 pitch: 4.0 seconds', '4 pitch: 5.0 seconds', '5 pitch: 12.0 seconds', '6 pitch: 3.0 seconds', '7 pitch: 4.0 seconds', '8 pitch: 3.0 seconds', '9 pitch: 3.0 seconds', '10 pitch: 7.0 seconds', '11 pitch: 3.0 seconds', '12 pitch: 5.0 seconds', '13 pitch: 5.0 seconds', '14 pitch: 4.0 seconds', '15 pitch: 6.0 seconds', '16 pitch: 7.0 seconds', '17 pitch: 8.0 seconds', '18 pitch: 3.0 seconds', '19 pitch: 3.0 seconds', '20 pitch: 3.0 seconds', '21 pitch: 15.0 seconds', '22 pitch: 5.0 seconds', '23 pitch: 7.0 seconds', '24 pitch: 3.0 seconds', '25 pitch: 13.0 seconds', '26 pitch: 25.0 seconds']",|,False,Counting yawns... 23.0 seconds remaining.,[]
2025-06-30 23:42:12,False,0,[],|,False,0,[],|,False,Counting flickers... 16.0 seconds remaining.,|,False,0,[],|,True,27,"['1 pitch: 3.0 seconds', '2 pitch: 3.0 seconds', '3 pitch: 4.0 seconds', '4 pitch: 5.0 seconds', '5 pitch: 12.0 seconds', '6 pitch: 3.0 seconds', '7 pitch: 4.0 seconds', '8 pitch: 3.0 seconds', '9 pitch: 3.0 seconds', '10 pitch: 7.0 seconds', '11 pitch: 3.0 seconds', '12 pitch: 5.0 seconds', '13 pitch: 5.0 seconds', '14 pitch: 4.0 seconds', '15 pitch: 6.0 seconds', '16 pitch: 7.0 seconds', '17 pitch: 8.0 seconds', '18 pitch: 3.0 seconds', '19 pitch: 3.0 seconds', '20 pitch: 3.0 seconds', '21 pitch: 15.0 seconds', '22 pitch: 5.0 seconds', '23 pitch: 7.0 seconds', '24 pitch: 3.0 seconds', '25 pitch: 13.0 seconds', '26 pitch: 25.0 seconds', '27 pitch: 3.0 seconds']",|,False,Counting yawns... 20.0 seconds remaining.,[]
2025-06-30 23:42:21,False,0,[],|,False,0,[],|,False,Counting flickers... 8.0 seconds remaining.,|,False,0,[],|,True,28,"['1 pitch: 3.0 seconds', '2 pitch: 3.0 seconds', '3 pitch: 4.0 seconds', '4 pitch: 5.0 seconds', '5 pitch: 12.0 seconds', '6 pitch: 3.0 seconds', '7 pitch: 4.0 seconds', '8 pitch: 3.0 seconds', '9 pitch: 3.0 seconds', '10 pitch: 7.0 seconds', '11 pitch: 3.0 seconds', '12 pitch: 5.0 seconds', '13 pitch: 5.0 seconds', '14 pitch: 4.0 seconds', '15 pitch: 6.0 seconds', '16 pitch: 7.0 seconds', '17 pitch: 8.0 seconds', '18 pitch: 3.0 seconds', '19 pitch: 3.0 seconds', '20 pitch: 3.0 seconds', '21 pitch: 15.0 seconds', '22 pitch: 5.0 seconds', '23 pitch: 7.0 seconds', '24 pitch: 3.0 seconds', '25 pitch: 13.0 seconds', '26 pitch: 25.0 seconds', '27 pitch: 3.0 seconds', '28 pitch: 7.0 seconds']",|,False,Counting yawns... 11.0 seconds remaining.,[]
2025-06-30 23:42:28,False,0,[],|,False,0,[],|,True,66,|,False,0,[],|,False,Counting pitches...,[],|,False,Counting yawns... 4.0 seconds remaining.,[]
2025-06-30 23:42:28,False,0,[],|,False,0,[],|,False,Counting flickers... 60.0 seconds remaining.,|,False,0,[],|,True,29,"['1 pitch: 3.0 seconds', '2 pitch: 3.0 seconds', '3 pitch: 4.0 seconds', '4 pitch: 5.0 seconds', '5 pitch: 12.0 seconds', '6 pitch: 3.0 seconds', '7 pitch: 4.0 seconds', '8 pitch: 3.0 seconds', '9 pitch: 3.0 seconds', '10 pitch: 7.0 seconds', '11 pitch: 3.0 seconds', '12 pitch: 5.0 seconds', '13 pitch: 5.0 seconds', '14 pitch: 4.0 seconds', '15 pitch: 6.0 seconds', '16 pitch: 7.0 seconds', '17 pitch: 8.0 seconds', '18 pitch: 3.0 seconds', '19 pitch: 3.0 seconds', '20 pitch: 3.0 seconds', '21 pitch: 15.0 seconds', '22 pitch: 5.0 seconds', '23 pitch: 7.0 seconds', '24 pitch: 3.0 seconds', '25 pitch: 13.0 seconds', '26 pitch: 25.0 seconds', '27 pitch: 3.0 seconds', '28 pitch: 7.0 seconds', '29 pitch: 5.0 seconds']",|,False,Counting yawns... 4.0 seconds remaining.,[]
2025-06-30 23:42:32,False,0,[],|,False,0,[],|,False,Counting flickers... 57.0 seconds remaining.,|,False,0,[],|,False,Counting pitches...,[],|,True,0,[]
2025-06-30 23:42:40,False,0,[],|,False,0,[],|,False,Counting flickers... 48.0 seconds remaining.,|,False,0,[],|,True,30,"['1 pitch: 3.0 seconds', '2 pitch: 3.0 seconds', '3 pitch: 4.0 seconds', '4 pitch: 5.0 seconds', '5 pitch: 12.0 seconds', '6 pitch: 3.0 seconds', '7 pitch: 4.0 seconds', '8 pitch: 3.0 seconds', '9 pitch: 3.0 seconds', '10 pitch: 7.0 seconds', '11 pitch: 3.0 seconds', '12 pitch: 5.0 seconds', '13 pitch: 5.0 seconds', '14 pitch: 4.0 seconds', '15 pitch: 6.0 seconds', '16 pitch: 7.0 seconds', '17 pitch: 8.0 seconds', '18 pitch: 3.0 seconds', '19 pitch: 3.0 seconds', '20 pitch: 3.0 seconds', '21 pitch: 15.0 seconds', '22 pitch: 5.0 seconds', '23 pitch: 7.0 seconds', '24 pitch: 3.0 seconds', '25 pitch: 13.0 seconds', '26 pitch: 25.0 seconds', '27 pitch: 3.0 seconds', '28 pitch: 7.0 seconds', '29 pitch: 5.0 seconds', '30 pitch: 7.0 seconds']",|,False,Counting yawns... 172.0 seconds remaining.,[]
2025-06-30 23:42:43,False,0,[],|,False,0,[],|,False,Counting flickers... 45.0 seconds remaining.,|,False,0,[],|,True,31,"['1 pitch: 3.0 seconds', '2 pitch: 3.0 seconds', '3 pitch: 4.0 seconds', '4 pitch: 5.0 seconds', '5 pitch: 12.0 seconds', '6 pitch: 3.0 seconds', '7 pitch: 4.0 seconds', '8 pitch: 3.0 seconds', '9 pitch: 3.0 seconds', '10 pitch: 7.0 seconds', '11 pitch: 3.0 seconds', '12 pitch: 5.0 seconds', '13 pitch: 5.0 seconds', '14 pitch: 4.0 seconds', '15 pitch: 6.0 seconds', '16 pitch: 7.0 seconds', '17 pitch: 8.0 seconds', '18 pitch: 3.0 seconds', '19 pitch: 3.0 seconds', '20 pitch: 3.0 seconds', '21 pitch: 15.0 seconds', '22 pitch: 5.0 seconds', '23 pitch: 7.0 seconds', '24 pitch: 3.0 seconds', '25 pitch: 13.0 seconds', '26 pitch: 25.0 seconds', '27 pitch: 3.0 seconds', '28 pitch: 7.0 seconds', '29 pitch: 5.0 seconds', '30 pitch: 7.0 seconds', '31 pitch: 3.0 seconds']",|,False,Counting yawns... 168.0 seconds remaining.,[]
2025-06-30 23:42:59,False,0,[],|,False,0,[],|,False,Counting flickers... 29.0 seconds remaining.,|,False,0,[],|,True,32,"['1 pitch: 3.0 seconds', '2 pitch: 3.0 seconds', '3 pitch: 4.0 seconds', '4 pitch: 5.0 seconds', '5 pitch: 12.0 seconds', '6 pitch: 3.0 seconds', '7 pitch: 4.0 seconds', '8 pitch: 3.0 seconds', '9 pitch: 3.0 seconds', '10 pitch: 7.0 seconds', '11 pitch: 3.0 seconds', '12 pitch: 5.0 seconds', '13 pitch: 5.0 seconds', '14 pitch: 4.0 seconds', '15 pitch: 6.0 seconds', '16 pitch: 7.0 seconds', '17 pitch: 8.0 seconds', '18 pitch: 3.0 seconds', '19 pitch: 3.0 seconds', '20 pitch: 3.0 seconds', '21 pitch: 15.0 seconds', '22 pitch: 5.0 seconds', '23 pitch: 7.0 seconds', '24 pitch: 3.0 seconds', '25 pitch: 13.0 seconds', '26 pitch: 25.0 seconds', '27 pitch: 3.0 seconds', '28 pitch: 7.0 seconds', '29 pitch: 5.0 seconds', '30 pitch: 7.0 seconds', '31 pitch: 3.0 seconds', '32 pitch: 8.0 seconds']",|,False,Counting yawns... 153.0 seconds remaining.,[]
2025-06-30 23:43:22,False,0,[],|,False,0,[],|,False,0,|,True,15,"['1 micro sleep: 2.0 seconds', '2 micro sleep: 2.0 seconds', '3 micro sleep: 2.0 seconds', '4 micro sleep: 2.0 seconds', '5 micro sleep: 2.0 seconds', '6 micro sleep: 3.0 seconds', '7 micro sleep: 6.0 seconds', '8 micro sleep: 2.0 seconds', '9 micro sleep: 2.0 seconds', '10 micro sleep: 2.0 seconds', '11 micro sleep: 8.0 seconds', '12 micro sleep: 4.0 seconds', '13 micro sleep: 3.0 seconds', '14 micro sleep: 2.0 seconds', '15 micro sleep: 2.0 seconds']",|,False,Counting pitches...,[],|,False,Counting yawns... 130.0 seconds remaining.,[]
2025-06-30 23:43:28,False,0,[],|,False,0,[],|,True,54,|,False,0,[],|,False,Counting pitches...,[],|,False,Counting yawns... 124.0 seconds remaining.,[]
2025-06-30 23:43:31,False,0,[],|,False,0,[],|,False,Counting flickers... 57.0 seconds remaining.,|,False,0,[],|,True,33,"['1 pitch: 3.0 seconds', '2 pitch: 3.0 seconds', '3 pitch: 4.0 seconds', '4 pitch: 5.0 seconds', '5 pitch: 12.0 seconds', '6 pitch: 3.0 seconds', '7 pitch: 4.0 seconds', '8 pitch: 3.0 seconds', '9 pitch: 3.0 seconds', '10 pitch: 7.0 seconds', '11 pitch: 3.0 seconds', '12 pitch: 5.0 seconds', '13 pitch: 5.0 seconds', '14 pitch: 4.0 seconds', '15 pitch: 6.0 seconds', '16 pitch: 7.0 seconds', '17 pitch: 8.0 seconds', '18 pitch: 3.0 seconds', '19 pitch: 3.0 seconds', '20 pitch: 3.0 seconds', '21 pitch: 15.0 seconds', '22 pitch: 5.0 seconds', '23 pitch: 7.0 seconds', '24 pitch: 3.0 seconds', '25 pitch: 13.0 seconds', '26 pitch: 25.0 seconds', '27 pitch: 3.0 seconds', '28 pitch: 7.0 seconds', '29 pitch: 5.0 seconds', '30 pitch: 7.0 seconds', '31 pitch: 3.0 seconds', '32 pitch: 8.0 seconds', '33 pitch: 3.0 seconds']",|,False,Counting yawns... 121.0 seconds remaining.,[]
2025-06-30 23:43:35,False,0,[],|,False,0,[],|,False,0,|,True,16,"['1 micro sleep: 2.0 seconds', '2 micro sleep: 2.0 seconds', '3 micro sleep: 2.0 seconds', '4 micro sleep: 2.0 seconds', '5 micro sleep: 2.0 seconds', '6 micro sleep: 3.0 seconds', '7 micro sleep: 6.0 seconds', '8 micro sleep: 2.0 seconds', '9 micro sleep: 2.0 seconds', '10 micro sleep: 2.0 seconds', '11 micro sleep: 8.0 seconds', '12 micro sleep: 4.0 seconds', '13 micro sleep: 3.0 seconds', '14 micro sleep: 2.0 seconds', '15 micro sleep: 2.0 seconds', '16 micro sleep: 3.0 seconds']",|,False,Counting pitches...,[],|,False,Counting yawns... 116.0 seconds remaining.,[]
2025-06-30 23:43:40,False,0,[],|,False,0,[],|,False,0,|,True,17,"['1 micro sleep: 2.0 seconds', '2 micro sleep: 2.0 seconds', '3 micro sleep: 2.0 seconds', '4 micro sleep: 2.0 seconds', '5 micro sleep: 2.0 seconds', '6 micro sleep: 3.0 seconds', '7 micro sleep: 6.0 seconds', '8 micro sleep: 2.0 seconds', '9 micro sleep: 2.0 seconds', '10 micro sleep: 2.0 seconds', '11 micro sleep: 8.0 seconds', '12 micro sleep: 4.0 seconds', '13 micro sleep: 3.0 seconds', '14 micro sleep: 2.0 seconds', '15 micro sleep: 2.0 seconds', '16 micro sleep: 3.0 seconds', '17 micro sleep: 2.0 seconds']",|,False,Counting pitches...,[],|,False,Counting yawns... 112.0 seconds remaining.,[]
2025-06-30 23:43:43,False,0,[],|,False,0,[],|,False,Counting flickers... 45.0 seconds remaining.,|,False,0,[],|,True,34,"['1 pitch: 3.0 seconds', '2 pitch: 3.0 seconds', '3 pitch: 4.0 seconds', '4 pitch: 5.0 seconds', '5 pitch: 12.0 seconds', '6 pitch: 3.0 seconds', '7 pitch: 4.0 seconds', '8 pitch: 3.0 seconds', '9 pitch: 3.0 seconds', '10 pitch: 7.0 seconds', '11 pitch: 3.0 seconds', '12 pitch: 5.0 seconds', '13 pitch: 5.0 seconds', '14 pitch: 4.0 seconds', '15 pitch: 6.0 seconds', '16 pitch: 7.0 seconds', '17 pitch: 8.0 seconds', '18 pitch: 3.0 seconds', '19 pitch: 3.0 seconds', '20 pitch: 3.0 seconds', '21 pitch: 15.0 seconds', '22 pitch: 5.0 seconds', '23 pitch: 7.0 seconds', '24 pitch: 3.0 seconds', '25 pitch: 13.0 seconds', '26 pitch: 25.0 seconds', '27 pitch: 3.0 seconds', '28 pitch: 7.0 seconds', '29 pitch: 5.0 seconds', '30 pitch: 7.0 seconds', '31 pitch: 3.0 seconds', '32 pitch: 8.0 seconds', '33 pitch: 3.0 seconds', '34 pitch: 9.0 seconds']",|,False,Counting yawns... 109.0 seconds remaining.,[]
2025-06-30 23:44:08,False,0,[],|,False,0,[],|,False,Counting flickers... 19.0 seconds remaining.,|,False,0,[],|,True,35,"['1 pitch: 3.0 seconds', '2 pitch: 3.0 seconds', '3 pitch: 4.0 seconds', '4 pitch: 5.0 seconds', '5 pitch: 12.0 seconds', '6 pitch: 3.0 seconds', '7 pitch: 4.0 seconds', '8 pitch: 3.0 seconds', '9 pitch: 3.0 seconds', '10 pitch: 7.0 seconds', '11 pitch: 3.0 seconds', '12 pitch: 5.0 seconds', '13 pitch: 5.0 seconds', '14 pitch: 4.0 seconds', '15 pitch: 6.0 seconds', '16 pitch: 7.0 seconds', '17 pitch: 8.0 seconds', '18 pitch: 3.0 seconds', '19 pitch: 3.0 seconds', '20 pitch: 3.0 seconds', '21 pitch: 15.0 seconds', '22 pitch: 5.0 seconds', '23 pitch: 7.0 seconds', '24 pitch: 3.0 seconds', '25 pitch: 13.0 seconds', '26 pitch: 25.0 seconds', '27 pitch: 3.0 seconds', '28 pitch: 7.0 seconds', '29 pitch: 5.0 seconds', '30 pitch: 7.0 seconds', '31 pitch: 3.0 seconds', '32 pitch: 8.0 seconds', '33 pitch: 3.0 seconds', '34 pitch: 9.0 seconds', '35 pitch: 4.0 seconds']",|,False,Counting yawns... 83.0 seconds remaining.,[]
2025-06-30 23:44:53,False,0,[],|,False,0,[],|,False,0,|,True,1,['1 micro sleep: 2.0 seconds'],|,False,Counting pitches...,[],|,False,Counting yawns... 161.0 seconds remaining.,[]
2025-06-30 23:46:34,False,0,[],|,False,0,[],|,False,0,|,True,1,['1 micro sleep: 4.0 seconds'],|,False,Counting pitches...,[],|,False,Counting yawns... 161.0 seconds remaining.,[]
2025-06-30 23:46:42,False,0,[],|,False,0,[],|,False,0,|,True,2,"['1 micro sleep: 4.0 seconds', '2 micro sleep: 2.0 seconds']",|,False,Counting pitches...,[],|,False,Counting yawns... 153.0 seconds remaining.,[]
2025-06-30 23:48:00,False,0,[],|,False,0,[],|,False,0,|,True,1,['1 micro sleep: 2.0 seconds'],|,False,Counting pitches...,[],|,False,Counting yawns... 165.0 seconds remaining.,[]
2025-06-30 23:48:01,False,0,[],|,False,0,[],|,False,Counting flickers... 45.0 seconds remaining.,|,False,0,[],|,True,1,['1 pitch: 3.0 seconds'],|,False,Counting yawns... 165.0 seconds remaining.,[]
2025-06-30 23:48:04,False,0,[],|,False,0,[],|,False,0,|,True,2,"['1 micro sleep: 2.0 seconds', '2 micro sleep: 2.0 seconds']",|,False,Counting pitches...,[],|,False,Counting yawns... 161.0 seconds remaining.,[]
2025-06-30 23:48:11,False,0,[],|,False,0,[],|,False,0,|,True,3,"['1 micro sleep: 2.0 seconds', '2 micro sleep: 2.0 seconds', '3 micro sleep: 6.0 seconds']",|,False,Counting pitches...,[],|,False,Counting yawns... 155.0 seconds remaining.,[]
2025-06-30 23:48:11,False,0,[],|,False,0,[],|,False,Counting flickers... 34.0 seconds remaining.,|,False,0,[],|,True,2,"['1 pitch: 3.0 seconds', '2 pitch: 7.0 seconds']",|,False,Counting yawns... 154.0 seconds remaining.,[]
2025-06-30 23:48:39,False,0,[],|,False,0,[],|,False,0,|,True,4,"['1 micro sleep: 2.0 seconds', '2 micro sleep: 2.0 seconds', '3 micro sleep: 6.0 seconds', '4 micro sleep: 2.0 seconds']",|,False,Counting pitches...,[],|,False,Counting yawns... 127.0 seconds remaining.,[]
2025-06-30 23:48:41,False,0,[],|,False,0,[],|,False,0,|,True,5,"['1 micro sleep: 2.0 seconds', '2 micro sleep: 2.0 seconds', '3 micro sleep: 6.0 seconds', '4 micro sleep: 2.0 seconds', '5 micro sleep: 2.0 seconds']",|,False,Counting pitches...,[],|,False,Counting yawns... 125.0 seconds remaining.,[]
2025-06-30 23:48:41,False,0,[],|,False,0,[],|,False,Counting flickers... 4.0 seconds remaining.,|,False,0,[],|,True,3,"['1 pitch: 3.0 seconds', '2 pitch: 7.0 seconds', '3 pitch: 4.0 seconds']",|,False,Counting yawns... 124.0 seconds remaining.,[]
2025-06-30 23:48:45,False,0,[],|,False,0,[],|,True,23,|,False,0,[],|,False,Counting pitches...,[],|,False,Counting yawns... 120.0 seconds remaining.,[]
2025-06-30 23:48:47,False,0,[],|,False,0,[],|,False,0,|,True,6,"['1 micro sleep: 2.0 seconds', '2 micro sleep: 2.0 seconds', '3 micro sleep: 6.0 seconds', '4 micro sleep: 2.0 seconds', '5 micro sleep: 2.0 seconds', '6 micro sleep: 5.0 seconds']",|,False,Counting pitches...,[],|,False,Counting yawns... 118.0 seconds remaining.,[]
2025-06-30 23:48:54,False,0,[],|,False,0,[],|,False,0,|,True,7,"['1 micro sleep: 2.0 seconds', '2 micro sleep: 2.0 seconds', '3 micro sleep: 6.0 seconds', '4 micro sleep: 2.0 seconds', '5 micro sleep: 2.0 seconds', '6 micro sleep: 5.0 seconds', '7 micro sleep: 3.0 seconds']",|,False,Counting pitches...,[],|,False,Counting yawns... 112.0 seconds remaining.,[]
2025-06-30 23:48:58,False,0,[],|,False,0,[],|,False,0,|,True,8,"['1 micro sleep: 2.0 seconds', '2 micro sleep: 2.0 seconds', '3 micro sleep: 6.0 seconds', '4 micro sleep: 2.0 seconds', '5 micro sleep: 2.0 seconds', '6 micro sleep: 5.0 seconds', '7 micro sleep: 3.0 seconds', '8 micro sleep: 4.0 seconds']",|,False,Counting pitches...,[],|,False,Counting yawns... 107.0 seconds remaining.,[]
2025-06-30 23:48:59,False,0,[],|,False,0,[],|,False,Counting flickers... 45.0 seconds remaining.,|,False,0,[],|,True,4,"['1 pitch: 3.0 seconds', '2 pitch: 7.0 seconds', '3 pitch: 4.0 seconds', '4 pitch: 9.0 seconds']",|,False,Counting yawns... 106.0 seconds remaining.,[]
2025-06-30 23:49:09,False,0,[],|,False,0,[],|,False,0,|,True,9,"['1 micro sleep: 2.0 seconds', '2 micro sleep: 2.0 seconds', '3 micro sleep: 6.0 seconds', '4 micro sleep: 2.0 seconds', '5 micro sleep: 2.0 seconds', '6 micro sleep: 5.0 seconds', '7 micro sleep: 3.0 seconds', '8 micro sleep: 4.0 seconds', '9 micro sleep: 3.0 seconds']",|,False,Counting pitches...,[],|,False,Counting yawns... 96.0 seconds remaining.,[]
2025-06-30 23:49:22,False,0,[],|,False,0,[],|,False,0,|,True,10,"['1 micro sleep: 2.0 seconds', '2 micro sleep: 2.0 seconds', '3 micro sleep: 6.0 seconds', '4 micro sleep: 2.0 seconds', '5 micro sleep: 2.0 seconds', '6 micro sleep: 5.0 seconds', '7 micro sleep: 3.0 seconds', '8 micro sleep: 4.0 seconds', '9 micro sleep: 3.0 seconds', '10 micro sleep: 3.0 seconds']",|,False,Counting pitches...,[],|,False,Counting yawns... 83.0 seconds remaining.,[]
2025-06-30 23:49:38,False,0,[],|,False,0,[],|,False,0,|,True,11,"['1 micro sleep: 2.0 seconds', '2 micro sleep: 2.0 seconds', '3 micro sleep: 6.0 seconds', '4 micro sleep: 2.0 seconds', '5 micro sleep: 2.0 seconds', '6 micro sleep: 5.0 seconds', '7 micro sleep: 3.0 seconds', '8 micro sleep: 4.0 seconds', '9 micro sleep: 3.0 seconds', '10 micro sleep: 3.0 seconds', '11 micro sleep: 3.0 seconds']",|,False,Counting pitches...,[],|,False,Counting yawns... 67.0 seconds remaining.,[]
2025-06-30 23:49:44,False,0,[],|,False,0,[],|,False,0,|,True,12,"['1 micro sleep: 2.0 seconds', '2 micro sleep: 2.0 seconds', '3 micro sleep: 6.0 seconds', '4 micro sleep: 2.0 seconds', '5 micro sleep: 2.0 seconds', '6 micro sleep: 5.0 seconds', '7 micro sleep: 3.0 seconds', '8 micro sleep: 4.0 seconds', '9 micro sleep: 3.0 seconds', '10 micro sleep: 3.0 seconds', '11 micro sleep: 3.0 seconds', '12 micro sleep: 2.0 seconds']",|,False,Counting pitches...,[],|,False,Counting yawns... 62.0 seconds remaining.,[]
2025-06-30 23:49:44,False,0,[],|,False,0,[],|,True,23,|,False,0,[],|,False,Counting pitches...,[],|,False,Counting yawns... 61.0 seconds remaining.,[]
2025-06-30 23:50:00,False,0,[],|,False,0,[],|,False,0,|,True,13,"['1 micro sleep: 2.0 seconds', '2 micro sleep: 2.0 seconds', '3 micro sleep: 6.0 seconds', '4 micro sleep: 2.0 seconds', '5 micro sleep: 2.0 seconds', '6 micro sleep: 5.0 seconds', '7 micro sleep: 3.0 seconds', '8 micro sleep: 4.0 seconds', '9 micro sleep: 3.0 seconds', '10 micro sleep: 3.0 seconds', '11 micro sleep: 3.0 seconds', '12 micro sleep: 2.0 seconds', '13 micro sleep: 2.0 seconds']",|,False,Counting pitches...,[],|,False,Counting yawns... 46.0 seconds remaining.,[]
2025-06-30 23:51:01,False,0,[],|,False,0,[],|,False,0,|,True,1,['1 micro sleep: 2.0 seconds'],|,False,Counting pitches...,[],|,False,Counting yawns... 177.0 seconds remaining.,[]
2025-06-30 23:51:27,False,0,[],|,False,0,[],|,False,0,|,True,2,"['1 micro sleep: 2.0 seconds', '2 micro sleep: 2.0 seconds']",|,False,Counting pitches...,[],|,False,Counting yawns... 151.0 seconds remaining.,[]
2025-06-30 23:51:44,False,0,[],|,False,0,[],|,False,0,|,True,3,"['1 micro sleep: 2.0 seconds', '2 micro sleep: 2.0 seconds', '3 micro sleep: 3.0 seconds']",|,False,Counting pitches...,[],|,False,Counting yawns... 135.0 seconds remaining.,[]
2025-06-30 23:51:46,False,0,[],|,False,0,[],|,False,Counting flickers... 12.0 seconds remaining.,|,False,0,[],|,True,1,['1 pitch: 6.0 seconds'],|,False,Counting yawns... 132.0 seconds remaining.,[]
2025-06-30 23:51:51,False,0,[],|,False,0,[],|,False,0,|,True,4,"['1 micro sleep: 2.0 seconds', '2 micro sleep: 2.0 seconds', '3 micro sleep: 3.0 seconds', '4 micro sleep: 5.0 seconds']",|,False,Counting pitches...,[],|,False,Counting yawns... 127.0 seconds remaining.,[]
2025-06-30 23:51:58,False,0,[],|,False,0,[],|,True,22,|,False,0,[],|,False,Counting pitches...,[],|,False,Counting yawns... 120.0 seconds remaining.,[]
2025-06-30 23:52:20,False,0,[],|,False,0,[],|,False,Counting flickers... 37.0 seconds remaining.,|,False,0,[],|,True,2,"['1 pitch: 6.0 seconds', '2 pitch: 5.0 seconds']",|,False,Counting yawns... 98.0 seconds remaining.,[]
2025-06-30 23:52:57,False,0,[],|,False,0,[],|,True,24,|,False,0,[],|,False,Counting pitches...,[],|,False,Counting yawns... 61.0 seconds remaining.,[]
2025-06-30 23:53:04,False,0,[],|,False,0,[],|,False,0,|,True,5,"['1 micro sleep: 2.0 seconds', '2 micro sleep: 2.0 seconds', '3 micro sleep: 3.0 seconds', '4 micro sleep: 5.0 seconds', '5 micro sleep: 11.0 seconds']",|,False,Counting pitches...,[],|,False,Counting yawns... 54.0 seconds remaining.,[]
2025-06-30 23:53:04,False,0,[],|,False,0,[],|,False,Counting flickers... 53.0 seconds remaining.,|,False,0,[],|,True,3,"['1 pitch: 6.0 seconds', '2 pitch: 5.0 seconds', '3 pitch: 10.0 seconds']",|,False,Counting yawns... 54.0 seconds remaining.,[]
2025-06-30 23:53:12,False,0,[],|,False,0,[],|,False,0,|,True,6,"['1 micro sleep: 2.0 seconds', '2 micro sleep: 2.0 seconds', '3 micro sleep: 3.0 seconds', '4 micro sleep: 5.0 seconds', '5 micro sleep: 11.0 seconds', '6 micro sleep: 2.0 seconds']",|,False,Counting pitches...,[],|,False,Counting yawns... 46.0 seconds remaining.,[]
2025-06-30 23:53:26,False,0,[],|,False,0,[],|,False,Counting flickers... 32.0 seconds remaining.,|,False,0,[],|,True,4,"['1 pitch: 6.0 seconds', '2 pitch: 5.0 seconds', '3 pitch: 10.0 seconds', '4 pitch: 4.0 seconds']",|,False,Counting yawns... 32.0 seconds remaining.,[]
2025-06-30 23:53:45,False,0,[],|,False,0,[],|,False,0,|,True,7,"['1 micro sleep: 2.0 seconds', '2 micro sleep: 2.0 seconds', '3 micro sleep: 3.0 seconds', '4 micro sleep: 5.0 seconds', '5 micro sleep: 11.0 seconds', '6 micro sleep: 2.0 seconds', '7 micro sleep: 2.0 seconds']",|,False,Counting pitches...,[],|,False,Counting yawns... 13.0 seconds remaining.,[]
2025-06-30 23:53:47,False,0,[],|,False,0,[],|,False,Counting flickers... 11.0 seconds remaining.,|,False,0,[],|,True,5,"['1 pitch: 6.0 seconds', '2 pitch: 5.0 seconds', '3 pitch: 10.0 seconds', '4 pitch: 4.0 seconds', '5 pitch: 6.0 seconds']",|,False,Counting yawns... 12.0 seconds remaining.,[]
2025-06-30 23:53:51,False,0,[],|,False,0,[],|,False,0,|,True,8,"['1 micro sleep: 2.0 seconds', '2 micro sleep: 2.0 seconds', '3 micro sleep: 3.0 seconds', '4 micro sleep: 5.0 seconds', '5 micro sleep: 11.0 seconds', '6 micro sleep: 2.0 seconds', '7 micro sleep: 2.0 seconds', '8 micro sleep: 2.0 seconds']",|,False,Counting pitches...,[],|,False,Counting yawns... 8.0 seconds remaining.,[]
2025-06-30 23:53:52,False,0,[],|,False,0,[],|,False,0,|,True,9,"['1 micro sleep: 2.0 seconds', '2 micro sleep: 2.0 seconds', '3 micro sleep: 3.0 seconds', '4 micro sleep: 5.0 seconds', '5 micro sleep: 11.0 seconds', '6 micro sleep: 2.0 seconds', '7 micro sleep: 2.0 seconds', '8 micro sleep: 2.0 seconds', '9 micro sleep: 2.0 seconds']",|,False,Counting pitches...,[],|,False,Counting yawns... 6.0 seconds remaining.,[]
2025-06-30 23:53:56,False,0,[],|,False,0,[],|,False,0,|,True,10,"['1 micro sleep: 2.0 seconds', '2 micro sleep: 2.0 seconds', '3 micro sleep: 3.0 seconds', '4 micro sleep: 5.0 seconds', '5 micro sleep: 11.0 seconds', '6 micro sleep: 2.0 seconds', '7 micro sleep: 2.0 seconds', '8 micro sleep: 2.0 seconds', '9 micro sleep: 2.0 seconds', '10 micro sleep: 2.0 seconds']",|,False,Counting pitches...,[],|,False,Counting yawns... 2.0 seconds remaining.,[]
2025-06-30 23:53:56,False,0,[],|,False,0,[],|,False,Counting flickers... 1.0 seconds remaining.,|,False,0,[],|,True,6,"['1 pitch: 6.0 seconds', '2 pitch: 5.0 seconds', '3 pitch: 10.0 seconds', '4 pitch: 4.0 seconds', '5 pitch: 6.0 seconds', '6 pitch: 9.0 seconds']",|,False,Counting yawns... 2.0 seconds remaining.,[]
2025-06-30 23:53:57,False,0,[],|,False,0,[],|,True,14,|,False,0,[],|,False,Counting pitches...,[],|,False,Counting yawns... 1.0 seconds remaining.,[]
2025-06-30 23:53:58,False,0,[],|,False,0,[],|,False,Counting flickers... 59.0 seconds remaining.,|,False,0,[],|,False,Counting pitches...,[],|,True,0,[]
2025-06-30 23:54:25,False,0,[],|,False,0,[],|,False,0,|,True,11,"['1 micro sleep: 2.0 seconds', '2 micro sleep: 2.0 seconds', '3 micro sleep: 3.0 seconds', '4 micro sleep: 5.0 seconds', '5 micro sleep: 11.0 seconds', '6 micro sleep: 2.0 seconds', '7 micro sleep: 2.0 seconds', '8 micro sleep: 2.0 seconds', '9 micro sleep: 2.0 seconds', '10 micro sleep: 2.0 seconds', '11 micro sleep: 9.0 seconds']",|,False,Counting pitches...,[],|,False,Counting yawns... 153.0 seconds remaining.,[]
2025-06-30 23:54:28,False,0,[],|,False,0,[],|,False,0,|,True,12,"['1 micro sleep: 2.0 seconds', '2 micro sleep: 2.0 seconds', '3 micro sleep: 3.0 seconds', '4 micro sleep: 5.0 seconds', '5 micro sleep: 11.0 seconds', '6 micro sleep: 2.0 seconds', '7 micro sleep: 2.0 seconds', '8 micro sleep: 2.0 seconds', '9 micro sleep: 2.0 seconds', '10 micro sleep: 2.0 seconds', '11 micro sleep: 9.0 seconds', '12 micro sleep: 2.0 seconds']",|,False,Counting pitches...,[],|,False,Counting yawns... 150.0 seconds remaining.,[]
2025-06-30 23:54:30,False,0,[],|,False,0,[],|,False,0,|,True,13,"['1 micro sleep: 2.0 seconds', '2 micro sleep: 2.0 seconds', '3 micro sleep: 3.0 seconds', '4 micro sleep: 5.0 seconds', '5 micro sleep: 11.0 seconds', '6 micro sleep: 2.0 seconds', '7 micro sleep: 2.0 seconds', '8 micro sleep: 2.0 seconds', '9 micro sleep: 2.0 seconds', '10 micro sleep: 2.0 seconds', '11 micro sleep: 9.0 seconds', '12 micro sleep: 2.0 seconds', '13 micro sleep: 2.0 seconds']",|,False,Counting pitches...,[],|,False,Counting yawns... 148.0 seconds remaining.,[]
2025-06-30 23:54:56,False,0,[],|,False,0,[],|,True,19,|,False,0,[],|,False,Counting pitches...,[],|,False,Counting yawns... 121.0 seconds remaining.,[]
2025-06-30 23:54:57,False,0,[],|,False,0,[],|,False,0,|,True,14,"['1 micro sleep: 2.0 seconds', '2 micro sleep: 2.0 seconds', '3 micro sleep: 3.0 seconds', '4 micro sleep: 5.0 seconds', '5 micro sleep: 11.0 seconds', '6 micro sleep: 2.0 seconds', '7 micro sleep: 2.0 seconds', '8 micro sleep: 2.0 seconds', '9 micro sleep: 2.0 seconds', '10 micro sleep: 2.0 seconds', '11 micro sleep: 9.0 seconds', '12 micro sleep: 2.0 seconds', '13 micro sleep: 2.0 seconds', '14 micro sleep: 2.0 seconds']",|,False,Counting pitches...,[],|,False,Counting yawns... 120.0 seconds remaining.,[]
2025-06-30 23:55:02,False,0,[],|,False,0,[],|,False,0,|,True,15,"['1 micro sleep: 2.0 seconds', '2 micro sleep: 2.0 seconds', '3 micro sleep: 3.0 seconds', '4 micro sleep: 5.0 seconds', '5 micro sleep: 11.0 seconds', '6 micro sleep: 2.0 seconds', '7 micro sleep: 2.0 seconds', '8 micro sleep: 2.0 seconds', '9 micro sleep: 2.0 seconds', '10 micro sleep: 2.0 seconds', '11 micro sleep: 9.0 seconds', '12 micro sleep: 2.0 seconds', '13 micro sleep: 2.0 seconds', '14 micro sleep: 2.0 seconds', '15 micro sleep: 3.0 seconds']",|,False,Counting pitches...,[],|,False,Counting yawns... 116.0 seconds remaining.,[]
2025-06-30 23:55:10,False,0,[],|,False,0,[],|,False,0,|,True,16,"['1 micro sleep: 2.0 seconds', '2 micro sleep: 2.0 seconds', '3 micro sleep: 3.0 seconds', '4 micro sleep: 5.0 seconds', '5 micro sleep: 11.0 seconds', '6 micro sleep: 2.0 seconds', '7 micro sleep: 2.0 seconds', '8 micro sleep: 2.0 seconds', '9 micro sleep: 2.0 seconds', '10 micro sleep: 2.0 seconds', '11 micro sleep: 9.0 seconds', '12 micro sleep: 2.0 seconds', '13 micro sleep: 2.0 seconds', '14 micro sleep: 2.0 seconds', '15 micro sleep: 3.0 seconds', '16 micro sleep: 3.0 seconds']",|,False,Counting pitches...,[],|,False,Counting yawns... 107.0 seconds remaining.,[]
2025-06-30 23:55:13,False,0,[],|,False,0,[],|,False,0,|,True,17,"['1 micro sleep: 2.0 seconds', '2 micro sleep: 2.0 seconds', '3 micro sleep: 3.0 seconds', '4 micro sleep: 5.0 seconds', '5 micro sleep: 11.0 seconds', '6 micro sleep: 2.0 seconds', '7 micro sleep: 2.0 seconds', '8 micro sleep: 2.0 seconds', '9 micro sleep: 2.0 seconds', '10 micro sleep: 2.0 seconds', '11 micro sleep: 9.0 seconds', '12 micro sleep: 2.0 seconds', '13 micro sleep: 2.0 seconds', '14 micro sleep: 2.0 seconds', '15 micro sleep: 3.0 seconds', '16 micro sleep: 3.0 seconds', '17 micro sleep: 2.0 seconds']",|,False,Counting pitches...,[],|,False,Counting yawns... 105.0 seconds remaining.,[]
2025-06-30 23:55:20,False,0,[],|,False,0,[],|,False,0,|,True,18,"['1 micro sleep: 2.0 seconds', '2 micro sleep: 2.0 seconds', '3 micro sleep: 3.0 seconds', '4 micro sleep: 5.0 seconds', '5 micro sleep: 11.0 seconds', '6 micro sleep: 2.0 seconds', '7 micro sleep: 2.0 seconds', '8 micro sleep: 2.0 seconds', '9 micro sleep: 2.0 seconds', '10 micro sleep: 2.0 seconds', '11 micro sleep: 9.0 seconds', '12 micro sleep: 2.0 seconds', '13 micro sleep: 2.0 seconds', '14 micro sleep: 2.0 seconds', '15 micro sleep: 3.0 seconds', '16 micro sleep: 3.0 seconds', '17 micro sleep: 2.0 seconds', '18 micro sleep: 2.0 seconds']",|,False,Counting pitches...,[],|,False,Counting yawns... 98.0 seconds remaining.,[]
2025-06-30 23:55:23,False,0,[],|,False,0,[],|,False,0,|,True,19,"['1 micro sleep: 2.0 seconds', '2 micro sleep: 2.0 seconds', '3 micro sleep: 3.0 seconds', '4 micro sleep: 5.0 seconds', '5 micro sleep: 11.0 seconds', '6 micro sleep: 2.0 seconds', '7 micro sleep: 2.0 seconds', '8 micro sleep: 2.0 seconds', '9 micro sleep: 2.0 seconds', '10 micro sleep: 2.0 seconds', '11 micro sleep: 9.0 seconds', '12 micro sleep: 2.0 seconds', '13 micro sleep: 2.0 seconds', '14 micro sleep: 2.0 seconds', '15 micro sleep: 3.0 seconds', '16 micro sleep: 3.0 seconds', '17 micro sleep: 2.0 seconds', '18 micro sleep: 2.0 seconds', '19 micro sleep: 3.0 seconds']",|,False,Counting pitches...,[],|,False,Counting yawns... 94.0 seconds remaining.,[]
2025-06-30 23:55:24,False,0,[],|,False,0,[],|,False,Counting flickers... 32.0 seconds remaining.,|,False,0,[],|,True,7,"['1 pitch: 6.0 seconds', '2 pitch: 5.0 seconds', '3 pitch: 10.0 seconds', '4 pitch: 4.0 seconds', '5 pitch: 6.0 seconds', '6 pitch: 9.0 seconds', '7 pitch: 4.0 seconds']",|,False,Counting yawns... 94.0 seconds remaining.,[]
2025-06-30 23:55:28,False,0,[],|,False,0,[],|,False,Counting flickers... 29.0 seconds remaining.,|,False,0,[],|,True,8,"['1 pitch: 6.0 seconds', '2 pitch: 5.0 seconds', '3 pitch: 10.0 seconds', '4 pitch: 4.0 seconds', '5 pitch: 6.0 seconds', '6 pitch: 9.0 seconds', '7 pitch: 4.0 seconds', '8 pitch: 3.0 seconds']",|,False,Counting yawns... 90.0 seconds remaining.,[]
2025-06-30 23:55:28,False,0,[],|,False,0,[],|,False,0,|,True,20,"['1 micro sleep: 2.0 seconds', '2 micro sleep: 2.0 seconds', '3 micro sleep: 3.0 seconds', '4 micro sleep: 5.0 seconds', '5 micro sleep: 11.0 seconds', '6 micro sleep: 2.0 seconds', '7 micro sleep: 2.0 seconds', '8 micro sleep: 2.0 seconds', '9 micro sleep: 2.0 seconds', '10 micro sleep: 2.0 seconds', '11 micro sleep: 9.0 seconds', '12 micro sleep: 2.0 seconds', '13 micro sleep: 2.0 seconds', '14 micro sleep: 2.0 seconds', '15 micro sleep: 3.0 seconds', '16 micro sleep: 3.0 seconds', '17 micro sleep: 2.0 seconds', '18 micro sleep: 2.0 seconds', '19 micro sleep: 3.0 seconds', '20 micro sleep: 3.0 seconds']",|,False,Counting pitches...,[],|,False,Counting yawns... 90.0 seconds remaining.,[]
2025-06-30 23:55:32,False,0,[],|,False,0,[],|,False,0,|,True,21,"['1 micro sleep: 2.0 seconds', '2 micro sleep: 2.0 seconds', '3 micro sleep: 3.0 seconds', '4 micro sleep: 5.0 seconds', '5 micro sleep: 11.0 seconds', '6 micro sleep: 2.0 seconds', '7 micro sleep: 2.0 seconds', '8 micro sleep: 2.0 seconds', '9 micro sleep: 2.0 seconds', '10 micro sleep: 2.0 seconds', '11 micro sleep: 9.0 seconds', '12 micro sleep: 2.0 seconds', '13 micro sleep: 2.0 seconds', '14 micro sleep: 2.0 seconds', '15 micro sleep: 3.0 seconds', '16 micro sleep: 3.0 seconds', '17 micro sleep: 2.0 seconds', '18 micro sleep: 2.0 seconds', '19 micro sleep: 3.0 seconds', '20 micro sleep: 3.0 seconds', '21 micro sleep: 2.0 seconds']",|,False,Counting pitches...,[],|,False,Counting yawns... 86.0 seconds remaining.,[]
2025-06-30 23:55:35,False,0,[],|,False,0,[],|,False,0,|,True,22,"['1 micro sleep: 2.0 seconds', '2 micro sleep: 2.0 seconds', '3 micro sleep: 3.0 seconds', '4 micro sleep: 5.0 seconds', '5 micro sleep: 11.0 seconds', '6 micro sleep: 2.0 seconds', '7 micro sleep: 2.0 seconds', '8 micro sleep: 2.0 seconds', '9 micro sleep: 2.0 seconds', '10 micro sleep: 2.0 seconds', '11 micro sleep: 9.0 seconds', '12 micro sleep: 2.0 seconds', '13 micro sleep: 2.0 seconds', '14 micro sleep: 2.0 seconds', '15 micro sleep: 3.0 seconds', '16 micro sleep: 3.0 seconds', '17 micro sleep: 2.0 seconds', '18 micro sleep: 2.0 seconds', '19 micro sleep: 3.0 seconds', '20 micro sleep: 3.0 seconds', '21 micro sleep: 2.0 seconds', '22 micro sleep: 2.0 seconds']",|,False,Counting pitches...,[],|,False,Counting yawns... 83.0 seconds remaining.,[]
2025-06-30 23:55:56,False,0,[],|,False,0,[],|,True,25,|,False,0,[],|,False,Counting pitches...,[],|,False,Counting yawns... 62.0 seconds remaining.,[]
2025-06-30 23:55:58,True,2,"['1 right eye rub: 2.0 seconds', '1 left eye rub: 2.0 seconds']",|,True,2,"['1 right eye rub: 2.0 seconds', '1 left eye rub: 2.0 seconds']",|,False,Counting flickers... 58.0 seconds remaining.,|,False,0,[],|,False,Counting pitches...,[],|,False,Counting yawns... 60.0 seconds remaining.,[]
2025-06-30 23:56:38,False,0,[],|,False,0,[],|,False,0,|,True,23,"['1 micro sleep: 2.0 seconds', '2 micro sleep: 2.0 seconds', '3 micro sleep: 3.0 seconds', '4 micro sleep: 5.0 seconds', '5 micro sleep: 11.0 seconds', '6 micro sleep: 2.0 seconds', '7 micro sleep: 2.0 seconds', '8 micro sleep: 2.0 seconds', '9 micro sleep: 2.0 seconds', '10 micro sleep: 2.0 seconds', '11 micro sleep: 9.0 seconds', '12 micro sleep: 2.0 seconds', '13 micro sleep: 2.0 seconds', '14 micro sleep: 2.0 seconds', '15 micro sleep: 3.0 seconds', '16 micro sleep: 3.0 seconds', '17 micro sleep: 2.0 seconds', '18 micro sleep: 2.0 seconds', '19 micro sleep: 3.0 seconds', '20 micro sleep: 3.0 seconds', '21 micro sleep: 2.0 seconds', '22 micro sleep: 2.0 seconds', '23 micro sleep: 2.0 seconds']",|,False,Counting pitches...,[],|,False,Counting yawns... 19.0 seconds remaining.,[]
2025-06-30 23:56:56,False,0,[],|,False,0,[],|,True,25,|,False,0,[],|,False,Counting pitches...,[],|,False,Counting yawns... 2.0 seconds remaining.,[]
2025-06-30 23:56:57,False,0,[],|,False,0,[],|,False,Counting flickers... 58.0 seconds remaining.,|,False,0,[],|,False,Counting pitches...,[],|,True,0,[]
2025-06-30 23:57:55,False,0,[],|,False,0,[],|,True,33,|,False,0,[],|,False,Counting pitches...,[],|,False,Counting yawns... 122.0 seconds remaining.,[]
2025-06-30 23:58:01,False,0,[],|,False,0,[],|,False,0,|,True,24,"['1 micro sleep: 2.0 seconds', '2 micro sleep: 2.0 seconds', '3 micro sleep: 3.0 seconds', '4 micro sleep: 5.0 seconds', '5 micro sleep: 11.0 seconds', '6 micro sleep: 2.0 seconds', '7 micro sleep: 2.0 seconds', '8 micro sleep: 2.0 seconds', '9 micro sleep: 2.0 seconds', '10 micro sleep: 2.0 seconds', '11 micro sleep: 9.0 seconds', '12 micro sleep: 2.0 seconds', '13 micro sleep: 2.0 seconds', '14 micro sleep: 2.0 seconds', '15 micro sleep: 3.0 seconds', '16 micro sleep: 3.0 seconds', '17 micro sleep: 2.0 seconds', '18 micro sleep: 2.0 seconds', '19 micro sleep: 3.0 seconds', '20 micro sleep: 3.0 seconds', '21 micro sleep: 2.0 seconds', '22 micro sleep: 2.0 seconds', '23 micro sleep: 2.0 seconds', '24 micro sleep: 2.0 seconds']",|,False,Counting pitches...,[],|,False,Counting yawns... 116.0 seconds remaining.,[]
2025-06-30 23:58:02,False,0,[],|,False,0,[],|,False,Counting flickers... 54.0 seconds remaining.,|,False,0,[],|,True,9,"['1 pitch: 6.0 seconds', '2 pitch: 5.0 seconds', '3 pitch: 10.0 seconds', '4 pitch: 4.0 seconds', '5 pitch: 6.0 seconds', '6 pitch: 9.0 seconds', '7 pitch: 4.0 seconds', '8 pitch: 3.0 seconds', '9 pitch: 3.0 seconds']",|,False,Counting yawns... 116.0 seconds remaining.,[]
2025-06-30 23:58:04,False,0,[],|,False,0,[],|,False,0,|,True,25,"['1 micro sleep: 2.0 seconds', '2 micro sleep: 2.0 seconds', '3 micro sleep: 3.0 seconds', '4 micro sleep: 5.0 seconds', '5 micro sleep: 11.0 seconds', '6 micro sleep: 2.0 seconds', '7 micro sleep: 2.0 seconds', '8 micro sleep: 2.0 seconds', '9 micro sleep: 2.0 seconds', '10 micro sleep: 2.0 seconds', '11 micro sleep: 9.0 seconds', '12 micro sleep: 2.0 seconds', '13 micro sleep: 2.0 seconds', '14 micro sleep: 2.0 seconds', '15 micro sleep: 3.0 seconds', '16 micro sleep: 3.0 seconds', '17 micro sleep: 2.0 seconds', '18 micro sleep: 2.0 seconds', '19 micro sleep: 3.0 seconds', '20 micro sleep: 3.0 seconds', '21 micro sleep: 2.0 seconds', '22 micro sleep: 2.0 seconds', '23 micro sleep: 2.0 seconds', '24 micro sleep: 2.0 seconds', '25 micro sleep: 2.0 seconds']",|,False,Counting pitches...,[],|,False,Counting yawns... 114.0 seconds remaining.,[]
2025-06-30 23:58:39,False,0,[],|,False,0,[],|,False,Counting flickers... 16.0 seconds remaining.,|,False,0,[],|,True,10,"['1 pitch: 6.0 seconds', '2 pitch: 5.0 seconds', '3 pitch: 10.0 seconds', '4 pitch: 4.0 seconds', '5 pitch: 6.0 seconds', '6 pitch: 9.0 seconds', '7 pitch: 4.0 seconds', '8 pitch: 3.0 seconds', '9 pitch: 3.0 seconds', '10 pitch: 4.0 seconds']",|,False,Counting yawns... 78.0 seconds remaining.,[]
2025-06-30 23:58:46,False,0,[],|,False,0,[],|,False,0,|,True,26,"['1 micro sleep: 2.0 seconds', '2 micro sleep: 2.0 seconds', '3 micro sleep: 3.0 seconds', '4 micro sleep: 5.0 seconds', '5 micro sleep: 11.0 seconds', '6 micro sleep: 2.0 seconds', '7 micro sleep: 2.0 seconds', '8 micro sleep: 2.0 seconds', '9 micro sleep: 2.0 seconds', '10 micro sleep: 2.0 seconds', '11 micro sleep: 9.0 seconds', '12 micro sleep: 2.0 seconds', '13 micro sleep: 2.0 seconds', '14 micro sleep: 2.0 seconds', '15 micro sleep: 3.0 seconds', '16 micro sleep: 3.0 seconds', '17 micro sleep: 2.0 seconds', '18 micro sleep: 2.0 seconds', '19 micro sleep: 3.0 seconds', '20 micro sleep: 3.0 seconds', '21 micro sleep: 2.0 seconds', '22 micro sleep: 2.0 seconds', '23 micro sleep: 2.0 seconds', '24 micro sleep: 2.0 seconds', '25 micro sleep: 2.0 seconds', '26 micro sleep: 3.0 seconds']",|,False,Counting pitches...,[],|,False,Counting yawns... 72.0 seconds remaining.,[]
2025-06-30 23:58:50,False,0,[],|,False,0,[],|,False,0,|,True,27,"['1 micro sleep: 2.0 seconds', '2 micro sleep: 2.0 seconds', '3 micro sleep: 3.0 seconds', '4 micro sleep: 5.0 seconds', '5 micro sleep: 11.0 seconds', '6 micro sleep: 2.0 seconds', '7 micro sleep: 2.0 seconds', '8 micro sleep: 2.0 seconds', '9 micro sleep: 2.0 seconds', '10 micro sleep: 2.0 seconds', '11 micro sleep: 9.0 seconds', '12 micro sleep: 2.0 seconds', '13 micro sleep: 2.0 seconds', '14 micro sleep: 2.0 seconds', '15 micro sleep: 3.0 seconds', '16 micro sleep: 3.0 seconds', '17 micro sleep: 2.0 seconds', '18 micro sleep: 2.0 seconds', '19 micro sleep: 3.0 seconds', '20 micro sleep: 3.0 seconds', '21 micro sleep: 2.0 seconds', '22 micro sleep: 2.0 seconds', '23 micro sleep: 2.0 seconds', '24 micro sleep: 2.0 seconds', '25 micro sleep: 2.0 seconds', '26 micro sleep: 3.0 seconds', '27 micro sleep: 2.0 seconds']",|,True,11,"['1 pitch: 6.0 seconds', '2 pitch: 5.0 seconds', '3 pitch: 10.0 seconds', '4 pitch: 4.0 seconds', '5 pitch: 6.0 seconds', '6 pitch: 9.0 seconds', '7 pitch: 4.0 seconds', '8 pitch: 3.0 seconds', '9 pitch: 3.0 seconds', '10 pitch: 4.0 seconds', '11 pitch: 7.0 seconds']",|,False,Counting yawns... 67.0 seconds remaining.,[]
2025-06-30 23:58:55,False,0,[],|,False,0,[],|,True,20,|,False,0,[],|,True,12,"['1 pitch: 6.0 seconds', '2 pitch: 5.0 seconds', '3 pitch: 10.0 seconds', '4 pitch: 4.0 seconds', '5 pitch: 6.0 seconds', '6 pitch: 9.0 seconds', '7 pitch: 4.0 seconds', '8 pitch: 3.0 seconds', '9 pitch: 3.0 seconds', '10 pitch: 4.0 seconds', '11 pitch: 7.0 seconds', '12 pitch: 5.0 seconds']",|,False,Counting yawns... 62.0 seconds remaining.,[]
2025-06-30 23:58:55,False,0,[],|,False,0,[],|,False,0,|,True,28,"['1 micro sleep: 2.0 seconds', '2 micro sleep: 2.0 seconds', '3 micro sleep: 3.0 seconds', '4 micro sleep: 5.0 seconds', '5 micro sleep: 11.0 seconds', '6 micro sleep: 2.0 seconds', '7 micro sleep: 2.0 seconds', '8 micro sleep: 2.0 seconds', '9 micro sleep: 2.0 seconds', '10 micro sleep: 2.0 seconds', '11 micro sleep: 9.0 seconds', '12 micro sleep: 2.0 seconds', '13 micro sleep: 2.0 seconds', '14 micro sleep: 2.0 seconds', '15 micro sleep: 3.0 seconds', '16 micro sleep: 3.0 seconds', '17 micro sleep: 2.0 seconds', '18 micro sleep: 2.0 seconds', '19 micro sleep: 3.0 seconds', '20 micro sleep: 3.0 seconds', '21 micro sleep: 2.0 seconds', '22 micro sleep: 2.0 seconds', '23 micro sleep: 2.0 seconds', '24 micro sleep: 2.0 seconds', '25 micro sleep: 2.0 seconds', '26 micro sleep: 3.0 seconds', '27 micro sleep: 2.0 seconds', '28 micro sleep: 4.0 seconds']",|,False,Counting pitches...,[],|,False,Counting yawns... 62.0 seconds remaining.,[]
2025-06-30 23:59:49,False,0,[],|,False,0,[],|,False,0,|,True,29,"['1 micro sleep: 2.0 seconds', '2 micro sleep: 2.0 seconds', '3 micro sleep: 3.0 seconds', '4 micro sleep: 5.0 seconds', '5 micro sleep: 11.0 seconds', '6 micro sleep: 2.0 seconds', '7 micro sleep: 2.0 seconds', '8 micro sleep: 2.0 seconds', '9 micro sleep: 2.0 seconds', '10 micro sleep: 2.0 seconds', '11 micro sleep: 9.0 seconds', '12 micro sleep: 2.0 seconds', '13 micro sleep: 2.0 seconds', '14 micro sleep: 2.0 seconds', '15 micro sleep: 3.0 seconds', '16 micro sleep: 3.0 seconds', '17 micro sleep: 2.0 seconds', '18 micro sleep: 2.0 seconds', '19 micro sleep: 3.0 seconds', '20 micro sleep: 3.0 seconds', '21 micro sleep: 2.0 seconds', '22 micro sleep: 2.0 seconds', '23 micro sleep: 2.0 seconds', '24 micro sleep: 2.0 seconds', '25 micro sleep: 2.0 seconds', '26 micro sleep: 3.0 seconds', '27 micro sleep: 2.0 seconds', '28 micro sleep: 4.0 seconds', '29 micro sleep: 18.0 seconds']",|,False,Counting pitches...,[],|,False,Counting yawns... 8.0 seconds remaining.,[]
2025-06-30 23:59:53,False,0,[],|,False,0,[],|,False,0,|,True,30,"['1 micro sleep: 2.0 seconds', '2 micro sleep: 2.0 seconds', '3 micro sleep: 3.0 seconds', '4 micro sleep: 5.0 seconds', '5 micro sleep: 11.0 seconds', '6 micro sleep: 2.0 seconds', '7 micro sleep: 2.0 seconds', '8 micro sleep: 2.0 seconds', '9 micro sleep: 2.0 seconds', '10 micro sleep: 2.0 seconds', '11 micro sleep: 9.0 seconds', '12 micro sleep: 2.0 seconds', '13 micro sleep: 2.0 seconds', '14 micro sleep: 2.0 seconds', '15 micro sleep: 3.0 seconds', '16 micro sleep: 3.0 seconds', '17 micro sleep: 2.0 seconds', '18 micro sleep: 2.0 seconds', '19 micro sleep: 3.0 seconds', '20 micro sleep: 3.0 seconds', '21 micro sleep: 2.0 seconds', '22 micro sleep: 2.0 seconds', '23 micro sleep: 2.0 seconds', '24 micro sleep: 2.0 seconds', '25 micro sleep: 2.0 seconds', '26 micro sleep: 3.0 seconds', '27 micro sleep: 2.0 seconds', '28 micro sleep: 4.0 seconds', '29 micro sleep: 18.0 seconds', '30 micro sleep: 2.0 seconds']",|,False,Counting pitches...,[],|,False,Counting yawns... 4.0 seconds remaining.,[]
2025-06-30 23:59:54,False,0,[],|,False,0,[],|,False,Counting flickers... 2.0 seconds remaining.,|,False,0,[],|,True,13,"['1 pitch: 6.0 seconds', '2 pitch: 5.0 seconds', '3 pitch: 10.0 seconds', '4 pitch: 4.0 seconds', '5 pitch: 6.0 seconds', '6 pitch: 9.0 seconds', '7 pitch: 4.0 seconds', '8 pitch: 3.0 seconds', '9 pitch: 3.0 seconds', '10 pitch: 4.0 seconds', '11 pitch: 7.0 seconds', '12 pitch: 5.0 seconds', '13 pitch: 22.0 seconds']",|,False,Counting yawns... 4.0 seconds remaining.,[]
2025-06-30 23:59:55,False,0,[],|,False,0,[],|,True,8,|,False,0,[],|,False,Counting pitches...,[],|,False,Counting yawns... 3.0 seconds remaining.,[]
2025-06-30 23:59:57,False,0,[],|,False,0,[],|,False,Counting flickers... 58.0 seconds remaining.,|,False,0,[],|,False,Counting pitches...,[],|,True,0,[]
2025-07-01 00:00:00,False,0,[],|,False,0,[],|,False,0,|,True,31,"['1 micro sleep: 2.0 seconds', '2 micro sleep: 2.0 seconds', '3 micro sleep: 3.0 seconds', '4 micro sleep: 5.0 seconds', '5 micro sleep: 11.0 seconds', '6 micro sleep: 2.0 seconds', '7 micro sleep: 2.0 seconds', '8 micro sleep: 2.0 seconds', '9 micro sleep: 2.0 seconds', '10 micro sleep: 2.0 seconds', '11 micro sleep: 9.0 seconds', '12 micro sleep: 2.0 seconds', '13 micro sleep: 2.0 seconds', '14 micro sleep: 2.0 seconds', '15 micro sleep: 3.0 seconds', '16 micro sleep: 3.0 seconds', '17 micro sleep: 2.0 seconds', '18 micro sleep: 2.0 seconds', '19 micro sleep: 3.0 seconds', '20 micro sleep: 3.0 seconds', '21 micro sleep: 2.0 seconds', '22 micro sleep: 2.0 seconds', '23 micro sleep: 2.0 seconds', '24 micro sleep: 2.0 seconds', '25 micro sleep: 2.0 seconds', '26 micro sleep: 3.0 seconds', '27 micro sleep: 2.0 seconds', '28 micro sleep: 4.0 seconds', '29 micro sleep: 18.0 seconds', '30 micro sleep: 2.0 seconds', '31 micro sleep: 5.0 seconds']",|,False,Counting pitches...,[],|,False,Counting yawns... 176.0 seconds remaining.,[]
2025-07-01 00:00:01,False,0,[],|,False,0,[],|,False,Counting flickers... 54.0 seconds remaining.,|,False,0,[],|,True,14,"['1 pitch: 6.0 seconds', '2 pitch: 5.0 seconds', '3 pitch: 10.0 seconds', '4 pitch: 4.0 seconds', '5 pitch: 6.0 seconds', '6 pitch: 9.0 seconds', '7 pitch: 4.0 seconds', '8 pitch: 3.0 seconds', '9 pitch: 3.0 seconds', '10 pitch: 4.0 seconds', '11 pitch: 7.0 seconds', '12 pitch: 5.0 seconds', '13 pitch: 22.0 seconds', '14 pitch: 7.0 seconds']",|,False,Counting yawns... 176.0 seconds remaining.,[]
2025-07-01 00:00:05,False,0,[],|,False,0,[],|,False,0,|,True,32,"['1 micro sleep: 2.0 seconds', '2 micro sleep: 2.0 seconds', '3 micro sleep: 3.0 seconds', '4 micro sleep: 5.0 seconds', '5 micro sleep: 11.0 seconds', '6 micro sleep: 2.0 seconds', '7 micro sleep: 2.0 seconds', '8 micro sleep: 2.0 seconds', '9 micro sleep: 2.0 seconds', '10 micro sleep: 2.0 seconds', '11 micro sleep: 9.0 seconds', '12 micro sleep: 2.0 seconds', '13 micro sleep: 2.0 seconds', '14 micro sleep: 2.0 seconds', '15 micro sleep: 3.0 seconds', '16 micro sleep: 3.0 seconds', '17 micro sleep: 2.0 seconds', '18 micro sleep: 2.0 seconds', '19 micro sleep: 3.0 seconds', '20 micro sleep: 3.0 seconds', '21 micro sleep: 2.0 seconds', '22 micro sleep: 2.0 seconds', '23 micro sleep: 2.0 seconds', '24 micro sleep: 2.0 seconds', '25 micro sleep: 2.0 seconds', '26 micro sleep: 3.0 seconds', '27 micro sleep: 2.0 seconds', '28 micro sleep: 4.0 seconds', '29 micro sleep: 18.0 seconds', '30 micro sleep: 2.0 seconds', '31 micro sleep: 5.0 seconds', '32 micro sleep: 3.0 seconds']",|,False,Counting pitches...,[],|,False,Counting yawns... 172.0 seconds remaining.,[]
2025-07-01 00:00:26,False,0,[],|,False,0,[],|,False,0,|,True,33,"['1 micro sleep: 2.0 seconds', '2 micro sleep: 2.0 seconds', '3 micro sleep: 3.0 seconds', '4 micro sleep: 5.0 seconds', '5 micro sleep: 11.0 seconds', '6 micro sleep: 2.0 seconds', '7 micro sleep: 2.0 seconds', '8 micro sleep: 2.0 seconds', '9 micro sleep: 2.0 seconds', '10 micro sleep: 2.0 seconds', '11 micro sleep: 9.0 seconds', '12 micro sleep: 2.0 seconds', '13 micro sleep: 2.0 seconds', '14 micro sleep: 2.0 seconds', '15 micro sleep: 3.0 seconds', '16 micro sleep: 3.0 seconds', '17 micro sleep: 2.0 seconds', '18 micro sleep: 2.0 seconds', '19 micro sleep: 3.0 seconds', '20 micro sleep: 3.0 seconds', '21 micro sleep: 2.0 seconds', '22 micro sleep: 2.0 seconds', '23 micro sleep: 2.0 seconds', '24 micro sleep: 2.0 seconds', '25 micro sleep: 2.0 seconds', '26 micro sleep: 3.0 seconds', '27 micro sleep: 2.0 seconds', '28 micro sleep: 4.0 seconds', '29 micro sleep: 18.0 seconds', '30 micro sleep: 2.0 seconds', '31 micro sleep: 5.0 seconds', '32 micro sleep: 3.0 seconds', '33 micro sleep: 2.0 seconds']",|,False,Counting pitches...,[],|,False,Counting yawns... 151.0 seconds remaining.,[]
2025-07-01 00:00:30,False,0,[],|,False,0,[],|,False,0,|,True,34,"['1 micro sleep: 2.0 seconds', '2 micro sleep: 2.0 seconds', '3 micro sleep: 3.0 seconds', '4 micro sleep: 5.0 seconds', '5 micro sleep: 11.0 seconds', '6 micro sleep: 2.0 seconds', '7 micro sleep: 2.0 seconds', '8 micro sleep: 2.0 seconds', '9 micro sleep: 2.0 seconds', '10 micro sleep: 2.0 seconds', '11 micro sleep: 9.0 seconds', '12 micro sleep: 2.0 seconds', '13 micro sleep: 2.0 seconds', '14 micro sleep: 2.0 seconds', '15 micro sleep: 3.0 seconds', '16 micro sleep: 3.0 seconds', '17 micro sleep: 2.0 seconds', '18 micro sleep: 2.0 seconds', '19 micro sleep: 3.0 seconds', '20 micro sleep: 3.0 seconds', '21 micro sleep: 2.0 seconds', '22 micro sleep: 2.0 seconds', '23 micro sleep: 2.0 seconds', '24 micro sleep: 2.0 seconds', '25 micro sleep: 2.0 seconds', '26 micro sleep: 3.0 seconds', '27 micro sleep: 2.0 seconds', '28 micro sleep: 4.0 seconds', '29 micro sleep: 18.0 seconds', '30 micro sleep: 2.0 seconds', '31 micro sleep: 5.0 seconds', '32 micro sleep: 3.0 seconds', '33 micro sleep: 2.0 seconds', '34 micro sleep: 3.0 seconds']",|,False,Counting pitches...,[],|,False,Counting yawns... 147.0 seconds remaining.,[]
2025-07-01 00:00:33,False,0,[],|,False,0,[],|,False,0,|,True,35,"['1 micro sleep: 2.0 seconds', '2 micro sleep: 2.0 seconds', '3 micro sleep: 3.0 seconds', '4 micro sleep: 5.0 seconds', '5 micro sleep: 11.0 seconds', '6 micro sleep: 2.0 seconds', '7 micro sleep: 2.0 seconds', '8 micro sleep: 2.0 seconds', '9 micro sleep: 2.0 seconds', '10 micro sleep: 2.0 seconds', '11 micro sleep: 9.0 seconds', '12 micro sleep: 2.0 seconds', '13 micro sleep: 2.0 seconds', '14 micro sleep: 2.0 seconds', '15 micro sleep: 3.0 seconds', '16 micro sleep: 3.0 seconds', '17 micro sleep: 2.0 seconds', '18 micro sleep: 2.0 seconds', '19 micro sleep: 3.0 seconds', '20 micro sleep: 3.0 seconds', '21 micro sleep: 2.0 seconds', '22 micro sleep: 2.0 seconds', '23 micro sleep: 2.0 seconds', '24 micro sleep: 2.0 seconds', '25 micro sleep: 2.0 seconds', '26 micro sleep: 3.0 seconds', '27 micro sleep: 2.0 seconds', '28 micro sleep: 4.0 seconds', '29 micro sleep: 18.0 seconds', '30 micro sleep: 2.0 seconds', '31 micro sleep: 5.0 seconds', '32 micro sleep: 3.0 seconds', '33 micro sleep: 2.0 seconds', '34 micro sleep: 3.0 seconds', '35 micro sleep: 2.0 seconds']",|,False,Counting pitches...,[],|,False,Counting yawns... 144.0 seconds remaining.,[]
2025-07-01 00:00:36,False,0,[],|,False,0,[],|,False,0,|,True,36,"['1 micro sleep: 2.0 seconds', '2 micro sleep: 2.0 seconds', '3 micro sleep: 3.0 seconds', '4 micro sleep: 5.0 seconds', '5 micro sleep: 11.0 seconds', '6 micro sleep: 2.0 seconds', '7 micro sleep: 2.0 seconds', '8 micro sleep: 2.0 seconds', '9 micro sleep: 2.0 seconds', '10 micro sleep: 2.0 seconds', '11 micro sleep: 9.0 seconds', '12 micro sleep: 2.0 seconds', '13 micro sleep: 2.0 seconds', '14 micro sleep: 2.0 seconds', '15 micro sleep: 3.0 seconds', '16 micro sleep: 3.0 seconds', '17 micro sleep: 2.0 seconds', '18 micro sleep: 2.0 seconds', '19 micro sleep: 3.0 seconds', '20 micro sleep: 3.0 seconds', '21 micro sleep: 2.0 seconds', '22 micro sleep: 2.0 seconds', '23 micro sleep: 2.0 seconds', '24 micro sleep: 2.0 seconds', '25 micro sleep: 2.0 seconds', '26 micro sleep: 3.0 seconds', '27 micro sleep: 2.0 seconds', '28 micro sleep: 4.0 seconds', '29 micro sleep: 18.0 seconds', '30 micro sleep: 2.0 seconds', '31 micro sleep: 5.0 seconds', '32 micro sleep: 3.0 seconds', '33 micro sleep: 2.0 seconds', '34 micro sleep: 3.0 seconds', '35 micro sleep: 2.0 seconds', '36 micro sleep: 2.0 seconds']",|,False,Counting pitches...,[],|,False,Counting yawns... 141.0 seconds remaining.,[]
2025-07-01 00:00:44,False,0,[],|,False,0,[],|,False,0,|,True,37,"['1 micro sleep: 2.0 seconds', '2 micro sleep: 2.0 seconds', '3 micro sleep: 3.0 seconds', '4 micro sleep: 5.0 seconds', '5 micro sleep: 11.0 seconds', '6 micro sleep: 2.0 seconds', '7 micro sleep: 2.0 seconds', '8 micro sleep: 2.0 seconds', '9 micro sleep: 2.0 seconds', '10 micro sleep: 2.0 seconds', '11 micro sleep: 9.0 seconds', '12 micro sleep: 2.0 seconds', '13 micro sleep: 2.0 seconds', '14 micro sleep: 2.0 seconds', '15 micro sleep: 3.0 seconds', '16 micro sleep: 3.0 seconds', '17 micro sleep: 2.0 seconds', '18 micro sleep: 2.0 seconds', '19 micro sleep: 3.0 seconds', '20 micro sleep: 3.0 seconds', '21 micro sleep: 2.0 seconds', '22 micro sleep: 2.0 seconds', '23 micro sleep: 2.0 seconds', '24 micro sleep: 2.0 seconds', '25 micro sleep: 2.0 seconds', '26 micro sleep: 3.0 seconds', '27 micro sleep: 2.0 seconds', '28 micro sleep: 4.0 seconds', '29 micro sleep: 18.0 seconds', '30 micro sleep: 2.0 seconds', '31 micro sleep: 5.0 seconds', '32 micro sleep: 3.0 seconds', '33 micro sleep: 2.0 seconds', '34 micro sleep: 3.0 seconds', '35 micro sleep: 2.0 seconds', '36 micro sleep: 2.0 seconds', '37 micro sleep: 3.0 seconds']",|,False,Counting pitches...,[],|,False,Counting yawns... 133.0 seconds remaining.,[]
2025-07-01 00:00:44,False,0,[],|,False,0,[],|,False,Counting flickers... 10.0 seconds remaining.,|,False,0,[],|,True,15,"['1 pitch: 6.0 seconds', '2 pitch: 5.0 seconds', '3 pitch: 10.0 seconds', '4 pitch: 4.0 seconds', '5 pitch: 6.0 seconds', '6 pitch: 9.0 seconds', '7 pitch: 4.0 seconds', '8 pitch: 3.0 seconds', '9 pitch: 3.0 seconds', '10 pitch: 4.0 seconds', '11 pitch: 7.0 seconds', '12 pitch: 5.0 seconds', '13 pitch: 22.0 seconds', '14 pitch: 7.0 seconds', '15 pitch: 4.0 seconds']",|,False,Counting yawns... 133.0 seconds remaining.,[]
2025-07-01 00:00:50,False,0,[],|,False,0,[],|,False,0,|,True,38,"['1 micro sleep: 2.0 seconds', '2 micro sleep: 2.0 seconds', '3 micro sleep: 3.0 seconds', '4 micro sleep: 5.0 seconds', '5 micro sleep: 11.0 seconds', '6 micro sleep: 2.0 seconds', '7 micro sleep: 2.0 seconds', '8 micro sleep: 2.0 seconds', '9 micro sleep: 2.0 seconds', '10 micro sleep: 2.0 seconds', '11 micro sleep: 9.0 seconds', '12 micro sleep: 2.0 seconds', '13 micro sleep: 2.0 seconds', '14 micro sleep: 2.0 seconds', '15 micro sleep: 3.0 seconds', '16 micro sleep: 3.0 seconds', '17 micro sleep: 2.0 seconds', '18 micro sleep: 2.0 seconds', '19 micro sleep: 3.0 seconds', '20 micro sleep: 3.0 seconds', '21 micro sleep: 2.0 seconds', '22 micro sleep: 2.0 seconds', '23 micro sleep: 2.0 seconds', '24 micro sleep: 2.0 seconds', '25 micro sleep: 2.0 seconds', '26 micro sleep: 3.0 seconds', '27 micro sleep: 2.0 seconds', '28 micro sleep: 4.0 seconds', '29 micro sleep: 18.0 seconds', '30 micro sleep: 2.0 seconds', '31 micro sleep: 5.0 seconds', '32 micro sleep: 3.0 seconds', '33 micro sleep: 2.0 seconds', '34 micro sleep: 3.0 seconds', '35 micro sleep: 2.0 seconds', '36 micro sleep: 2.0 seconds', '37 micro sleep: 3.0 seconds', '38 micro sleep: 2.0 seconds']",|,False,Counting pitches...,[],|,False,Counting yawns... 127.0 seconds remaining.,[]
2025-07-01 00:00:52,False,0,[],|,False,0,[],|,False,Counting flickers... 3.0 seconds remaining.,|,False,0,[],|,True,16,"['1 pitch: 6.0 seconds', '2 pitch: 5.0 seconds', '3 pitch: 10.0 seconds', '4 pitch: 4.0 seconds', '5 pitch: 6.0 seconds', '6 pitch: 9.0 seconds', '7 pitch: 4.0 seconds', '8 pitch: 3.0 seconds', '9 pitch: 3.0 seconds', '10 pitch: 4.0 seconds', '11 pitch: 7.0 seconds', '12 pitch: 5.0 seconds', '13 pitch: 22.0 seconds', '14 pitch: 7.0 seconds', '15 pitch: 4.0 seconds', '16 pitch: 4.0 seconds']",|,False,Counting yawns... 125.0 seconds remaining.,[]
2025-07-01 00:00:54,False,0,[],|,False,0,[],|,True,23,|,False,0,[],|,False,Counting pitches...,[],|,False,Counting yawns... 123.0 seconds remaining.,[]
2025-07-01 00:00:55,False,0,[],|,False,0,[],|,False,0,|,True,39,"['1 micro sleep: 2.0 seconds', '2 micro sleep: 2.0 seconds', '3 micro sleep: 3.0 seconds', '4 micro sleep: 5.0 seconds', '5 micro sleep: 11.0 seconds', '6 micro sleep: 2.0 seconds', '7 micro sleep: 2.0 seconds', '8 micro sleep: 2.0 seconds', '9 micro sleep: 2.0 seconds', '10 micro sleep: 2.0 seconds', '11 micro sleep: 9.0 seconds', '12 micro sleep: 2.0 seconds', '13 micro sleep: 2.0 seconds', '14 micro sleep: 2.0 seconds', '15 micro sleep: 3.0 seconds', '16 micro sleep: 3.0 seconds', '17 micro sleep: 2.0 seconds', '18 micro sleep: 2.0 seconds', '19 micro sleep: 3.0 seconds', '20 micro sleep: 3.0 seconds', '21 micro sleep: 2.0 seconds', '22 micro sleep: 2.0 seconds', '23 micro sleep: 2.0 seconds', '24 micro sleep: 2.0 seconds', '25 micro sleep: 2.0 seconds', '26 micro sleep: 3.0 seconds', '27 micro sleep: 2.0 seconds', '28 micro sleep: 4.0 seconds', '29 micro sleep: 18.0 seconds', '30 micro sleep: 2.0 seconds', '31 micro sleep: 5.0 seconds', '32 micro sleep: 3.0 seconds', '33 micro sleep: 2.0 seconds', '34 micro sleep: 3.0 seconds', '35 micro sleep: 2.0 seconds', '36 micro sleep: 2.0 seconds', '37 micro sleep: 3.0 seconds', '38 micro sleep: 2.0 seconds', '39 micro sleep: 2.0 seconds']",|,False,Counting pitches...,[],|,False,Counting yawns... 122.0 seconds remaining.,[]
2025-07-01 00:00:57,True,0,"['1 right eye rub: 2.0 seconds', '1 left eye rub: 2.0 seconds']",|,True,0,"['1 right eye rub: 2.0 seconds', '1 left eye rub: 2.0 seconds']",|,False,Counting flickers... 57.0 seconds remaining.,|,False,0,[],|,False,Counting pitches...,[],|,False,Counting yawns... 120.0 seconds remaining.,[]
2025-07-01 00:01:01,False,0,[],|,False,0,[],|,False,Counting flickers... 54.0 seconds remaining.,|,False,0,[],|,True,17,"['1 pitch: 6.0 seconds', '2 pitch: 5.0 seconds', '3 pitch: 10.0 seconds', '4 pitch: 4.0 seconds', '5 pitch: 6.0 seconds', '6 pitch: 9.0 seconds', '7 pitch: 4.0 seconds', '8 pitch: 3.0 seconds', '9 pitch: 3.0 seconds', '10 pitch: 4.0 seconds', '11 pitch: 7.0 seconds', '12 pitch: 5.0 seconds', '13 pitch: 22.0 seconds', '14 pitch: 7.0 seconds', '15 pitch: 4.0 seconds', '16 pitch: 4.0 seconds', '17 pitch: 3.0 seconds']",|,False,Counting yawns... 116.0 seconds remaining.,[]
2025-07-01 00:01:07,False,0,[],|,False,0,[],|,False,0,|,True,40,"['1 micro sleep: 2.0 seconds', '2 micro sleep: 2.0 seconds', '3 micro sleep: 3.0 seconds', '4 micro sleep: 5.0 seconds', '5 micro sleep: 11.0 seconds', '6 micro sleep: 2.0 seconds', '7 micro sleep: 2.0 seconds', '8 micro sleep: 2.0 seconds', '9 micro sleep: 2.0 seconds', '10 micro sleep: 2.0 seconds', '11 micro sleep: 9.0 seconds', '12 micro sleep: 2.0 seconds', '13 micro sleep: 2.0 seconds', '14 micro sleep: 2.0 seconds', '15 micro sleep: 3.0 seconds', '16 micro sleep: 3.0 seconds', '17 micro sleep: 2.0 seconds', '18 micro sleep: 2.0 seconds', '19 micro sleep: 3.0 seconds', '20 micro sleep: 3.0 seconds', '21 micro sleep: 2.0 seconds', '22 micro sleep: 2.0 seconds', '23 micro sleep: 2.0 seconds', '24 micro sleep: 2.0 seconds', '25 micro sleep: 2.0 seconds', '26 micro sleep: 3.0 seconds', '27 micro sleep: 2.0 seconds', '28 micro sleep: 4.0 seconds', '29 micro sleep: 18.0 seconds', '30 micro sleep: 2.0 seconds', '31 micro sleep: 5.0 seconds', '32 micro sleep: 3.0 seconds', '33 micro sleep: 2.0 seconds', '34 micro sleep: 3.0 seconds', '35 micro sleep: 2.0 seconds', '36 micro sleep: 2.0 seconds', '37 micro sleep: 3.0 seconds', '38 micro sleep: 2.0 seconds', '39 micro sleep: 2.0 seconds', '40 micro sleep: 2.0 seconds']",|,False,Counting pitches...,[],|,False,Counting yawns... 110.0 seconds remaining.,[]
2025-07-01 00:01:10,False,0,[],|,False,0,[],|,False,0,|,True,41,"['1 micro sleep: 2.0 seconds', '2 micro sleep: 2.0 seconds', '3 micro sleep: 3.0 seconds', '4 micro sleep: 5.0 seconds', '5 micro sleep: 11.0 seconds', '6 micro sleep: 2.0 seconds', '7 micro sleep: 2.0 seconds', '8 micro sleep: 2.0 seconds', '9 micro sleep: 2.0 seconds', '10 micro sleep: 2.0 seconds', '11 micro sleep: 9.0 seconds', '12 micro sleep: 2.0 seconds', '13 micro sleep: 2.0 seconds', '14 micro sleep: 2.0 seconds', '15 micro sleep: 3.0 seconds', '16 micro sleep: 3.0 seconds', '17 micro sleep: 2.0 seconds', '18 micro sleep: 2.0 seconds', '19 micro sleep: 3.0 seconds', '20 micro sleep: 3.0 seconds', '21 micro sleep: 2.0 seconds', '22 micro sleep: 2.0 seconds', '23 micro sleep: 2.0 seconds', '24 micro sleep: 2.0 seconds', '25 micro sleep: 2.0 seconds', '26 micro sleep: 3.0 seconds', '27 micro sleep: 2.0 seconds', '28 micro sleep: 4.0 seconds', '29 micro sleep: 18.0 seconds', '30 micro sleep: 2.0 seconds', '31 micro sleep: 5.0 seconds', '32 micro sleep: 3.0 seconds', '33 micro sleep: 2.0 seconds', '34 micro sleep: 3.0 seconds', '35 micro sleep: 2.0 seconds', '36 micro sleep: 2.0 seconds', '37 micro sleep: 3.0 seconds', '38 micro sleep: 2.0 seconds', '39 micro sleep: 2.0 seconds', '40 micro sleep: 2.0 seconds', '41 micro sleep: 2.0 seconds']",|,False,Counting pitches...,[],|,False,Counting yawns... 107.0 seconds remaining.,[]
2025-07-01 00:01:15,False,0,[],|,False,0,[],|,False,0,|,True,42,"['1 micro sleep: 2.0 seconds', '2 micro sleep: 2.0 seconds', '3 micro sleep: 3.0 seconds', '4 micro sleep: 5.0 seconds', '5 micro sleep: 11.0 seconds', '6 micro sleep: 2.0 seconds', '7 micro sleep: 2.0 seconds', '8 micro sleep: 2.0 seconds', '9 micro sleep: 2.0 seconds', '10 micro sleep: 2.0 seconds', '11 micro sleep: 9.0 seconds', '12 micro sleep: 2.0 seconds', '13 micro sleep: 2.0 seconds', '14 micro sleep: 2.0 seconds', '15 micro sleep: 3.0 seconds', '16 micro sleep: 3.0 seconds', '17 micro sleep: 2.0 seconds', '18 micro sleep: 2.0 seconds', '19 micro sleep: 3.0 seconds', '20 micro sleep: 3.0 seconds', '21 micro sleep: 2.0 seconds', '22 micro sleep: 2.0 seconds', '23 micro sleep: 2.0 seconds', '24 micro sleep: 2.0 seconds', '25 micro sleep: 2.0 seconds', '26 micro sleep: 3.0 seconds', '27 micro sleep: 2.0 seconds', '28 micro sleep: 4.0 seconds', '29 micro sleep: 18.0 seconds', '30 micro sleep: 2.0 seconds', '31 micro sleep: 5.0 seconds', '32 micro sleep: 3.0 seconds', '33 micro sleep: 2.0 seconds', '34 micro sleep: 3.0 seconds', '35 micro sleep: 2.0 seconds', '36 micro sleep: 2.0 seconds', '37 micro sleep: 3.0 seconds', '38 micro sleep: 2.0 seconds', '39 micro sleep: 2.0 seconds', '40 micro sleep: 2.0 seconds', '41 micro sleep: 2.0 seconds', '42 micro sleep: 3.0 seconds']",|,False,Counting pitches...,[],|,False,Counting yawns... 102.0 seconds remaining.,[]
2025-07-01 00:01:34,False,0,[],|,False,0,[],|,False,Counting flickers... 20.0 seconds remaining.,|,False,0,[],|,True,18,"['1 pitch: 6.0 seconds', '2 pitch: 5.0 seconds', '3 pitch: 10.0 seconds', '4 pitch: 4.0 seconds', '5 pitch: 6.0 seconds', '6 pitch: 9.0 seconds', '7 pitch: 4.0 seconds', '8 pitch: 3.0 seconds', '9 pitch: 3.0 seconds', '10 pitch: 4.0 seconds', '11 pitch: 7.0 seconds', '12 pitch: 5.0 seconds', '13 pitch: 22.0 seconds', '14 pitch: 7.0 seconds', '15 pitch: 4.0 seconds', '16 pitch: 4.0 seconds', '17 pitch: 3.0 seconds', '18 pitch: 3.0 seconds']",|,False,Counting yawns... 83.0 seconds remaining.,[]
2025-07-01 00:01:35,False,0,[],|,False,0,[],|,False,0,|,True,43,"['1 micro sleep: 2.0 seconds', '2 micro sleep: 2.0 seconds', '3 micro sleep: 3.0 seconds', '4 micro sleep: 5.0 seconds', '5 micro sleep: 11.0 seconds', '6 micro sleep: 2.0 seconds', '7 micro sleep: 2.0 seconds', '8 micro sleep: 2.0 seconds', '9 micro sleep: 2.0 seconds', '10 micro sleep: 2.0 seconds', '11 micro sleep: 9.0 seconds', '12 micro sleep: 2.0 seconds', '13 micro sleep: 2.0 seconds', '14 micro sleep: 2.0 seconds', '15 micro sleep: 3.0 seconds', '16 micro sleep: 3.0 seconds', '17 micro sleep: 2.0 seconds', '18 micro sleep: 2.0 seconds', '19 micro sleep: 3.0 seconds', '20 micro sleep: 3.0 seconds', '21 micro sleep: 2.0 seconds', '22 micro sleep: 2.0 seconds', '23 micro sleep: 2.0 seconds', '24 micro sleep: 2.0 seconds', '25 micro sleep: 2.0 seconds', '26 micro sleep: 3.0 seconds', '27 micro sleep: 2.0 seconds', '28 micro sleep: 4.0 seconds', '29 micro sleep: 18.0 seconds', '30 micro sleep: 2.0 seconds', '31 micro sleep: 5.0 seconds', '32 micro sleep: 3.0 seconds', '33 micro sleep: 2.0 seconds', '34 micro sleep: 3.0 seconds', '35 micro sleep: 2.0 seconds', '36 micro sleep: 2.0 seconds', '37 micro sleep: 3.0 seconds', '38 micro sleep: 2.0 seconds', '39 micro sleep: 2.0 seconds', '40 micro sleep: 2.0 seconds', '41 micro sleep: 2.0 seconds', '42 micro sleep: 3.0 seconds', '43 micro sleep: 3.0 seconds']",|,False,Counting pitches...,[],|,False,Counting yawns... 82.0 seconds remaining.,[]
2025-07-01 00:01:53,False,0,[],|,False,0,[],|,False,0,|,True,44,"['1 micro sleep: 2.0 seconds', '2 micro sleep: 2.0 seconds', '3 micro sleep: 3.0 seconds', '4 micro sleep: 5.0 seconds', '5 micro sleep: 11.0 seconds', '6 micro sleep: 2.0 seconds', '7 micro sleep: 2.0 seconds', '8 micro sleep: 2.0 seconds', '9 micro sleep: 2.0 seconds', '10 micro sleep: 2.0 seconds', '11 micro sleep: 9.0 seconds', '12 micro sleep: 2.0 seconds', '13 micro sleep: 2.0 seconds', '14 micro sleep: 2.0 seconds', '15 micro sleep: 3.0 seconds', '16 micro sleep: 3.0 seconds', '17 micro sleep: 2.0 seconds', '18 micro sleep: 2.0 seconds', '19 micro sleep: 3.0 seconds', '20 micro sleep: 3.0 seconds', '21 micro sleep: 2.0 seconds', '22 micro sleep: 2.0 seconds', '23 micro sleep: 2.0 seconds', '24 micro sleep: 2.0 seconds', '25 micro sleep: 2.0 seconds', '26 micro sleep: 3.0 seconds', '27 micro sleep: 2.0 seconds', '28 micro sleep: 4.0 seconds', '29 micro sleep: 18.0 seconds', '30 micro sleep: 2.0 seconds', '31 micro sleep: 5.0 seconds', '32 micro sleep: 3.0 seconds', '33 micro sleep: 2.0 seconds', '34 micro sleep: 3.0 seconds', '35 micro sleep: 2.0 seconds', '36 micro sleep: 2.0 seconds', '37 micro sleep: 3.0 seconds', '38 micro sleep: 2.0 seconds', '39 micro sleep: 2.0 seconds', '40 micro sleep: 2.0 seconds', '41 micro sleep: 2.0 seconds', '42 micro sleep: 3.0 seconds', '43 micro sleep: 3.0 seconds', '44 micro sleep: 2.0 seconds']",|,False,Counting pitches...,[],|,False,Counting yawns... 64.0 seconds remaining.,[]
2025-07-01 00:01:54,False,0,[],|,False,0,[],|,True,31,|,False,0,[],|,False,Counting pitches...,[],|,False,Counting yawns... 63.0 seconds remaining.,[]
2025-07-01 00:02:04,False,0,[],|,False,0,[],|,False,0,|,True,45,"['1 micro sleep: 2.0 seconds', '2 micro sleep: 2.0 seconds', '3 micro sleep: 3.0 seconds', '4 micro sleep: 5.0 seconds', '5 micro sleep: 11.0 seconds', '6 micro sleep: 2.0 seconds', '7 micro sleep: 2.0 seconds', '8 micro sleep: 2.0 seconds', '9 micro sleep: 2.0 seconds', '10 micro sleep: 2.0 seconds', '11 micro sleep: 9.0 seconds', '12 micro sleep: 2.0 seconds', '13 micro sleep: 2.0 seconds', '14 micro sleep: 2.0 seconds', '15 micro sleep: 3.0 seconds', '16 micro sleep: 3.0 seconds', '17 micro sleep: 2.0 seconds', '18 micro sleep: 2.0 seconds', '19 micro sleep: 3.0 seconds', '20 micro sleep: 3.0 seconds', '21 micro sleep: 2.0 seconds', '22 micro sleep: 2.0 seconds', '23 micro sleep: 2.0 seconds', '24 micro sleep: 2.0 seconds', '25 micro sleep: 2.0 seconds', '26 micro sleep: 3.0 seconds', '27 micro sleep: 2.0 seconds', '28 micro sleep: 4.0 seconds', '29 micro sleep: 18.0 seconds', '30 micro sleep: 2.0 seconds', '31 micro sleep: 5.0 seconds', '32 micro sleep: 3.0 seconds', '33 micro sleep: 2.0 seconds', '34 micro sleep: 3.0 seconds', '35 micro sleep: 2.0 seconds', '36 micro sleep: 2.0 seconds', '37 micro sleep: 3.0 seconds', '38 micro sleep: 2.0 seconds', '39 micro sleep: 2.0 seconds', '40 micro sleep: 2.0 seconds', '41 micro sleep: 2.0 seconds', '42 micro sleep: 3.0 seconds', '43 micro sleep: 3.0 seconds', '44 micro sleep: 2.0 seconds', '45 micro sleep: 2.0 seconds']",|,False,Counting pitches...,[],|,False,Counting yawns... 53.0 seconds remaining.,[]
2025-07-01 00:02:38,False,0,[],|,False,0,[],|,False,0,|,True,46,"['1 micro sleep: 2.0 seconds', '2 micro sleep: 2.0 seconds', '3 micro sleep: 3.0 seconds', '4 micro sleep: 5.0 seconds', '5 micro sleep: 11.0 seconds', '6 micro sleep: 2.0 seconds', '7 micro sleep: 2.0 seconds', '8 micro sleep: 2.0 seconds', '9 micro sleep: 2.0 seconds', '10 micro sleep: 2.0 seconds', '11 micro sleep: 9.0 seconds', '12 micro sleep: 2.0 seconds', '13 micro sleep: 2.0 seconds', '14 micro sleep: 2.0 seconds', '15 micro sleep: 3.0 seconds', '16 micro sleep: 3.0 seconds', '17 micro sleep: 2.0 seconds', '18 micro sleep: 2.0 seconds', '19 micro sleep: 3.0 seconds', '20 micro sleep: 3.0 seconds', '21 micro sleep: 2.0 seconds', '22 micro sleep: 2.0 seconds', '23 micro sleep: 2.0 seconds', '24 micro sleep: 2.0 seconds', '25 micro sleep: 2.0 seconds', '26 micro sleep: 3.0 seconds', '27 micro sleep: 2.0 seconds', '28 micro sleep: 4.0 seconds', '29 micro sleep: 18.0 seconds', '30 micro sleep: 2.0 seconds', '31 micro sleep: 5.0 seconds', '32 micro sleep: 3.0 seconds', '33 micro sleep: 2.0 seconds', '34 micro sleep: 3.0 seconds', '35 micro sleep: 2.0 seconds', '36 micro sleep: 2.0 seconds', '37 micro sleep: 3.0 seconds', '38 micro sleep: 2.0 seconds', '39 micro sleep: 2.0 seconds', '40 micro sleep: 2.0 seconds', '41 micro sleep: 2.0 seconds', '42 micro sleep: 3.0 seconds', '43 micro sleep: 3.0 seconds', '44 micro sleep: 2.0 seconds', '45 micro sleep: 2.0 seconds', '46 micro sleep: 2.0 seconds']",|,False,Counting pitches...,[],|,False,Counting yawns... 19.0 seconds remaining.,[]
2025-07-01 00:02:58,False,0,[],|,False,0,[],|,True,32,|,False,0,[],|,False,Counting pitches...,[],|,True,0,[]
2025-07-01 00:03:13,False,0,[],|,False,0,[],|,False,Counting flickers... 45.0 seconds remaining.,|,False,0,[],|,True,19,"['1 pitch: 6.0 seconds', '2 pitch: 5.0 seconds', '3 pitch: 10.0 seconds', '4 pitch: 4.0 seconds', '5 pitch: 6.0 seconds', '6 pitch: 9.0 seconds', '7 pitch: 4.0 seconds', '8 pitch: 3.0 seconds', '9 pitch: 3.0 seconds', '10 pitch: 4.0 seconds', '11 pitch: 7.0 seconds', '12 pitch: 5.0 seconds', '13 pitch: 22.0 seconds', '14 pitch: 7.0 seconds', '15 pitch: 4.0 seconds', '16 pitch: 4.0 seconds', '17 pitch: 3.0 seconds', '18 pitch: 3.0 seconds', '19 pitch: 27.0 seconds']",|,False,Counting yawns... 165.0 seconds remaining.,[]
2025-07-01 00:03:25,False,0,[],|,False,0,[],|,False,0,|,True,48,"['1 micro sleep: 2.0 seconds', '2 micro sleep: 2.0 seconds', '3 micro sleep: 3.0 seconds', '4 micro sleep: 5.0 seconds', '5 micro sleep: 11.0 seconds', '6 micro sleep: 2.0 seconds', '7 micro sleep: 2.0 seconds', '8 micro sleep: 2.0 seconds', '9 micro sleep: 2.0 seconds', '10 micro sleep: 2.0 seconds', '11 micro sleep: 9.0 seconds', '12 micro sleep: 2.0 seconds', '13 micro sleep: 2.0 seconds', '14 micro sleep: 2.0 seconds', '15 micro sleep: 3.0 seconds', '16 micro sleep: 3.0 seconds', '17 micro sleep: 2.0 seconds', '18 micro sleep: 2.0 seconds', '19 micro sleep: 3.0 seconds', '20 micro sleep: 3.0 seconds', '21 micro sleep: 2.0 seconds', '22 micro sleep: 2.0 seconds', '23 micro sleep: 2.0 seconds', '24 micro sleep: 2.0 seconds', '25 micro sleep: 2.0 seconds', '26 micro sleep: 3.0 seconds', '27 micro sleep: 2.0 seconds', '28 micro sleep: 4.0 seconds', '29 micro sleep: 18.0 seconds', '30 micro sleep: 2.0 seconds', '31 micro sleep: 5.0 seconds', '32 micro sleep: 3.0 seconds', '33 micro sleep: 2.0 seconds', '34 micro sleep: 3.0 seconds', '35 micro sleep: 2.0 seconds', '36 micro sleep: 2.0 seconds', '37 micro sleep: 3.0 seconds', '38 micro sleep: 2.0 seconds', '39 micro sleep: 2.0 seconds', '40 micro sleep: 2.0 seconds', '41 micro sleep: 2.0 seconds', '42 micro sleep: 3.0 seconds', '43 micro sleep: 3.0 seconds', '44 micro sleep: 2.0 seconds', '45 micro sleep: 2.0 seconds', '46 micro sleep: 2.0 seconds', '47 micro sleep: 8.0 seconds', '48 micro sleep: 2.0 seconds']",|,False,Counting pitches...,[],|,False,Counting yawns... 153.0 seconds remaining.,[]
2025-07-01 00:03:31,False,0,[],|,False,0,[],|,False,0,|,True,49,"['1 micro sleep: 2.0 seconds', '2 micro sleep: 2.0 seconds', '3 micro sleep: 3.0 seconds', '4 micro sleep: 5.0 seconds', '5 micro sleep: 11.0 seconds', '6 micro sleep: 2.0 seconds', '7 micro sleep: 2.0 seconds', '8 micro sleep: 2.0 seconds', '9 micro sleep: 2.0 seconds', '10 micro sleep: 2.0 seconds', '11 micro sleep: 9.0 seconds', '12 micro sleep: 2.0 seconds', '13 micro sleep: 2.0 seconds', '14 micro sleep: 2.0 seconds', '15 micro sleep: 3.0 seconds', '16 micro sleep: 3.0 seconds', '17 micro sleep: 2.0 seconds', '18 micro sleep: 2.0 seconds', '19 micro sleep: 3.0 seconds', '20 micro sleep: 3.0 seconds', '21 micro sleep: 2.0 seconds', '22 micro sleep: 2.0 seconds', '23 micro sleep: 2.0 seconds', '24 micro sleep: 2.0 seconds', '25 micro sleep: 2.0 seconds', '26 micro sleep: 3.0 seconds', '27 micro sleep: 2.0 seconds', '28 micro sleep: 4.0 seconds', '29 micro sleep: 18.0 seconds', '30 micro sleep: 2.0 seconds', '31 micro sleep: 5.0 seconds', '32 micro sleep: 3.0 seconds', '33 micro sleep: 2.0 seconds', '34 micro sleep: 3.0 seconds', '35 micro sleep: 2.0 seconds', '36 micro sleep: 2.0 seconds', '37 micro sleep: 3.0 seconds', '38 micro sleep: 2.0 seconds', '39 micro sleep: 2.0 seconds', '40 micro sleep: 2.0 seconds', '41 micro sleep: 2.0 seconds', '42 micro sleep: 3.0 seconds', '43 micro sleep: 3.0 seconds', '44 micro sleep: 2.0 seconds', '45 micro sleep: 2.0 seconds', '46 micro sleep: 2.0 seconds', '47 micro sleep: 8.0 seconds', '48 micro sleep: 2.0 seconds', '49 micro sleep: 3.0 seconds']",|,False,Counting pitches...,[],|,False,Counting yawns... 147.0 seconds remaining.,[]
2025-07-01 00:03:41,False,0,[],|,False,0,[],|,False,Counting flickers... 17.0 seconds remaining.,|,False,0,[],|,True,20,"['1 pitch: 6.0 seconds', '2 pitch: 5.0 seconds', '3 pitch: 10.0 seconds', '4 pitch: 4.0 seconds', '5 pitch: 6.0 seconds', '6 pitch: 9.0 seconds', '7 pitch: 4.0 seconds', '8 pitch: 3.0 seconds', '9 pitch: 3.0 seconds', '10 pitch: 4.0 seconds', '11 pitch: 7.0 seconds', '12 pitch: 5.0 seconds', '13 pitch: 22.0 seconds', '14 pitch: 7.0 seconds', '15 pitch: 4.0 seconds', '16 pitch: 4.0 seconds', '17 pitch: 3.0 seconds', '18 pitch: 3.0 seconds', '19 pitch: 27.0 seconds', '20 pitch: 4.0 seconds']",|,False,Counting yawns... 137.0 seconds remaining.,[]
2025-07-01 00:03:57,False,0,[],|,False,0,[],|,True,20,|,False,0,[],|,False,Counting pitches...,[],|,False,Counting yawns... 120.0 seconds remaining.,[]
2025-07-01 00:04:19,False,0,[],|,False,0,[],|,False,0,|,True,50,"['1 micro sleep: 2.0 seconds', '2 micro sleep: 2.0 seconds', '3 micro sleep: 3.0 seconds', '4 micro sleep: 5.0 seconds', '5 micro sleep: 11.0 seconds', '6 micro sleep: 2.0 seconds', '7 micro sleep: 2.0 seconds', '8 micro sleep: 2.0 seconds', '9 micro sleep: 2.0 seconds', '10 micro sleep: 2.0 seconds', '11 micro sleep: 9.0 seconds', '12 micro sleep: 2.0 seconds', '13 micro sleep: 2.0 seconds', '14 micro sleep: 2.0 seconds', '15 micro sleep: 3.0 seconds', '16 micro sleep: 3.0 seconds', '17 micro sleep: 2.0 seconds', '18 micro sleep: 2.0 seconds', '19 micro sleep: 3.0 seconds', '20 micro sleep: 3.0 seconds', '21 micro sleep: 2.0 seconds', '22 micro sleep: 2.0 seconds', '23 micro sleep: 2.0 seconds', '24 micro sleep: 2.0 seconds', '25 micro sleep: 2.0 seconds', '26 micro sleep: 3.0 seconds', '27 micro sleep: 2.0 seconds', '28 micro sleep: 4.0 seconds', '29 micro sleep: 18.0 seconds', '30 micro sleep: 2.0 seconds', '31 micro sleep: 5.0 seconds', '32 micro sleep: 3.0 seconds', '33 micro sleep: 2.0 seconds', '34 micro sleep: 3.0 seconds', '35 micro sleep: 2.0 seconds', '36 micro sleep: 2.0 seconds', '37 micro sleep: 3.0 seconds', '38 micro sleep: 2.0 seconds', '39 micro sleep: 2.0 seconds', '40 micro sleep: 2.0 seconds', '41 micro sleep: 2.0 seconds', '42 micro sleep: 3.0 seconds', '43 micro sleep: 3.0 seconds', '44 micro sleep: 2.0 seconds', '45 micro sleep: 2.0 seconds', '46 micro sleep: 2.0 seconds', '47 micro sleep: 8.0 seconds', '48 micro sleep: 2.0 seconds', '49 micro sleep: 3.0 seconds', '50 micro sleep: 2.0 seconds']",|,False,Counting pitches...,[],|,False,Counting yawns... 99.0 seconds remaining.,[]
2025-07-01 00:04:29,False,0,[],|,False,0,[],|,False,0,|,True,51,"['1 micro sleep: 2.0 seconds', '2 micro sleep: 2.0 seconds', '3 micro sleep: 3.0 seconds', '4 micro sleep: 5.0 seconds', '5 micro sleep: 11.0 seconds', '6 micro sleep: 2.0 seconds', '7 micro sleep: 2.0 seconds', '8 micro sleep: 2.0 seconds', '9 micro sleep: 2.0 seconds', '10 micro sleep: 2.0 seconds', '11 micro sleep: 9.0 seconds', '12 micro sleep: 2.0 seconds', '13 micro sleep: 2.0 seconds', '14 micro sleep: 2.0 seconds', '15 micro sleep: 3.0 seconds', '16 micro sleep: 3.0 seconds', '17 micro sleep: 2.0 seconds', '18 micro sleep: 2.0 seconds', '19 micro sleep: 3.0 seconds', '20 micro sleep: 3.0 seconds', '21 micro sleep: 2.0 seconds', '22 micro sleep: 2.0 seconds', '23 micro sleep: 2.0 seconds', '24 micro sleep: 2.0 seconds', '25 micro sleep: 2.0 seconds', '26 micro sleep: 3.0 seconds', '27 micro sleep: 2.0 seconds', '28 micro sleep: 4.0 seconds', '29 micro sleep: 18.0 seconds', '30 micro sleep: 2.0 seconds', '31 micro sleep: 5.0 seconds', '32 micro sleep: 3.0 seconds', '33 micro sleep: 2.0 seconds', '34 micro sleep: 3.0 seconds', '35 micro sleep: 2.0 seconds', '36 micro sleep: 2.0 seconds', '37 micro sleep: 3.0 seconds', '38 micro sleep: 2.0 seconds', '39 micro sleep: 2.0 seconds', '40 micro sleep: 2.0 seconds', '41 micro sleep: 2.0 seconds', '42 micro sleep: 3.0 seconds', '43 micro sleep: 3.0 seconds', '44 micro sleep: 2.0 seconds', '45 micro sleep: 2.0 seconds', '46 micro sleep: 2.0 seconds', '47 micro sleep: 8.0 seconds', '48 micro sleep: 2.0 seconds', '49 micro sleep: 3.0 seconds', '50 micro sleep: 2.0 seconds', '51 micro sleep: 2.0 seconds']",|,False,Counting pitches...,[],|,False,Counting yawns... 88.0 seconds remaining.,[]
2025-07-01 00:04:46,False,0,[],|,False,0,[],|,False,0,|,True,52,"['1 micro sleep: 2.0 seconds', '2 micro sleep: 2.0 seconds', '3 micro sleep: 3.0 seconds', '4 micro sleep: 5.0 seconds', '5 micro sleep: 11.0 seconds', '6 micro sleep: 2.0 seconds', '7 micro sleep: 2.0 seconds', '8 micro sleep: 2.0 seconds', '9 micro sleep: 2.0 seconds', '10 micro sleep: 2.0 seconds', '11 micro sleep: 9.0 seconds', '12 micro sleep: 2.0 seconds', '13 micro sleep: 2.0 seconds', '14 micro sleep: 2.0 seconds', '15 micro sleep: 3.0 seconds', '16 micro sleep: 3.0 seconds', '17 micro sleep: 2.0 seconds', '18 micro sleep: 2.0 seconds', '19 micro sleep: 3.0 seconds', '20 micro sleep: 3.0 seconds', '21 micro sleep: 2.0 seconds', '22 micro sleep: 2.0 seconds', '23 micro sleep: 2.0 seconds', '24 micro sleep: 2.0 seconds', '25 micro sleep: 2.0 seconds', '26 micro sleep: 3.0 seconds', '27 micro sleep: 2.0 seconds', '28 micro sleep: 4.0 seconds', '29 micro sleep: 18.0 seconds', '30 micro sleep: 2.0 seconds', '31 micro sleep: 5.0 seconds', '32 micro sleep: 3.0 seconds', '33 micro sleep: 2.0 seconds', '34 micro sleep: 3.0 seconds', '35 micro sleep: 2.0 seconds', '36 micro sleep: 2.0 seconds', '37 micro sleep: 3.0 seconds', '38 micro sleep: 2.0 seconds', '39 micro sleep: 2.0 seconds', '40 micro sleep: 2.0 seconds', '41 micro sleep: 2.0 seconds', '42 micro sleep: 3.0 seconds', '43 micro sleep: 3.0 seconds', '44 micro sleep: 2.0 seconds', '45 micro sleep: 2.0 seconds', '46 micro sleep: 2.0 seconds', '47 micro sleep: 8.0 seconds', '48 micro sleep: 2.0 seconds', '49 micro sleep: 3.0 seconds', '50 micro sleep: 2.0 seconds', '51 micro sleep: 2.0 seconds', '52 micro sleep: 3.0 seconds']",|,False,Counting pitches...,[],|,False,Counting yawns... 72.0 seconds remaining.,[]
2025-07-01 00:04:46,False,0,[],|,False,0,[],|,False,Counting flickers... 11.0 seconds remaining.,|,False,0,[],|,True,21,"['1 pitch: 6.0 seconds', '2 pitch: 5.0 seconds', '3 pitch: 10.0 seconds', '4 pitch: 4.0 seconds', '5 pitch: 6.0 seconds', '6 pitch: 9.0 seconds', '7 pitch: 4.0 seconds', '8 pitch: 3.0 seconds', '9 pitch: 3.0 seconds', '10 pitch: 4.0 seconds', '11 pitch: 7.0 seconds', '12 pitch: 5.0 seconds', '13 pitch: 22.0 seconds', '14 pitch: 7.0 seconds', '15 pitch: 4.0 seconds', '16 pitch: 4.0 seconds', '17 pitch: 3.0 seconds', '18 pitch: 3.0 seconds', '19 pitch: 27.0 seconds', '20 pitch: 4.0 seconds', '21 pitch: 6.0 seconds']",|,False,Counting yawns... 72.0 seconds remaining.,[]
2025-07-01 00:04:56,False,0,[],|,False,0,[],|,False,0,|,True,53,"['1 micro sleep: 2.0 seconds', '2 micro sleep: 2.0 seconds', '3 micro sleep: 3.0 seconds', '4 micro sleep: 5.0 seconds', '5 micro sleep: 11.0 seconds', '6 micro sleep: 2.0 seconds', '7 micro sleep: 2.0 seconds', '8 micro sleep: 2.0 seconds', '9 micro sleep: 2.0 seconds', '10 micro sleep: 2.0 seconds', '11 micro sleep: 9.0 seconds', '12 micro sleep: 2.0 seconds', '13 micro sleep: 2.0 seconds', '14 micro sleep: 2.0 seconds', '15 micro sleep: 3.0 seconds', '16 micro sleep: 3.0 seconds', '17 micro sleep: 2.0 seconds', '18 micro sleep: 2.0 seconds', '19 micro sleep: 3.0 seconds', '20 micro sleep: 3.0 seconds', '21 micro sleep: 2.0 seconds', '22 micro sleep: 2.0 seconds', '23 micro sleep: 2.0 seconds', '24 micro sleep: 2.0 seconds', '25 micro sleep: 2.0 seconds', '26 micro sleep: 3.0 seconds', '27 micro sleep: 2.0 seconds', '28 micro sleep: 4.0 seconds', '29 micro sleep: 18.0 seconds', '30 micro sleep: 2.0 seconds', '31 micro sleep: 5.0 seconds', '32 micro sleep: 3.0 seconds', '33 micro sleep: 2.0 seconds', '34 micro sleep: 3.0 seconds', '35 micro sleep: 2.0 seconds', '36 micro sleep: 2.0 seconds', '37 micro sleep: 3.0 seconds', '38 micro sleep: 2.0 seconds', '39 micro sleep: 2.0 seconds', '40 micro sleep: 2.0 seconds', '41 micro sleep: 2.0 seconds', '42 micro sleep: 3.0 seconds', '43 micro sleep: 3.0 seconds', '44 micro sleep: 2.0 seconds', '45 micro sleep: 2.0 seconds', '46 micro sleep: 2.0 seconds', '47 micro sleep: 8.0 seconds', '48 micro sleep: 2.0 seconds', '49 micro sleep: 3.0 seconds', '50 micro sleep: 2.0 seconds', '51 micro sleep: 2.0 seconds', '52 micro sleep: 3.0 seconds', '53 micro sleep: 2.0 seconds']",|,False,Counting pitches...,[],|,False,Counting yawns... 62.0 seconds remaining.,[]
2025-07-01 00:04:57,False,0,[],|,False,0,[],|,True,27,|,False,0,[],|,False,Counting pitches...,[],|,False,Counting yawns... 61.0 seconds remaining.,[]
2025-07-01 00:05:09,False,0,[],|,False,0,[],|,False,0,|,True,54,"['1 micro sleep: 2.0 seconds', '2 micro sleep: 2.0 seconds', '3 micro sleep: 3.0 seconds', '4 micro sleep: 5.0 seconds', '5 micro sleep: 11.0 seconds', '6 micro sleep: 2.0 seconds', '7 micro sleep: 2.0 seconds', '8 micro sleep: 2.0 seconds', '9 micro sleep: 2.0 seconds', '10 micro sleep: 2.0 seconds', '11 micro sleep: 9.0 seconds', '12 micro sleep: 2.0 seconds', '13 micro sleep: 2.0 seconds', '14 micro sleep: 2.0 seconds', '15 micro sleep: 3.0 seconds', '16 micro sleep: 3.0 seconds', '17 micro sleep: 2.0 seconds', '18 micro sleep: 2.0 seconds', '19 micro sleep: 3.0 seconds', '20 micro sleep: 3.0 seconds', '21 micro sleep: 2.0 seconds', '22 micro sleep: 2.0 seconds', '23 micro sleep: 2.0 seconds', '24 micro sleep: 2.0 seconds', '25 micro sleep: 2.0 seconds', '26 micro sleep: 3.0 seconds', '27 micro sleep: 2.0 seconds', '28 micro sleep: 4.0 seconds', '29 micro sleep: 18.0 seconds', '30 micro sleep: 2.0 seconds', '31 micro sleep: 5.0 seconds', '32 micro sleep: 3.0 seconds', '33 micro sleep: 2.0 seconds', '34 micro sleep: 3.0 seconds', '35 micro sleep: 2.0 seconds', '36 micro sleep: 2.0 seconds', '37 micro sleep: 3.0 seconds', '38 micro sleep: 2.0 seconds', '39 micro sleep: 2.0 seconds', '40 micro sleep: 2.0 seconds', '41 micro sleep: 2.0 seconds', '42 micro sleep: 3.0 seconds', '43 micro sleep: 3.0 seconds', '44 micro sleep: 2.0 seconds', '45 micro sleep: 2.0 seconds', '46 micro sleep: 2.0 seconds', '47 micro sleep: 8.0 seconds', '48 micro sleep: 2.0 seconds', '49 micro sleep: 3.0 seconds', '50 micro sleep: 2.0 seconds', '51 micro sleep: 2.0 seconds', '52 micro sleep: 3.0 seconds', '53 micro sleep: 2.0 seconds', '54 micro sleep: 2.0 seconds']",|,False,Counting pitches...,[],|,False,Counting yawns... 48.0 seconds remaining.,[]
2025-07-01 00:05:14,False,0,[],|,False,0,[],|,False,0,|,True,55,"['1 micro sleep: 2.0 seconds', '2 micro sleep: 2.0 seconds', '3 micro sleep: 3.0 seconds', '4 micro sleep: 5.0 seconds', '5 micro sleep: 11.0 seconds', '6 micro sleep: 2.0 seconds', '7 micro sleep: 2.0 seconds', '8 micro sleep: 2.0 seconds', '9 micro sleep: 2.0 seconds', '10 micro sleep: 2.0 seconds', '11 micro sleep: 9.0 seconds', '12 micro sleep: 2.0 seconds', '13 micro sleep: 2.0 seconds', '14 micro sleep: 2.0 seconds', '15 micro sleep: 3.0 seconds', '16 micro sleep: 3.0 seconds', '17 micro sleep: 2.0 seconds', '18 micro sleep: 2.0 seconds', '19 micro sleep: 3.0 seconds', '20 micro sleep: 3.0 seconds', '21 micro sleep: 2.0 seconds', '22 micro sleep: 2.0 seconds', '23 micro sleep: 2.0 seconds', '24 micro sleep: 2.0 seconds', '25 micro sleep: 2.0 seconds', '26 micro sleep: 3.0 seconds', '27 micro sleep: 2.0 seconds', '28 micro sleep: 4.0 seconds', '29 micro sleep: 18.0 seconds', '30 micro sleep: 2.0 seconds', '31 micro sleep: 5.0 seconds', '32 micro sleep: 3.0 seconds', '33 micro sleep: 2.0 seconds', '34 micro sleep: 3.0 seconds', '35 micro sleep: 2.0 seconds', '36 micro sleep: 2.0 seconds', '37 micro sleep: 3.0 seconds', '38 micro sleep: 2.0 seconds', '39 micro sleep: 2.0 seconds', '40 micro sleep: 2.0 seconds', '41 micro sleep: 2.0 seconds', '42 micro sleep: 3.0 seconds', '43 micro sleep: 3.0 seconds', '44 micro sleep: 2.0 seconds', '45 micro sleep: 2.0 seconds', '46 micro sleep: 2.0 seconds', '47 micro sleep: 8.0 seconds', '48 micro sleep: 2.0 seconds', '49 micro sleep: 3.0 seconds', '50 micro sleep: 2.0 seconds', '51 micro sleep: 2.0 seconds', '52 micro sleep: 3.0 seconds', '53 micro sleep: 2.0 seconds', '54 micro sleep: 2.0 seconds', '55 micro sleep: 2.0 seconds']",|,False,Counting pitches...,[],|,False,Counting yawns... 44.0 seconds remaining.,[]
2025-07-01 00:05:20,False,0,[],|,False,0,[],|,False,0,|,True,56,"['1 micro sleep: 2.0 seconds', '2 micro sleep: 2.0 seconds', '3 micro sleep: 3.0 seconds', '4 micro sleep: 5.0 seconds', '5 micro sleep: 11.0 seconds', '6 micro sleep: 2.0 seconds', '7 micro sleep: 2.0 seconds', '8 micro sleep: 2.0 seconds', '9 micro sleep: 2.0 seconds', '10 micro sleep: 2.0 seconds', '11 micro sleep: 9.0 seconds', '12 micro sleep: 2.0 seconds', '13 micro sleep: 2.0 seconds', '14 micro sleep: 2.0 seconds', '15 micro sleep: 3.0 seconds', '16 micro sleep: 3.0 seconds', '17 micro sleep: 2.0 seconds', '18 micro sleep: 2.0 seconds', '19 micro sleep: 3.0 seconds', '20 micro sleep: 3.0 seconds', '21 micro sleep: 2.0 seconds', '22 micro sleep: 2.0 seconds', '23 micro sleep: 2.0 seconds', '24 micro sleep: 2.0 seconds', '25 micro sleep: 2.0 seconds', '26 micro sleep: 3.0 seconds', '27 micro sleep: 2.0 seconds', '28 micro sleep: 4.0 seconds', '29 micro sleep: 18.0 seconds', '30 micro sleep: 2.0 seconds', '31 micro sleep: 5.0 seconds', '32 micro sleep: 3.0 seconds', '33 micro sleep: 2.0 seconds', '34 micro sleep: 3.0 seconds', '35 micro sleep: 2.0 seconds', '36 micro sleep: 2.0 seconds', '37 micro sleep: 3.0 seconds', '38 micro sleep: 2.0 seconds', '39 micro sleep: 2.0 seconds', '40 micro sleep: 2.0 seconds', '41 micro sleep: 2.0 seconds', '42 micro sleep: 3.0 seconds', '43 micro sleep: 3.0 seconds', '44 micro sleep: 2.0 seconds', '45 micro sleep: 2.0 seconds', '46 micro sleep: 2.0 seconds', '47 micro sleep: 8.0 seconds', '48 micro sleep: 2.0 seconds', '49 micro sleep: 3.0 seconds', '50 micro sleep: 2.0 seconds', '51 micro sleep: 2.0 seconds', '52 micro sleep: 3.0 seconds', '53 micro sleep: 2.0 seconds', '54 micro sleep: 2.0 seconds', '55 micro sleep: 2.0 seconds', '56 micro sleep: 2.0 seconds']",|,False,Counting pitches...,[],|,False,Counting yawns... 38.0 seconds remaining.,[]
2025-07-01 00:05:36,False,0,[],|,False,0,[],|,False,0,|,True,57,"['1 micro sleep: 2.0 seconds', '2 micro sleep: 2.0 seconds', '3 micro sleep: 3.0 seconds', '4 micro sleep: 5.0 seconds', '5 micro sleep: 11.0 seconds', '6 micro sleep: 2.0 seconds', '7 micro sleep: 2.0 seconds', '8 micro sleep: 2.0 seconds', '9 micro sleep: 2.0 seconds', '10 micro sleep: 2.0 seconds', '11 micro sleep: 9.0 seconds', '12 micro sleep: 2.0 seconds', '13 micro sleep: 2.0 seconds', '14 micro sleep: 2.0 seconds', '15 micro sleep: 3.0 seconds', '16 micro sleep: 3.0 seconds', '17 micro sleep: 2.0 seconds', '18 micro sleep: 2.0 seconds', '19 micro sleep: 3.0 seconds', '20 micro sleep: 3.0 seconds', '21 micro sleep: 2.0 seconds', '22 micro sleep: 2.0 seconds', '23 micro sleep: 2.0 seconds', '24 micro sleep: 2.0 seconds', '25 micro sleep: 2.0 seconds', '26 micro sleep: 3.0 seconds', '27 micro sleep: 2.0 seconds', '28 micro sleep: 4.0 seconds', '29 micro sleep: 18.0 seconds', '30 micro sleep: 2.0 seconds', '31 micro sleep: 5.0 seconds', '32 micro sleep: 3.0 seconds', '33 micro sleep: 2.0 seconds', '34 micro sleep: 3.0 seconds', '35 micro sleep: 2.0 seconds', '36 micro sleep: 2.0 seconds', '37 micro sleep: 3.0 seconds', '38 micro sleep: 2.0 seconds', '39 micro sleep: 2.0 seconds', '40 micro sleep: 2.0 seconds', '41 micro sleep: 2.0 seconds', '42 micro sleep: 3.0 seconds', '43 micro sleep: 3.0 seconds', '44 micro sleep: 2.0 seconds', '45 micro sleep: 2.0 seconds', '46 micro sleep: 2.0 seconds', '47 micro sleep: 8.0 seconds', '48 micro sleep: 2.0 seconds', '49 micro sleep: 3.0 seconds', '50 micro sleep: 2.0 seconds', '51 micro sleep: 2.0 seconds', '52 micro sleep: 3.0 seconds', '53 micro sleep: 2.0 seconds', '54 micro sleep: 2.0 seconds', '55 micro sleep: 2.0 seconds', '56 micro sleep: 2.0 seconds', '57 micro sleep: 2.0 seconds']",|,False,Counting pitches...,[],|,False,Counting yawns... 22.0 seconds remaining.,[]
2025-07-01 00:05:56,False,0,[],|,False,0,[],|,True,24,|,False,0,[],|,False,Counting pitches...,[],|,False,Counting yawns... 1.0 seconds remaining.,[]
2025-07-01 00:05:57,True,0,"['1 right eye rub: 2.0 seconds', '1 left eye rub: 2.0 seconds']",|,True,0,"['1 right eye rub: 2.0 seconds', '1 left eye rub: 2.0 seconds']",|,False,Counting flickers... 60.0 seconds remaining.,|,False,0,[],|,False,Counting pitches...,[],|,False,Counting yawns... 1.0 seconds remaining.,[]
2025-07-01 00:05:57,False,0,[],|,False,0,[],|,False,Counting flickers... 59.0 seconds remaining.,|,False,0,[],|,False,Counting pitches...,[],|,True,0,[]
2025-07-01 00:30:35,False,0,[],|,False,0,[],|,True,17,|,False,0,[],|,False,Counting pitches...,[],|,False,Counting yawns... 120.0 seconds remaining.,[]
2025-07-01 00:31:35,False,0,[],|,False,0,[],|,True,18,|,False,0,[],|,False,Counting pitches...,[],|,False,Counting yawns... 61.0 seconds remaining.,[]
2025-07-01 00:32:35,False,0,[],|,False,0,[],|,True,22,|,False,0,[],|,False,Counting pitches...,[],|,False,Counting yawns... 1.0 seconds remaining.,[]
2025-07-01 00:32:35,False,0,[],|,False,0,[],|,False,Counting flickers... 59.0 seconds remaining.,|,False,0,[],|,False,Counting pitches...,[],|,True,0,[]
2025-07-01 00:33:14,False,0,[],|,False,0,[],|,False,0,|,True,1,['1 micro sleep: 2.0 seconds'],|,False,Counting pitches...,[],|,False,Counting yawns... 141.0 seconds remaining.,[]
2025-07-01 00:33:34,False,0,[],|,False,0,[],|,True,15,|,False,0,[],|,False,Counting pitches...,[],|,False,Counting yawns... 121.0 seconds remaining.,[]
2025-07-01 00:51:26,False,0,[],|,False,0,[],|,False,Counting flickers... 1.0 seconds remaining.,|,False,0,[],|,True,1,['1 pitch: 8.0 seconds'],|,False,Counting yawns... 121.0 seconds remaining.,[]
2025-07-01 00:51:27,False,0,[],|,False,0,[],|,True,11,|,False,0,[],|,False,Counting pitches...,[],|,False,Counting yawns... 120.0 seconds remaining.,[]
2025-07-01 00:52:26,False,0,[],|,False,0,[],|,True,8,|,False,0,[],|,False,Counting pitches...,[],|,False,Counting yawns... 61.0 seconds remaining.,[]
2025-07-01 00:54:57,False,0,[],|,False,0,[],|,True,17,|,False,0,[],|,False,Counting pitches...,[],|,False,Counting yawns... 120.0 seconds remaining.,[]
2025-07-01 00:55:47,False,0,[],|,False,0,[],|,False,Counting flickers... 10.0 seconds remaining.,|,False,0,[],|,True,1,['1 pitch: 7.0 seconds'],|,False,Counting yawns... 71.0 seconds remaining.,[]
2025-07-01 00:55:57,False,0,[],|,False,0,[],|,True,19,|,False,0,[],|,False,Counting pitches...,[],|,False,Counting yawns... 61.0 seconds remaining.,[]
2025-07-01 00:57:59,False,0,[],|,False,0,[],|,True,13,|,False,0,[],|,False,Counting pitches...,[],|,False,Counting yawns... 120.0 seconds remaining.,[]
2025-07-01 00:58:05,False,0,[],|,False,0,[],|,False,Counting flickers... 54.0 seconds remaining.,|,False,0,[],|,True,1,['1 pitch: 3.0 seconds'],|,False,Counting yawns... 114.0 seconds remaining.,[]
2025-07-01 00:58:43,False,0,[],|,False,0,[],|,False,Counting flickers... 15.0 seconds remaining.,|,False,0,[],|,True,2,"['1 pitch: 3.0 seconds', '2 pitch: 3.0 seconds']",|,False,Counting yawns... 76.0 seconds remaining.,[]
2025-07-01 00:58:58,False,0,[],|,False,0,[],|,True,18,|,False,0,[],|,False,Counting pitches...,[],|,False,Counting yawns... 61.0 seconds remaining.,[]
2025-07-01 00:59:07,False,0,[],|,False,0,[],|,False,Counting flickers... 51.0 seconds remaining.,|,False,0,[],|,True,3,"['1 pitch: 3.0 seconds', '2 pitch: 3.0 seconds', '3 pitch: 18.0 seconds']",|,False,Counting yawns... 52.0 seconds remaining.,[]
2025-07-01 00:59:19,False,0,[],|,False,0,[],|,False,Counting flickers... 39.0 seconds remaining.,|,False,0,[],|,True,4,"['1 pitch: 3.0 seconds', '2 pitch: 3.0 seconds', '3 pitch: 18.0 seconds', '4 pitch: 3.0 seconds']",|,False,Counting yawns... 40.0 seconds remaining.,[]
2025-07-01 00:59:36,False,0,[],|,False,0,[],|,False,Counting flickers... 22.0 seconds remaining.,|,False,0,[],|,True,5,"['1 pitch: 3.0 seconds', '2 pitch: 3.0 seconds', '3 pitch: 18.0 seconds', '4 pitch: 3.0 seconds', '5 pitch: 12.0 seconds']",|,False,Counting yawns... 23.0 seconds remaining.,[]
2025-07-01 00:59:58,False,0,[],|,False,0,[],|,True,26,|,False,0,[],|,False,Counting pitches...,[],|,False,Counting yawns... 1.0 seconds remaining.,[]
2025-07-01 00:59:58,False,0,[],|,False,0,[],|,False,Counting flickers... 59.0 seconds remaining.,|,False,0,[],|,False,Counting pitches...,[],|,True,0,[]
2025-07-01 01:01:21,False,0,[],|,False,0,[],|,True,7,|,False,0,[],|,False,Counting pitches...,[],|,False,Counting yawns... 120.0 seconds remaining.,[]
2025-07-01 01:02:21,False,0,[],|,False,0,[],|,True,26,|,False,0,[],|,False,Counting pitches...,[],|,False,Counting yawns... 61.0 seconds remaining.,[]
2025-07-01 01:02:35,False,0,[],|,False,0,[],|,False,Counting flickers... 46.0 seconds remaining.,|,False,0,[],|,True,1,['1 pitch: 6.0 seconds'],|,False,Counting yawns... 47.0 seconds remaining.,[]
2025-07-01 01:03:10,False,0,[],|,False,0,[],|,False,Counting flickers... 11.0 seconds remaining.,|,False,0,[],|,True,2,"['1 pitch: 6.0 seconds', '2 pitch: 3.0 seconds']",|,False,Counting yawns... 11.0 seconds remaining.,[]
2025-07-01 01:03:20,False,0,[],|,False,0,[],|,True,20,|,False,0,[],|,False,Counting pitches...,[],|,False,Counting yawns... 1.0 seconds remaining.,[]
2025-07-01 01:03:21,False,0,[],|,False,0,[],|,False,Counting flickers... 59.0 seconds remaining.,|,False,0,[],|,False,Counting pitches...,[],|,True,0,[]
2025-07-01 01:03:37,False,0,[],|,False,0,[],|,False,0,|,True,1,['1 micro sleep: 2.0 seconds'],|,False,Counting pitches...,[],|,False,Counting yawns... 164.0 seconds remaining.,[]
2025-07-01 01:03:45,False,0,[],|,False,0,[],|,False,Counting flickers... 36.0 seconds remaining.,|,False,0,[],|,True,3,"['1 pitch: 6.0 seconds', '2 pitch: 3.0 seconds', '3 pitch: 9.0 seconds']",|,False,Counting yawns... 156.0 seconds remaining.,[]
2025-07-01 01:04:04,False,0,[],|,False,0,[],|,False,Counting flickers... 16.0 seconds remaining.,|,False,0,[],|,True,4,"['1 pitch: 6.0 seconds', '2 pitch: 3.0 seconds', '3 pitch: 9.0 seconds', '4 pitch: 19.0 seconds']",|,False,Counting yawns... 137.0 seconds remaining.,[]
2025-07-01 01:07:07,False,0,[],|,False,0,[],|,False,Counting flickers... 49.0 seconds remaining.,|,False,0,[],|,True,1,['1 pitch: 5.0 seconds'],|,False,Counting yawns... 169.0 seconds remaining.,[]
2025-07-01 01:10:05,False,0,[],|,False,0,[],|,True,13,|,False,0,[],|,False,Counting pitches...,[],|,False,Counting yawns... 120.0 seconds remaining.,[]
2025-07-01 01:10:21,False,0,[],|,False,0,[],|,False,Counting flickers... 44.0 seconds remaining.,|,False,0,[],|,True,1,['1 pitch: 7.0 seconds'],|,False,Counting yawns... 104.0 seconds remaining.,[]
2025-07-01 01:10:30,False,0,[],|,False,0,[],|,False,Counting flickers... 35.0 seconds remaining.,|,False,0,[],|,True,2,"['1 pitch: 7.0 seconds', '2 pitch: 6.0 seconds']",|,False,Counting yawns... 95.0 seconds remaining.,[]
2025-07-01 01:10:53,False,0,[],|,False,0,[],|,False,Counting flickers... 11.0 seconds remaining.,|,False,0,[],|,True,3,"['1 pitch: 7.0 seconds', '2 pitch: 6.0 seconds', '3 pitch: 15.0 seconds']",|,False,Counting yawns... 72.0 seconds remaining.,[]
2025-07-01 01:11:04,False,0,[],|,False,0,[],|,True,15,|,False,0,[],|,False,Counting pitches...,[],|,False,Counting yawns... 61.0 seconds remaining.,[]
2025-07-01 01:11:06,False,0,[],|,False,0,[],|,False,0,|,True,1,['1 micro sleep: 4.0 seconds'],|,False,Counting pitches...,[],|,False,Counting yawns... 59.0 seconds remaining.,[]
2025-07-01 01:11:20,False,0,[],|,False,0,[],|,False,0,|,True,2,"['1 micro sleep: 4.0 seconds', '2 micro sleep: 2.0 seconds']",|,False,Counting pitches...,[],|,False,Counting yawns... 46.0 seconds remaining.,[]
2025-07-01 01:11:29,False,0,[],|,False,0,[],|,False,Counting flickers... 35.0 seconds remaining.,|,False,0,[],|,True,4,"['1 pitch: 7.0 seconds', '2 pitch: 6.0 seconds', '3 pitch: 15.0 seconds', '4 pitch: 5.0 seconds']",|,False,Counting yawns... 36.0 seconds remaining.,[]
2025-07-01 01:12:04,False,0,[],|,False,0,[],|,True,15,|,False,0,[],|,False,Counting pitches...,[],|,False,Counting yawns... 1.0 seconds remaining.,[]
2025-07-01 01:12:05,False,0,[],|,False,0,[],|,False,Counting flickers... 59.0 seconds remaining.,|,False,0,[],|,False,Counting pitches...,[],|,True,0,[]
2025-07-01 01:13:38,False,0,[],|,False,0,[],|,True,9,|,False,0,[],|,False,Counting pitches...,[],|,False,Counting yawns... 120.0 seconds remaining.,[]
2025-07-01 01:14:19,False,0,[],|,False,0,[],|,False,Counting flickers... 19.0 seconds remaining.,|,False,0,[],|,True,1,['1 pitch: 22.0 seconds'],|,False,Counting yawns... 79.0 seconds remaining.,[]
2025-07-01 01:14:37,False,0,[],|,False,0,[],|,True,21,|,False,0,[],|,False,Counting pitches...,[],|,False,Counting yawns... 61.0 seconds remaining.,[]
2025-07-01 01:15:37,False,0,[],|,False,0,[],|,True,11,|,False,0,[],|,False,Counting pitches...,[],|,False,Counting yawns... 1.0 seconds remaining.,[]
2025-07-01 01:15:38,False,0,[],|,False,0,[],|,False,Counting flickers... 59.0 seconds remaining.,|,False,0,[],|,False,Counting pitches...,[],|,True,0,[]
2025-07-01 01:16:00,False,0,[],|,False,0,[],|,False,0,|,True,1,['1 micro sleep: 2.0 seconds'],|,False,Counting pitches...,[],|,False,Counting yawns... 158.0 seconds remaining.,[]
2025-07-01 01:16:56,False,0,[],|,False,0,[],|,False,0,|,True,1,['1 micro sleep: 12.0 seconds'],|,True,1,['1 pitch: 12.0 seconds'],|,False,Counting yawns... 158.0 seconds remaining.,[]
2025-07-01 01:17:33,False,0,[],|,False,0,[],|,True,15,|,False,0,[],|,False,Counting pitches...,[],|,False,Counting yawns... 120.0 seconds remaining.,[]
2025-07-01 01:18:33,False,0,[],|,False,0,[],|,True,21,|,False,0,[],|,False,Counting pitches...,[],|,False,Counting yawns... 61.0 seconds remaining.,[]
2025-07-01 01:18:50,False,0,[],|,False,0,[],|,False,0,|,True,2,"['1 micro sleep: 12.0 seconds', '2 micro sleep: 4.0 seconds']",|,False,Counting pitches...,[],|,False,Counting yawns... 44.0 seconds remaining.,[]
2025-07-01 01:19:32,False,0,[],|,False,0,[],|,True,20,|,False,0,[],|,False,Counting pitches...,[],|,False,Counting yawns... 1.0 seconds remaining.,[]
2025-07-01 01:19:33,False,0,[],|,False,0,[],|,False,Counting flickers... 59.0 seconds remaining.,|,False,0,[],|,False,Counting pitches...,[],|,True,0,[]
2025-07-01 01:20:32,False,0,[],|,False,0,[],|,True,27,|,False,0,[],|,False,Counting pitches...,[],|,False,Counting yawns... 121.0 seconds remaining.,[]
2025-07-01 01:20:38,False,0,[],|,False,0,[],|,False,Counting flickers... 54.0 seconds remaining.,|,False,0,[],|,True,2,"['1 pitch: 12.0 seconds', '2 pitch: 9.0 seconds']",|,False,Counting yawns... 115.0 seconds remaining.,[]
2025-07-01 01:21:14,False,0,[],|,False,0,[],|,False,Counting flickers... 18.0 seconds remaining.,|,False,0,[],|,True,3,"['1 pitch: 12.0 seconds', '2 pitch: 9.0 seconds', '3 pitch: 20.0 seconds']",|,False,Counting yawns... 79.0 seconds remaining.,[]
2025-07-01 01:21:31,False,0,[],|,False,0,[],|,True,26,|,False,0,[],|,False,Counting pitches...,[],|,False,Counting yawns... 62.0 seconds remaining.,[]
2025-07-01 01:21:33,True,9,"['1 right eye rub: 3.0 seconds', '2 right eye rub: 5.0 seconds', '3 right eye rub: 13.0 seconds', '1 left eye rub: 3.0 seconds', '2 left eye rub: 13.0 seconds', '3 left eye rub: 7.0 seconds', '4 left eye rub: 6.0 seconds', '5 left eye rub: 9.0 seconds', '6 left eye rub: 4.0 seconds']",|,True,1,['1 left eye rub: 4.0 seconds'],|,False,Counting flickers... 58.0 seconds remaining.,|,False,0,[],|,False,Counting pitches...,[],|,False,Counting yawns... 60.0 seconds remaining.,[]
2025-07-01 01:22:31,False,0,[],|,False,0,[],|,True,18,|,False,0,[],|,False,Counting pitches...,[],|,False,Counting yawns... 2.0 seconds remaining.,[]
2025-07-01 01:22:33,False,0,[],|,False,0,[],|,False,Counting flickers... 58.0 seconds remaining.,|,False,0,[],|,False,Counting pitches...,[],|,True,0,[]
2025-07-01 01:23:30,False,0,[],|,False,0,[],|,True,12,|,False,0,[],|,False,Counting pitches...,[],|,False,Counting yawns... 122.0 seconds remaining.,[]
2025-07-01 01:23:54,False,0,[],|,False,0,[],|,False,Counting flickers... 36.0 seconds remaining.,|,False,0,[],|,True,4,"['1 pitch: 12.0 seconds', '2 pitch: 9.0 seconds', '3 pitch: 20.0 seconds', '4 pitch: 6.0 seconds']",|,False,Counting yawns... 98.0 seconds remaining.,[]
2025-07-01 01:24:24,False,0,[],|,False,0,[],|,False,Counting flickers... 6.0 seconds remaining.,|,False,0,[],|,True,5,"['1 pitch: 12.0 seconds', '2 pitch: 9.0 seconds', '3 pitch: 20.0 seconds', '4 pitch: 6.0 seconds', '5 pitch: 4.0 seconds']",|,False,Counting yawns... 68.0 seconds remaining.,[]
2025-07-01 01:24:30,False,0,[],|,False,0,[],|,True,20,|,False,0,[],|,False,Counting pitches...,[],|,False,Counting yawns... 63.0 seconds remaining.,[]
2025-07-01 01:25:03,False,0,[],|,False,0,[],|,False,Counting flickers... 27.0 seconds remaining.,|,False,0,[],|,True,6,"['1 pitch: 12.0 seconds', '2 pitch: 9.0 seconds', '3 pitch: 20.0 seconds', '4 pitch: 6.0 seconds', '5 pitch: 4.0 seconds', '6 pitch: 5.0 seconds']",|,False,Counting yawns... 29.0 seconds remaining.,[]
2025-07-01 01:25:30,False,0,[],|,False,0,[],|,True,17,|,False,0,[],|,False,Counting pitches...,[],|,False,Counting yawns... 3.0 seconds remaining.,[]
2025-07-01 01:25:32,False,0,[],|,False,0,[],|,False,Counting flickers... 57.0 seconds remaining.,|,False,0,[],|,False,Counting pitches...,[],|,True,0,[]
2025-07-01 01:26:14,False,0,[],|,False,0,[],|,False,Counting flickers... 16.0 seconds remaining.,|,False,0,[],|,True,7,"['1 pitch: 12.0 seconds', '2 pitch: 9.0 seconds', '3 pitch: 20.0 seconds', '4 pitch: 6.0 seconds', '5 pitch: 4.0 seconds', '6 pitch: 5.0 seconds', '7 pitch: 6.0 seconds']",|,False,Counting yawns... 138.0 seconds remaining.,[]
2025-07-01 01:26:29,False,0,[],|,False,0,[],|,True,11,|,False,0,[],|,False,Counting pitches...,[],|,False,Counting yawns... 123.0 seconds remaining.,[]
2025-07-01 01:26:31,False,0,[],|,False,0,[],|,False,0,|,True,3,"['1 micro sleep: 12.0 seconds', '2 micro sleep: 4.0 seconds', '3 micro sleep: 2.0 seconds']",|,False,Counting pitches...,[],|,False,Counting yawns... 121.0 seconds remaining.,[]
2025-07-01 01:26:33,True,5,"['1 right eye rub: 3.0 seconds', '2 right eye rub: 5.0 seconds', '3 right eye rub: 13.0 seconds', '1 right eye rub: 5.0 seconds', '2 right eye rub: 3.0 seconds', '1 left eye rub: 3.0 seconds', '2 left eye rub: 13.0 seconds', '3 left eye rub: 7.0 seconds', '4 left eye rub: 6.0 seconds', '5 left eye rub: 9.0 seconds', '6 left eye rub: 4.0 seconds', '1 left eye rub: 2.0 seconds', '2 left eye rub: 2.0 seconds', '3 left eye rub: 3.0 seconds']",|,True,0,['1 left eye rub: 4.0 seconds'],|,False,Counting flickers... 56.0 seconds remaining.,|,False,0,[],|,False,Counting pitches...,[],|,False,Counting yawns... 120.0 seconds remaining.,[]
2025-07-01 01:27:29,False,0,[],|,False,0,[],|,True,16,|,False,0,[],|,False,Counting pitches...,[],|,False,Counting yawns... 64.0 seconds remaining.,[]
2025-07-01 01:27:56,False,0,[],|,False,0,[],|,False,Counting flickers... 33.0 seconds remaining.,|,False,0,[],|,True,8,"['1 pitch: 12.0 seconds', '2 pitch: 9.0 seconds', '3 pitch: 20.0 seconds', '4 pitch: 6.0 seconds', '5 pitch: 4.0 seconds', '6 pitch: 5.0 seconds', '7 pitch: 6.0 seconds', '8 pitch: 7.0 seconds']",|,False,Counting yawns... 36.0 seconds remaining.,[]
2025-07-01 01:28:01,False,0,[],|,False,0,[],|,False,Counting flickers... 28.0 seconds remaining.,|,False,0,[],|,True,9,"['1 pitch: 12.0 seconds', '2 pitch: 9.0 seconds', '3 pitch: 20.0 seconds', '4 pitch: 6.0 seconds', '5 pitch: 4.0 seconds', '6 pitch: 5.0 seconds', '7 pitch: 6.0 seconds', '8 pitch: 7.0 seconds', '9 pitch: 4.0 seconds']",|,False,Counting yawns... 31.0 seconds remaining.,[]
2025-07-01 01:28:28,False,0,[],|,False,0,[],|,True,27,|,False,0,[],|,False,Counting pitches...,[],|,False,Counting yawns... 4.0 seconds remaining.,[]
2025-07-01 01:28:32,False,0,[],|,False,0,[],|,False,Counting flickers... 56.0 seconds remaining.,|,False,0,[],|,False,Counting pitches...,[],|,True,2,"['1 yawn: 6.0 seconds', '2 yawn: 6.0 seconds']"
2025-07-01 01:29:28,False,0,[],|,False,0,[],|,True,5,|,False,0,[],|,False,Counting pitches...,[],|,False,Counting yawns... 124.0 seconds remaining.,[]
2025-07-01 01:29:59,False,0,[],|,False,0,[],|,False,Counting flickers... 28.0 seconds remaining.,|,False,0,[],|,True,10,"['1 pitch: 12.0 seconds', '2 pitch: 9.0 seconds', '3 pitch: 20.0 seconds', '4 pitch: 6.0 seconds', '5 pitch: 4.0 seconds', '6 pitch: 5.0 seconds', '7 pitch: 6.0 seconds', '8 pitch: 7.0 seconds', '9 pitch: 4.0 seconds', '10 pitch: 5.0 seconds']",|,False,Counting yawns... 92.0 seconds remaining.,[]
2025-07-01 01:30:27,False,0,[],|,False,0,[],|,True,9,|,False,0,[],|,False,Counting pitches...,[],|,False,Counting yawns... 64.0 seconds remaining.,[]
2025-07-01 01:30:36,False,0,[],|,False,0,[],|,False,0,|,True,4,"['1 micro sleep: 12.0 seconds', '2 micro sleep: 4.0 seconds', '3 micro sleep: 2.0 seconds', '4 micro sleep: 3.0 seconds']",|,False,Counting pitches...,[],|,False,Counting yawns... 56.0 seconds remaining.,[]
2025-07-01 01:30:46,False,0,[],|,False,0,[],|,False,Counting flickers... 42.0 seconds remaining.,|,False,0,[],|,True,11,"['1 pitch: 12.0 seconds', '2 pitch: 9.0 seconds', '3 pitch: 20.0 seconds', '4 pitch: 6.0 seconds', '5 pitch: 4.0 seconds', '6 pitch: 5.0 seconds', '7 pitch: 6.0 seconds', '8 pitch: 7.0 seconds', '9 pitch: 4.0 seconds', '10 pitch: 5.0 seconds', '11 pitch: 3.0 seconds']",|,False,Counting yawns... 46.0 seconds remaining.,[]
2025-07-01 01:31:07,False,0,[],|,False,0,[],|,False,0,|,True,5,"['1 micro sleep: 12.0 seconds', '2 micro sleep: 4.0 seconds', '3 micro sleep: 2.0 seconds', '4 micro sleep: 3.0 seconds', '5 micro sleep: 2.0 seconds']",|,False,Counting pitches...,[],|,False,Counting yawns... 25.0 seconds remaining.,[]
2025-07-01 01:31:26,False,0,[],|,False,0,[],|,False,0,|,True,6,"['1 micro sleep: 12.0 seconds', '2 micro sleep: 4.0 seconds', '3 micro sleep: 2.0 seconds', '4 micro sleep: 3.0 seconds', '5 micro sleep: 2.0 seconds', '6 micro sleep: 4.0 seconds']",|,False,Counting pitches...,[],|,False,Counting yawns... 6.0 seconds remaining.,[]
2025-07-01 01:31:27,False,0,[],|,False,0,[],|,True,16,|,False,0,[],|,False,Counting pitches...,[],|,False,Counting yawns... 5.0 seconds remaining.,[]
2025-07-01 01:31:31,False,0,[],|,False,0,[],|,False,Counting flickers... 55.0 seconds remaining.,|,False,0,[],|,False,Counting pitches...,[],|,True,0,"['1 yawn: 6.0 seconds', '2 yawn: 6.0 seconds']"
2025-07-01 01:31:32,True,1,"['1 right eye rub: 3.0 seconds', '2 right eye rub: 5.0 seconds', '3 right eye rub: 13.0 seconds', '1 right eye rub: 5.0 seconds', '2 right eye rub: 3.0 seconds', '1 right eye rub: 3.0 seconds', '1 left eye rub: 3.0 seconds', '2 left eye rub: 13.0 seconds', '3 left eye rub: 7.0 seconds', '4 left eye rub: 6.0 seconds', '5 left eye rub: 9.0 seconds', '6 left eye rub: 4.0 seconds', '1 left eye rub: 2.0 seconds', '2 left eye rub: 2.0 seconds', '3 left eye rub: 3.0 seconds']",|,True,0,['1 left eye rub: 4.0 seconds'],|,False,Counting flickers... 55.0 seconds remaining.,|,False,0,[],|,False,Counting pitches...,[],|,False,Counting yawns... 179.0 seconds remaining.,[]
2025-07-01 01:31:37,False,0,[],|,False,0,[],|,False,0,|,True,7,"['1 micro sleep: 12.0 seconds', '2 micro sleep: 4.0 seconds', '3 micro sleep: 2.0 seconds', '4 micro sleep: 3.0 seconds', '5 micro sleep: 2.0 seconds', '6 micro sleep: 4.0 seconds', '7 micro sleep: 5.0 seconds']",|,False,Counting pitches...,[],|,False,Counting yawns... 174.0 seconds remaining.,[]
2025-07-01 01:31:57,False,0,[],|,False,0,[],|,False,Counting flickers... 30.0 seconds remaining.,|,False,0,[],|,True,12,"['1 pitch: 12.0 seconds', '2 pitch: 9.0 seconds', '3 pitch: 20.0 seconds', '4 pitch: 6.0 seconds', '5 pitch: 4.0 seconds', '6 pitch: 5.0 seconds', '7 pitch: 6.0 seconds', '8 pitch: 7.0 seconds', '9 pitch: 4.0 seconds', '10 pitch: 5.0 seconds', '11 pitch: 3.0 seconds', '12 pitch: 4.0 seconds']",|,False,Counting yawns... 155.0 seconds remaining.,[]
2025-07-01 01:32:26,False,0,[],|,False,0,[],|,True,14,|,False,0,[],|,False,Counting pitches...,[],|,False,Counting yawns... 125.0 seconds remaining.,[]
2025-07-01 01:33:15,False,0,[],|,False,0,[],|,False,Counting flickers... 11.0 seconds remaining.,|,False,0,[],|,True,13,"['1 pitch: 12.0 seconds', '2 pitch: 9.0 seconds', '3 pitch: 20.0 seconds', '4 pitch: 6.0 seconds', '5 pitch: 4.0 seconds', '6 pitch: 5.0 seconds', '7 pitch: 6.0 seconds', '8 pitch: 7.0 seconds', '9 pitch: 4.0 seconds', '10 pitch: 5.0 seconds', '11 pitch: 3.0 seconds', '12 pitch: 4.0 seconds', '13 pitch: 12.0 seconds']",|,False,Counting yawns... 76.0 seconds remaining.,[]
2025-07-01 01:33:26,False,0,[],|,False,0,[],|,True,16,|,False,0,[],|,False,Counting pitches...,[],|,False,Counting yawns... 65.0 seconds remaining.,[]
2025-07-01 01:34:20,False,0,[],|,False,0,[],|,False,0,|,True,8,"['1 micro sleep: 12.0 seconds', '2 micro sleep: 4.0 seconds', '3 micro sleep: 2.0 seconds', '4 micro sleep: 3.0 seconds', '5 micro sleep: 2.0 seconds', '6 micro sleep: 4.0 seconds', '7 micro sleep: 5.0 seconds', '8 micro sleep: 4.0 seconds']",|,False,Counting pitches...,[],|,False,Counting yawns... 11.0 seconds remaining.,[]
2025-07-01 01:34:21,False,0,[],|,False,0,[],|,False,Counting flickers... 5.0 seconds remaining.,|,False,0,[],|,True,14,"['1 pitch: 12.0 seconds', '2 pitch: 9.0 seconds', '3 pitch: 20.0 seconds', '4 pitch: 6.0 seconds', '5 pitch: 4.0 seconds', '6 pitch: 5.0 seconds', '7 pitch: 6.0 seconds', '8 pitch: 7.0 seconds', '9 pitch: 4.0 seconds', '10 pitch: 5.0 seconds', '11 pitch: 3.0 seconds', '12 pitch: 4.0 seconds', '13 pitch: 12.0 seconds', '14 pitch: 6.0 seconds']",|,False,Counting yawns... 10.0 seconds remaining.,[]
2025-07-01 01:34:28,False,0,[],|,False,0,[],|,True,15,|,False,0,[],|,False,Counting pitches...,[],|,False,Counting yawns... 4.0 seconds remaining.,[]
2025-07-01 01:34:28,False,0,[],|,False,0,[],|,False,Counting flickers... 59.0 seconds remaining.,|,False,0,[],|,True,15,"['1 pitch: 12.0 seconds', '2 pitch: 9.0 seconds', '3 pitch: 20.0 seconds', '4 pitch: 6.0 seconds', '5 pitch: 4.0 seconds', '6 pitch: 5.0 seconds', '7 pitch: 6.0 seconds', '8 pitch: 7.0 seconds', '9 pitch: 4.0 seconds', '10 pitch: 5.0 seconds', '11 pitch: 3.0 seconds', '12 pitch: 4.0 seconds', '13 pitch: 12.0 seconds', '14 pitch: 6.0 seconds', '15 pitch: 3.0 seconds']",|,False,Counting yawns... 3.0 seconds remaining.,[]
2025-07-01 01:34:28,False,0,[],|,False,0,[],|,False,0,|,True,9,"['1 micro sleep: 12.0 seconds', '2 micro sleep: 4.0 seconds', '3 micro sleep: 2.0 seconds', '4 micro sleep: 3.0 seconds', '5 micro sleep: 2.0 seconds', '6 micro sleep: 4.0 seconds', '7 micro sleep: 5.0 seconds', '8 micro sleep: 4.0 seconds', '9 micro sleep: 7.0 seconds']",|,False,Counting pitches...,[],|,False,Counting yawns... 3.0 seconds remaining.,[]
2025-07-01 01:34:31,False,0,[],|,False,0,[],|,False,Counting flickers... 57.0 seconds remaining.,|,False,0,[],|,False,Counting pitches...,[],|,True,1,"['1 yawn: 6.0 seconds', '2 yawn: 6.0 seconds', '1 yawn: 5.0 seconds']"
2025-07-01 01:36:32,False,0,[],|,False,0,[],|,True,12,|,False,0,[],|,False,Counting pitches...,[],|,False,Counting yawns... 120.0 seconds remaining.,[]
2025-07-01 01:36:40,False,0,[],|,False,0,[],|,False,0,|,True,1,['1 micro sleep: 5.0 seconds'],|,False,Counting pitches...,[],|,False,Counting yawns... 113.0 seconds remaining.,[]
2025-07-01 01:36:41,False,0,[],|,False,0,[],|,False,Counting flickers... 52.0 seconds remaining.,|,False,0,[],|,True,1,['1 pitch: 7.0 seconds'],|,False,Counting yawns... 112.0 seconds remaining.,[]
2025-07-01 01:36:47,False,0,[],|,False,0,[],|,False,0,|,True,2,"['1 micro sleep: 5.0 seconds', '2 micro sleep: 3.0 seconds']",|,False,Counting pitches...,[],|,False,Counting yawns... 106.0 seconds remaining.,[]
2025-07-01 01:37:00,False,0,[],|,False,0,[],|,False,0,|,True,3,"['1 micro sleep: 5.0 seconds', '2 micro sleep: 3.0 seconds', '3 micro sleep: 3.0 seconds']",|,False,Counting pitches...,[],|,False,Counting yawns... 93.0 seconds remaining.,[]
2025-07-01 01:37:00,False,0,[],|,False,0,[],|,False,Counting flickers... 32.0 seconds remaining.,|,False,0,[],|,True,2,"['1 pitch: 7.0 seconds', '2 pitch: 17.0 seconds']",|,False,Counting yawns... 93.0 seconds remaining.,[]
2025-07-01 01:37:10,False,0,[],|,False,0,[],|,False,0,|,True,4,"['1 micro sleep: 5.0 seconds', '2 micro sleep: 3.0 seconds', '3 micro sleep: 3.0 seconds', '4 micro sleep: 2.0 seconds']",|,False,Counting pitches...,[],|,False,Counting yawns... 83.0 seconds remaining.,[]
2025-07-01 01:37:14,False,0,[],|,False,0,[],|,False,0,|,True,5,"['1 micro sleep: 5.0 seconds', '2 micro sleep: 3.0 seconds', '3 micro sleep: 3.0 seconds', '4 micro sleep: 2.0 seconds', '5 micro sleep: 4.0 seconds']",|,False,Counting pitches...,[],|,False,Counting yawns... 79.0 seconds remaining.,[]
2025-07-01 01:37:32,False,0,[],|,False,0,[],|,True,23,|,False,0,[],|,False,Counting pitches...,[],|,False,Counting yawns... 61.0 seconds remaining.,[]
2025-07-01 01:38:23,False,0,[],|,False,0,[],|,False,0,|,True,6,"['1 micro sleep: 5.0 seconds', '2 micro sleep: 3.0 seconds', '3 micro sleep: 3.0 seconds', '4 micro sleep: 2.0 seconds', '5 micro sleep: 4.0 seconds', '6 micro sleep: 4.0 seconds']",|,False,Counting pitches...,[],|,False,Counting yawns... 10.0 seconds remaining.,[]
2025-07-01 01:38:23,False,0,[],|,False,0,[],|,False,Counting flickers... 9.0 seconds remaining.,|,False,0,[],|,True,3,"['1 pitch: 7.0 seconds', '2 pitch: 17.0 seconds', '3 pitch: 39.0 seconds']",|,False,Counting yawns... 10.0 seconds remaining.,[]
2025-07-01 01:38:29,False,0,[],|,False,0,[],|,False,0,|,True,7,"['1 micro sleep: 5.0 seconds', '2 micro sleep: 3.0 seconds', '3 micro sleep: 3.0 seconds', '4 micro sleep: 2.0 seconds', '5 micro sleep: 4.0 seconds', '6 micro sleep: 4.0 seconds', '7 micro sleep: 6.0 seconds']",|,False,Counting pitches...,[],|,False,Counting yawns... 4.0 seconds remaining.,[]
2025-07-01 01:38:35,False,0,[],|,False,0,[],|,True,18,|,False,0,[],|,False,Counting pitches...,[],|,True,1,['1 yawn: 6.0 seconds']
2025-07-01 01:40:23,False,0,[],|,False,0,[],|,True,14,|,False,0,[],|,False,Counting pitches...,[],|,False,Counting yawns... 120.0 seconds remaining.,[]
2025-07-01 01:40:50,False,0,[],|,False,0,[],|,False,0,|,True,1,['1 micro sleep: 6.0 seconds'],|,False,Counting pitches...,[],|,False,Counting yawns... 93.0 seconds remaining.,[]
2025-07-01 01:41:10,False,0,[],|,False,0,[],|,False,Counting flickers... 13.0 seconds remaining.,|,False,0,[],|,True,1,['1 pitch: 28.0 seconds'],|,False,Counting yawns... 73.0 seconds remaining.,[]
2025-07-01 01:41:23,False,0,[],|,False,0,[],|,True,18,|,False,0,[],|,False,Counting pitches...,[],|,False,Counting yawns... 61.0 seconds remaining.,[]
2025-07-01 01:41:33,False,0,[],|,False,0,[],|,False,0,|,True,2,"['1 micro sleep: 6.0 seconds', '2 micro sleep: 6.0 seconds']",|,False,Counting pitches...,[],|,False,Counting yawns... 50.0 seconds remaining.,[]
2025-07-01 01:41:37,False,0,[],|,False,0,[],|,False,Counting flickers... 46.0 seconds remaining.,|,False,0,[],|,True,2,"['1 pitch: 28.0 seconds', '2 pitch: 25.0 seconds']",|,False,Counting yawns... 47.0 seconds remaining.,[]
2025-07-01 01:42:00,False,0,[],|,False,0,[],|,False,0,|,True,3,"['1 micro sleep: 6.0 seconds', '2 micro sleep: 6.0 seconds', '3 micro sleep: 2.0 seconds']",|,False,Counting pitches...,[],|,False,Counting yawns... 23.0 seconds remaining.,[]
2025-07-01 01:42:03,False,0,[],|,False,0,[],|,False,0,|,True,4,"['1 micro sleep: 6.0 seconds', '2 micro sleep: 6.0 seconds', '3 micro sleep: 2.0 seconds', '4 micro sleep: 2.0 seconds']",|,False,Counting pitches...,[],|,False,Counting yawns... 20.0 seconds remaining.,[]
2025-07-01 01:42:20,False,0,[],|,False,0,[],|,False,Counting flickers... 3.0 seconds remaining.,|,False,0,[],|,True,3,"['1 pitch: 28.0 seconds', '2 pitch: 25.0 seconds', '3 pitch: 8.0 seconds']",|,False,Counting yawns... 3.0 seconds remaining.,[]
2025-07-01 01:42:22,False,0,[],|,False,0,[],|,True,19,|,False,0,[],|,False,Counting pitches...,[],|,False,Counting yawns... 1.0 seconds remaining.,[]
2025-07-01 01:42:23,False,0,[],|,False,0,[],|,False,Counting flickers... 59.0 seconds remaining.,|,False,0,[],|,False,Counting pitches...,[],|,True,0,[]
2025-07-01 01:42:46,False,0,[],|,False,0,[],|,False,Counting flickers... 36.0 seconds remaining.,|,False,0,[],|,True,4,"['1 pitch: 28.0 seconds', '2 pitch: 25.0 seconds', '3 pitch: 8.0 seconds', '4 pitch: 3.0 seconds']",|,False,Counting yawns... 157.0 seconds remaining.,[]
2025-07-01 01:42:58,False,0,[],|,False,0,[],|,False,0,|,True,5,"['1 micro sleep: 6.0 seconds', '2 micro sleep: 6.0 seconds', '3 micro sleep: 2.0 seconds', '4 micro sleep: 2.0 seconds', '5 micro sleep: 11.0 seconds']",|,False,Counting pitches...,[],|,False,Counting yawns... 146.0 seconds remaining.,[]
2025-07-01 01:43:01,False,0,[],|,False,0,[],|,False,Counting flickers... 22.0 seconds remaining.,|,False,0,[],|,True,5,"['1 pitch: 28.0 seconds', '2 pitch: 25.0 seconds', '3 pitch: 8.0 seconds', '4 pitch: 3.0 seconds', '5 pitch: 13.0 seconds']",|,False,Counting yawns... 143.0 seconds remaining.,[]
2025-07-01 01:43:14,False,0,[],|,False,0,[],|,False,Counting flickers... 8.0 seconds remaining.,|,False,0,[],|,True,6,"['1 pitch: 28.0 seconds', '2 pitch: 25.0 seconds', '3 pitch: 8.0 seconds', '4 pitch: 3.0 seconds', '5 pitch: 13.0 seconds', '6 pitch: 7.0 seconds']",|,False,Counting yawns... 129.0 seconds remaining.,[]
2025-07-01 01:43:21,False,0,[],|,False,0,[],|,False,Counting flickers... 2.0 seconds remaining.,|,False,0,[],|,True,7,"['1 pitch: 28.0 seconds', '2 pitch: 25.0 seconds', '3 pitch: 8.0 seconds', '4 pitch: 3.0 seconds', '5 pitch: 13.0 seconds', '6 pitch: 7.0 seconds', '7 pitch: 4.0 seconds']",|,False,Counting yawns... 122.0 seconds remaining.,[]
2025-07-01 01:43:22,False,0,[],|,False,0,[],|,True,14,|,False,0,[],|,False,Counting pitches...,[],|,False,Counting yawns... 121.0 seconds remaining.,[]
2025-07-01 01:43:33,False,0,[],|,False,0,[],|,False,0,|,True,6,"['1 micro sleep: 6.0 seconds', '2 micro sleep: 6.0 seconds', '3 micro sleep: 2.0 seconds', '4 micro sleep: 2.0 seconds', '5 micro sleep: 11.0 seconds', '6 micro sleep: 2.0 seconds']",|,False,Counting pitches...,[],|,False,Counting yawns... 110.0 seconds remaining.,[]
2025-07-01 01:43:33,False,0,[],|,False,0,[],|,False,Counting flickers... 49.0 seconds remaining.,|,False,0,[],|,True,8,"['1 pitch: 28.0 seconds', '2 pitch: 25.0 seconds', '3 pitch: 8.0 seconds', '4 pitch: 3.0 seconds', '5 pitch: 13.0 seconds', '6 pitch: 7.0 seconds', '7 pitch: 4.0 seconds', '8 pitch: 7.0 seconds']",|,False,Counting yawns... 110.0 seconds remaining.,[]
2025-07-01 01:43:37,False,0,[],|,False,0,[],|,False,0,|,True,7,"['1 micro sleep: 6.0 seconds', '2 micro sleep: 6.0 seconds', '3 micro sleep: 2.0 seconds', '4 micro sleep: 2.0 seconds', '5 micro sleep: 11.0 seconds', '6 micro sleep: 2.0 seconds', '7 micro sleep: 3.0 seconds']",|,False,Counting pitches...,[],|,False,Counting yawns... 106.0 seconds remaining.,[]
2025-07-01 01:43:40,False,0,[],|,False,0,[],|,False,0,|,True,8,"['1 micro sleep: 6.0 seconds', '2 micro sleep: 6.0 seconds', '3 micro sleep: 2.0 seconds', '4 micro sleep: 2.0 seconds', '5 micro sleep: 11.0 seconds', '6 micro sleep: 2.0 seconds', '7 micro sleep: 3.0 seconds', '8 micro sleep: 2.0 seconds']",|,False,Counting pitches...,[],|,False,Counting yawns... 103.0 seconds remaining.,[]
2025-07-01 01:43:45,False,0,[],|,False,0,[],|,False,0,|,True,9,"['1 micro sleep: 6.0 seconds', '2 micro sleep: 6.0 seconds', '3 micro sleep: 2.0 seconds', '4 micro sleep: 2.0 seconds', '5 micro sleep: 11.0 seconds', '6 micro sleep: 2.0 seconds', '7 micro sleep: 3.0 seconds', '8 micro sleep: 2.0 seconds', '9 micro sleep: 2.0 seconds']",|,False,Counting pitches...,[],|,False,Counting yawns... 98.0 seconds remaining.,[]
2025-07-01 01:43:48,False,0,[],|,False,0,[],|,False,Counting flickers... 33.0 seconds remaining.,|,False,0,[],|,True,9,"['1 pitch: 28.0 seconds', '2 pitch: 25.0 seconds', '3 pitch: 8.0 seconds', '4 pitch: 3.0 seconds', '5 pitch: 13.0 seconds', '6 pitch: 7.0 seconds', '7 pitch: 4.0 seconds', '8 pitch: 7.0 seconds', '9 pitch: 10.0 seconds']",|,False,Counting yawns... 95.0 seconds remaining.,[]
2025-07-01 01:43:53,False,0,[],|,False,0,[],|,False,Counting flickers... 29.0 seconds remaining.,|,False,0,[],|,True,10,"['1 pitch: 28.0 seconds', '2 pitch: 25.0 seconds', '3 pitch: 8.0 seconds', '4 pitch: 3.0 seconds', '5 pitch: 13.0 seconds', '6 pitch: 7.0 seconds', '7 pitch: 4.0 seconds', '8 pitch: 7.0 seconds', '9 pitch: 10.0 seconds', '10 pitch: 4.0 seconds']",|,False,Counting yawns... 90.0 seconds remaining.,[]
2025-07-01 01:43:59,False,0,[],|,False,0,[],|,False,0,|,True,10,"['1 micro sleep: 6.0 seconds', '2 micro sleep: 6.0 seconds', '3 micro sleep: 2.0 seconds', '4 micro sleep: 2.0 seconds', '5 micro sleep: 11.0 seconds', '6 micro sleep: 2.0 seconds', '7 micro sleep: 3.0 seconds', '8 micro sleep: 2.0 seconds', '9 micro sleep: 2.0 seconds', '10 micro sleep: 3.0 seconds']",|,False,Counting pitches...,[],|,False,Counting yawns... 84.0 seconds remaining.,[]
2025-07-01 01:44:03,False,0,[],|,False,0,[],|,False,0,|,True,11,"['1 micro sleep: 6.0 seconds', '2 micro sleep: 6.0 seconds', '3 micro sleep: 2.0 seconds', '4 micro sleep: 2.0 seconds', '5 micro sleep: 11.0 seconds', '6 micro sleep: 2.0 seconds', '7 micro sleep: 3.0 seconds', '8 micro sleep: 2.0 seconds', '9 micro sleep: 2.0 seconds', '10 micro sleep: 3.0 seconds', '11 micro sleep: 2.0 seconds']",|,False,Counting pitches...,[],|,False,Counting yawns... 80.0 seconds remaining.,[]
2025-07-01 01:44:09,False,0,[],|,False,0,[],|,False,Counting flickers... 12.0 seconds remaining.,|,False,0,[],|,True,11,"['1 pitch: 28.0 seconds', '2 pitch: 25.0 seconds', '3 pitch: 8.0 seconds', '4 pitch: 3.0 seconds', '5 pitch: 13.0 seconds', '6 pitch: 7.0 seconds', '7 pitch: 4.0 seconds', '8 pitch: 7.0 seconds', '9 pitch: 10.0 seconds', '10 pitch: 4.0 seconds', '11 pitch: 3.0 seconds']",|,False,Counting yawns... 74.0 seconds remaining.,[]
2025-07-01 01:44:12,False,0,[],|,False,0,[],|,False,0,|,True,12,"['1 micro sleep: 6.0 seconds', '2 micro sleep: 6.0 seconds', '3 micro sleep: 2.0 seconds', '4 micro sleep: 2.0 seconds', '5 micro sleep: 11.0 seconds', '6 micro sleep: 2.0 seconds', '7 micro sleep: 3.0 seconds', '8 micro sleep: 2.0 seconds', '9 micro sleep: 2.0 seconds', '10 micro sleep: 3.0 seconds', '11 micro sleep: 2.0 seconds', '12 micro sleep: 3.0 seconds']",|,False,Counting pitches...,[],|,False,Counting yawns... 71.0 seconds remaining.,[]
2025-07-01 01:44:13,False,0,[],|,False,0,[],|,False,Counting flickers... 8.0 seconds remaining.,|,False,0,[],|,True,12,"['1 pitch: 28.0 seconds', '2 pitch: 25.0 seconds', '3 pitch: 8.0 seconds', '4 pitch: 3.0 seconds', '5 pitch: 13.0 seconds', '6 pitch: 7.0 seconds', '7 pitch: 4.0 seconds', '8 pitch: 7.0 seconds', '9 pitch: 10.0 seconds', '10 pitch: 4.0 seconds', '11 pitch: 3.0 seconds', '12 pitch: 3.0 seconds']",|,False,Counting yawns... 70.0 seconds remaining.,[]
2025-07-01 01:44:16,False,0,[],|,False,0,[],|,False,0,|,True,13,"['1 micro sleep: 6.0 seconds', '2 micro sleep: 6.0 seconds', '3 micro sleep: 2.0 seconds', '4 micro sleep: 2.0 seconds', '5 micro sleep: 11.0 seconds', '6 micro sleep: 2.0 seconds', '7 micro sleep: 3.0 seconds', '8 micro sleep: 2.0 seconds', '9 micro sleep: 2.0 seconds', '10 micro sleep: 3.0 seconds', '11 micro sleep: 2.0 seconds', '12 micro sleep: 3.0 seconds', '13 micro sleep: 2.0 seconds']",|,False,Counting pitches...,[],|,False,Counting yawns... 67.0 seconds remaining.,[]
2025-07-01 01:44:21,False,0,[],|,False,0,[],|,True,23,|,False,0,[],|,False,Counting pitches...,[],|,False,Counting yawns... 62.0 seconds remaining.,[]
2025-07-01 01:44:23,True,0,[],|,True,0,[],|,False,Counting flickers... 58.0 seconds remaining.,|,False,0,[],|,False,Counting pitches...,[],|,False,Counting yawns... 60.0 seconds remaining.,[]
2025-07-01 01:44:42,False,0,[],|,False,0,[],|,False,Counting flickers... 39.0 seconds remaining.,|,False,0,[],|,True,13,"['1 pitch: 28.0 seconds', '2 pitch: 25.0 seconds', '3 pitch: 8.0 seconds', '4 pitch: 3.0 seconds', '5 pitch: 13.0 seconds', '6 pitch: 7.0 seconds', '7 pitch: 4.0 seconds', '8 pitch: 7.0 seconds', '9 pitch: 10.0 seconds', '10 pitch: 4.0 seconds', '11 pitch: 3.0 seconds', '12 pitch: 3.0 seconds', '13 pitch: 6.0 seconds']",|,False,Counting yawns... 41.0 seconds remaining.,[]
2025-07-01 01:44:52,False,0,[],|,False,0,[],|,False,Counting flickers... 29.0 seconds remaining.,|,False,0,[],|,True,14,"['1 pitch: 28.0 seconds', '2 pitch: 25.0 seconds', '3 pitch: 8.0 seconds', '4 pitch: 3.0 seconds', '5 pitch: 13.0 seconds', '6 pitch: 7.0 seconds', '7 pitch: 4.0 seconds', '8 pitch: 7.0 seconds', '9 pitch: 10.0 seconds', '10 pitch: 4.0 seconds', '11 pitch: 3.0 seconds', '12 pitch: 3.0 seconds', '13 pitch: 6.0 seconds', '14 pitch: 9.0 seconds']",|,False,Counting yawns... 31.0 seconds remaining.,[]
2025-07-01 01:47:32,False,0,[],|,False,0,[],|,True,8,|,False,0,[],|,True,15,"['1 pitch: 28.0 seconds', '2 pitch: 25.0 seconds', '3 pitch: 8.0 seconds', '4 pitch: 3.0 seconds', '5 pitch: 13.0 seconds', '6 pitch: 7.0 seconds', '7 pitch: 4.0 seconds', '8 pitch: 7.0 seconds', '9 pitch: 10.0 seconds', '10 pitch: 4.0 seconds', '11 pitch: 3.0 seconds', '12 pitch: 3.0 seconds', '13 pitch: 6.0 seconds', '14 pitch: 9.0 seconds', '15 pitch: 146.0 seconds']",|,True,0,[]
2025-07-01 01:47:38,False,0,[],|,False,0,[],|,False,Counting flickers... 53.0 seconds remaining.,|,False,0,[],|,True,16,"['1 pitch: 28.0 seconds', '2 pitch: 25.0 seconds', '3 pitch: 8.0 seconds', '4 pitch: 3.0 seconds', '5 pitch: 13.0 seconds', '6 pitch: 7.0 seconds', '7 pitch: 4.0 seconds', '8 pitch: 7.0 seconds', '9 pitch: 10.0 seconds', '10 pitch: 4.0 seconds', '11 pitch: 3.0 seconds', '12 pitch: 3.0 seconds', '13 pitch: 6.0 seconds', '14 pitch: 9.0 seconds', '15 pitch: 146.0 seconds', '16 pitch: 4.0 seconds']",|,False,Counting yawns... 173.0 seconds remaining.,[]
2025-07-01 01:47:39,False,0,[],|,False,0,[],|,False,0,|,True,14,"['1 micro sleep: 6.0 seconds', '2 micro sleep: 6.0 seconds', '3 micro sleep: 2.0 seconds', '4 micro sleep: 2.0 seconds', '5 micro sleep: 11.0 seconds', '6 micro sleep: 2.0 seconds', '7 micro sleep: 3.0 seconds', '8 micro sleep: 2.0 seconds', '9 micro sleep: 2.0 seconds', '10 micro sleep: 3.0 seconds', '11 micro sleep: 2.0 seconds', '12 micro sleep: 3.0 seconds', '13 micro sleep: 2.0 seconds', '14 micro sleep: 3.0 seconds']",|,False,Counting pitches...,[],|,False,Counting yawns... 173.0 seconds remaining.,[]
2025-07-01 01:48:09,False,0,[],|,False,0,[],|,False,0,|,True,15,"['1 micro sleep: 6.0 seconds', '2 micro sleep: 6.0 seconds', '3 micro sleep: 2.0 seconds', '4 micro sleep: 2.0 seconds', '5 micro sleep: 11.0 seconds', '6 micro sleep: 2.0 seconds', '7 micro sleep: 3.0 seconds', '8 micro sleep: 2.0 seconds', '9 micro sleep: 2.0 seconds', '10 micro sleep: 3.0 seconds', '11 micro sleep: 2.0 seconds', '12 micro sleep: 3.0 seconds', '13 micro sleep: 2.0 seconds', '14 micro sleep: 3.0 seconds', '15 micro sleep: 3.0 seconds']",|,False,Counting pitches...,[],|,False,Counting yawns... 143.0 seconds remaining.,[]
2025-07-01 01:48:31,False,0,[],|,False,0,[],|,True,18,|,False,0,[],|,False,Counting pitches...,[],|,False,Counting yawns... 120.0 seconds remaining.,[]
2025-07-01 01:48:33,False,0,[],|,False,0,[],|,False,Counting flickers... 58.0 seconds remaining.,|,False,0,[],|,True,17,"['1 pitch: 28.0 seconds', '2 pitch: 25.0 seconds', '3 pitch: 8.0 seconds', '4 pitch: 3.0 seconds', '5 pitch: 13.0 seconds', '6 pitch: 7.0 seconds', '7 pitch: 4.0 seconds', '8 pitch: 7.0 seconds', '9 pitch: 10.0 seconds', '10 pitch: 4.0 seconds', '11 pitch: 3.0 seconds', '12 pitch: 3.0 seconds', '13 pitch: 6.0 seconds', '14 pitch: 9.0 seconds', '15 pitch: 146.0 seconds', '16 pitch: 4.0 seconds', '17 pitch: 5.0 seconds']",|,False,Counting yawns... 119.0 seconds remaining.,[]
2025-07-01 01:48:46,False,0,[],|,False,0,[],|,False,Counting flickers... 45.0 seconds remaining.,|,False,0,[],|,True,18,"['1 pitch: 28.0 seconds', '2 pitch: 25.0 seconds', '3 pitch: 8.0 seconds', '4 pitch: 3.0 seconds', '5 pitch: 13.0 seconds', '6 pitch: 7.0 seconds', '7 pitch: 4.0 seconds', '8 pitch: 7.0 seconds', '9 pitch: 10.0 seconds', '10 pitch: 4.0 seconds', '11 pitch: 3.0 seconds', '12 pitch: 3.0 seconds', '13 pitch: 6.0 seconds', '14 pitch: 9.0 seconds', '15 pitch: 146.0 seconds', '16 pitch: 4.0 seconds', '17 pitch: 5.0 seconds', '18 pitch: 3.0 seconds']",|,False,Counting yawns... 105.0 seconds remaining.,[]
2025-07-01 01:49:01,False,0,[],|,False,0,[],|,False,Counting flickers... 31.0 seconds remaining.,|,False,0,[],|,True,19,"['1 pitch: 28.0 seconds', '2 pitch: 25.0 seconds', '3 pitch: 8.0 seconds', '4 pitch: 3.0 seconds', '5 pitch: 13.0 seconds', '6 pitch: 7.0 seconds', '7 pitch: 4.0 seconds', '8 pitch: 7.0 seconds', '9 pitch: 10.0 seconds', '10 pitch: 4.0 seconds', '11 pitch: 3.0 seconds', '12 pitch: 3.0 seconds', '13 pitch: 6.0 seconds', '14 pitch: 9.0 seconds', '15 pitch: 146.0 seconds', '16 pitch: 4.0 seconds', '17 pitch: 5.0 seconds', '18 pitch: 3.0 seconds', '19 pitch: 5.0 seconds']",|,False,Counting yawns... 91.0 seconds remaining.,[]
2025-07-01 01:49:11,False,0,[],|,False,0,[],|,False,Counting flickers... 20.0 seconds remaining.,|,False,0,[],|,True,20,"['1 pitch: 28.0 seconds', '2 pitch: 25.0 seconds', '3 pitch: 8.0 seconds', '4 pitch: 3.0 seconds', '5 pitch: 13.0 seconds', '6 pitch: 7.0 seconds', '7 pitch: 4.0 seconds', '8 pitch: 7.0 seconds', '9 pitch: 10.0 seconds', '10 pitch: 4.0 seconds', '11 pitch: 3.0 seconds', '12 pitch: 3.0 seconds', '13 pitch: 6.0 seconds', '14 pitch: 9.0 seconds', '15 pitch: 146.0 seconds', '16 pitch: 4.0 seconds', '17 pitch: 5.0 seconds', '18 pitch: 3.0 seconds', '19 pitch: 5.0 seconds', '20 pitch: 5.0 seconds']",|,False,Counting yawns... 80.0 seconds remaining.,[]
2025-07-01 01:49:21,False,0,[],|,False,0,[],|,False,0,|,True,16,"['1 micro sleep: 6.0 seconds', '2 micro sleep: 6.0 seconds', '3 micro sleep: 2.0 seconds', '4 micro sleep: 2.0 seconds', '5 micro sleep: 11.0 seconds', '6 micro sleep: 2.0 seconds', '7 micro sleep: 3.0 seconds', '8 micro sleep: 2.0 seconds', '9 micro sleep: 2.0 seconds', '10 micro sleep: 3.0 seconds', '11 micro sleep: 2.0 seconds', '12 micro sleep: 3.0 seconds', '13 micro sleep: 2.0 seconds', '14 micro sleep: 3.0 seconds', '15 micro sleep: 3.0 seconds', '16 micro sleep: 3.0 seconds']",|,False,Counting pitches...,[],|,False,Counting yawns... 70.0 seconds remaining.,[]
2025-07-01 01:49:22,False,0,[],|,False,0,[],|,False,Counting flickers... 9.0 seconds remaining.,|,False,0,[],|,True,21,"['1 pitch: 28.0 seconds', '2 pitch: 25.0 seconds', '3 pitch: 8.0 seconds', '4 pitch: 3.0 seconds', '5 pitch: 13.0 seconds', '6 pitch: 7.0 seconds', '7 pitch: 4.0 seconds', '8 pitch: 7.0 seconds', '9 pitch: 10.0 seconds', '10 pitch: 4.0 seconds', '11 pitch: 3.0 seconds', '12 pitch: 3.0 seconds', '13 pitch: 6.0 seconds', '14 pitch: 9.0 seconds', '15 pitch: 146.0 seconds', '16 pitch: 4.0 seconds', '17 pitch: 5.0 seconds', '18 pitch: 3.0 seconds', '19 pitch: 5.0 seconds', '20 pitch: 5.0 seconds', '21 pitch: 6.0 seconds']",|,False,Counting yawns... 70.0 seconds remaining.,[]
2025-07-01 01:49:23,True,0,[],|,True,0,[],|,False,Counting flickers... 9.0 seconds remaining.,|,False,0,[],|,False,Counting pitches...,[],|,False,Counting yawns... 69.0 seconds remaining.,[]
2025-07-01 01:49:26,False,0,[],|,False,0,[],|,False,Counting flickers... 5.0 seconds remaining.,|,False,0,[],|,True,22,"['1 pitch: 28.0 seconds', '2 pitch: 25.0 seconds', '3 pitch: 8.0 seconds', '4 pitch: 3.0 seconds', '5 pitch: 13.0 seconds', '6 pitch: 7.0 seconds', '7 pitch: 4.0 seconds', '8 pitch: 7.0 seconds', '9 pitch: 10.0 seconds', '10 pitch: 4.0 seconds', '11 pitch: 3.0 seconds', '12 pitch: 3.0 seconds', '13 pitch: 6.0 seconds', '14 pitch: 9.0 seconds', '15 pitch: 146.0 seconds', '16 pitch: 4.0 seconds', '17 pitch: 5.0 seconds', '18 pitch: 3.0 seconds', '19 pitch: 5.0 seconds', '20 pitch: 5.0 seconds', '21 pitch: 6.0 seconds', '22 pitch: 3.0 seconds']",|,False,Counting yawns... 65.0 seconds remaining.,[]
2025-07-01 01:49:31,False,0,[],|,False,0,[],|,True,37,|,False,0,[],|,False,Counting pitches...,[],|,False,Counting yawns... 61.0 seconds remaining.,[]
2025-07-01 01:49:35,False,0,[],|,False,0,[],|,False,0,|,True,17,"['1 micro sleep: 6.0 seconds', '2 micro sleep: 6.0 seconds', '3 micro sleep: 2.0 seconds', '4 micro sleep: 2.0 seconds', '5 micro sleep: 11.0 seconds', '6 micro sleep: 2.0 seconds', '7 micro sleep: 3.0 seconds', '8 micro sleep: 2.0 seconds', '9 micro sleep: 2.0 seconds', '10 micro sleep: 3.0 seconds', '11 micro sleep: 2.0 seconds', '12 micro sleep: 3.0 seconds', '13 micro sleep: 2.0 seconds', '14 micro sleep: 3.0 seconds', '15 micro sleep: 3.0 seconds', '16 micro sleep: 3.0 seconds', '17 micro sleep: 3.0 seconds']",|,False,Counting pitches...,[],|,False,Counting yawns... 57.0 seconds remaining.,[]
2025-07-01 01:49:37,False,0,[],|,False,0,[],|,False,Counting flickers... 54.0 seconds remaining.,|,False,0,[],|,True,23,"['1 pitch: 28.0 seconds', '2 pitch: 25.0 seconds', '3 pitch: 8.0 seconds', '4 pitch: 3.0 seconds', '5 pitch: 13.0 seconds', '6 pitch: 7.0 seconds', '7 pitch: 4.0 seconds', '8 pitch: 7.0 seconds', '9 pitch: 10.0 seconds', '10 pitch: 4.0 seconds', '11 pitch: 3.0 seconds', '12 pitch: 3.0 seconds', '13 pitch: 6.0 seconds', '14 pitch: 9.0 seconds', '15 pitch: 146.0 seconds', '16 pitch: 4.0 seconds', '17 pitch: 5.0 seconds', '18 pitch: 3.0 seconds', '19 pitch: 5.0 seconds', '20 pitch: 5.0 seconds', '21 pitch: 6.0 seconds', '22 pitch: 3.0 seconds', '23 pitch: 4.0 seconds']",|,False,Counting yawns... 55.0 seconds remaining.,[]
2025-07-01 01:50:35,False,0,[],|,False,0,[],|,False,0,|,True,1,['1 micro sleep: 6.0 seconds'],|,False,Counting pitches...,[],|,False,Counting yawns... 165.0 seconds remaining.,[]
2025-07-01 01:50:57,False,0,[],|,False,0,[],|,False,Counting flickers... 23.0 seconds remaining.,|,False,0,[],|,True,1,['1 pitch: 9.0 seconds'],|,False,Counting yawns... 143.0 seconds remaining.,[]
2025-07-01 01:51:09,False,0,[],|,False,0,[],|,False,0,|,True,2,"['1 micro sleep: 6.0 seconds', '2 micro sleep: 22.0 seconds']",|,False,Counting pitches...,[],|,False,Counting yawns... 130.0 seconds remaining.,[]
2025-07-01 01:51:14,False,0,[],|,False,0,[],|,False,Counting flickers... 6.0 seconds remaining.,|,False,0,[],|,True,2,"['1 pitch: 9.0 seconds', '2 pitch: 4.0 seconds']",|,False,Counting yawns... 126.0 seconds remaining.,[]
2025-07-01 01:51:19,False,0,[],|,False,0,[],|,True,9,|,False,0,[],|,False,Counting pitches...,[],|,False,Counting yawns... 120.0 seconds remaining.,[]
2025-07-01 01:52:09,False,0,[],|,False,0,[],|,False,Counting flickers... 10.0 seconds remaining.,|,False,0,[],|,True,3,"['1 pitch: 9.0 seconds', '2 pitch: 4.0 seconds', '3 pitch: 5.0 seconds']",|,False,Counting yawns... 71.0 seconds remaining.,[]
2025-07-01 01:52:19,False,0,[],|,False,0,[],|,True,26,|,False,0,[],|,False,Counting pitches...,[],|,False,Counting yawns... 61.0 seconds remaining.,[]
2025-07-01 01:52:27,False,0,[],|,False,0,[],|,False,Counting flickers... 52.0 seconds remaining.,|,False,0,[],|,True,4,"['1 pitch: 9.0 seconds', '2 pitch: 4.0 seconds', '3 pitch: 5.0 seconds', '4 pitch: 16.0 seconds']",|,False,Counting yawns... 53.0 seconds remaining.,[]
2025-07-01 01:52:27,False,0,[],|,False,0,[],|,False,0,|,True,3,"['1 micro sleep: 6.0 seconds', '2 micro sleep: 22.0 seconds', '3 micro sleep: 5.0 seconds']",|,False,Counting pitches...,[],|,False,Counting yawns... 52.0 seconds remaining.,[]
2025-07-01 01:52:31,False,0,[],|,False,0,[],|,False,0,|,True,4,"['1 micro sleep: 6.0 seconds', '2 micro sleep: 22.0 seconds', '3 micro sleep: 5.0 seconds', '4 micro sleep: 3.0 seconds']",|,False,Counting pitches...,[],|,False,Counting yawns... 49.0 seconds remaining.,[]
2025-07-01 01:52:35,False,0,[],|,False,0,[],|,False,0,|,True,5,"['1 micro sleep: 6.0 seconds', '2 micro sleep: 22.0 seconds', '3 micro sleep: 5.0 seconds', '4 micro sleep: 3.0 seconds', '5 micro sleep: 3.0 seconds']",|,False,Counting pitches...,[],|,False,Counting yawns... 44.0 seconds remaining.,[]
2025-07-01 01:52:40,False,0,[],|,False,0,[],|,False,Counting flickers... 39.0 seconds remaining.,|,False,0,[],|,True,5,"['1 pitch: 9.0 seconds', '2 pitch: 4.0 seconds', '3 pitch: 5.0 seconds', '4 pitch: 16.0 seconds', '5 pitch: 6.0 seconds']",|,False,Counting yawns... 40.0 seconds remaining.,[]
2025-07-01 01:52:43,False,0,[],|,False,0,[],|,False,0,|,True,6,"['1 micro sleep: 6.0 seconds', '2 micro sleep: 22.0 seconds', '3 micro sleep: 5.0 seconds', '4 micro sleep: 3.0 seconds', '5 micro sleep: 3.0 seconds', '6 micro sleep: 2.0 seconds']",|,False,Counting pitches...,[],|,False,Counting yawns... 37.0 seconds remaining.,[]
2025-07-01 01:52:45,False,0,[],|,False,0,[],|,False,0,|,True,7,"['1 micro sleep: 6.0 seconds', '2 micro sleep: 22.0 seconds', '3 micro sleep: 5.0 seconds', '4 micro sleep: 3.0 seconds', '5 micro sleep: 3.0 seconds', '6 micro sleep: 2.0 seconds', '7 micro sleep: 2.0 seconds']",|,False,Counting pitches...,[],|,False,Counting yawns... 35.0 seconds remaining.,[]
2025-07-01 01:52:54,False,0,[],|,False,0,[],|,False,0,|,True,8,"['1 micro sleep: 6.0 seconds', '2 micro sleep: 22.0 seconds', '3 micro sleep: 5.0 seconds', '4 micro sleep: 3.0 seconds', '5 micro sleep: 3.0 seconds', '6 micro sleep: 2.0 seconds', '7 micro sleep: 2.0 seconds', '8 micro sleep: 2.0 seconds']",|,False,Counting pitches...,[],|,False,Counting yawns... 26.0 seconds remaining.,[]
2025-07-01 01:52:57,False,0,[],|,False,0,[],|,False,Counting flickers... 21.0 seconds remaining.,|,False,0,[],|,True,6,"['1 pitch: 9.0 seconds', '2 pitch: 4.0 seconds', '3 pitch: 5.0 seconds', '4 pitch: 16.0 seconds', '5 pitch: 6.0 seconds', '6 pitch: 8.0 seconds']",|,False,Counting yawns... 22.0 seconds remaining.,[]
2025-07-01 01:53:04,False,0,[],|,False,0,[],|,False,0,|,True,9,"['1 micro sleep: 6.0 seconds', '2 micro sleep: 22.0 seconds', '3 micro sleep: 5.0 seconds', '4 micro sleep: 3.0 seconds', '5 micro sleep: 3.0 seconds', '6 micro sleep: 2.0 seconds', '7 micro sleep: 2.0 seconds', '8 micro sleep: 2.0 seconds', '9 micro sleep: 2.0 seconds']",|,False,Counting pitches...,[],|,False,Counting yawns... 16.0 seconds remaining.,[]
2025-07-01 01:53:08,False,0,[],|,False,0,[],|,False,0,|,True,10,"['1 micro sleep: 6.0 seconds', '2 micro sleep: 22.0 seconds', '3 micro sleep: 5.0 seconds', '4 micro sleep: 3.0 seconds', '5 micro sleep: 3.0 seconds', '6 micro sleep: 2.0 seconds', '7 micro sleep: 2.0 seconds', '8 micro sleep: 2.0 seconds', '9 micro sleep: 2.0 seconds', '10 micro sleep: 3.0 seconds']",|,False,Counting pitches...,[],|,False,Counting yawns... 12.0 seconds remaining.,[]
2025-07-01 01:53:10,False,0,[],|,False,0,[],|,False,0,|,True,11,"['1 micro sleep: 6.0 seconds', '2 micro sleep: 22.0 seconds', '3 micro sleep: 5.0 seconds', '4 micro sleep: 3.0 seconds', '5 micro sleep: 3.0 seconds', '6 micro sleep: 2.0 seconds', '7 micro sleep: 2.0 seconds', '8 micro sleep: 2.0 seconds', '9 micro sleep: 2.0 seconds', '10 micro sleep: 3.0 seconds', '11 micro sleep: 2.0 seconds']",|,False,Counting pitches...,[],|,False,Counting yawns... 9.0 seconds remaining.,[]
2025-07-01 01:53:16,False,0,[],|,False,0,[],|,False,Counting flickers... 3.0 seconds remaining.,|,False,0,[],|,True,7,"['1 pitch: 9.0 seconds', '2 pitch: 4.0 seconds', '3 pitch: 5.0 seconds', '4 pitch: 16.0 seconds', '5 pitch: 6.0 seconds', '6 pitch: 8.0 seconds', '7 pitch: 13.0 seconds']",|,False,Counting yawns... 4.0 seconds remaining.,[]
2025-07-01 01:53:18,False,0,[],|,False,0,[],|,True,31,|,False,0,[],|,False,Counting pitches...,[],|,False,Counting yawns... 1.0 seconds remaining.,[]
2025-07-01 01:53:19,False,0,[],|,False,0,[],|,False,Counting flickers... 59.0 seconds remaining.,|,False,0,[],|,False,Counting pitches...,[],|,True,0,[]
2025-07-01 01:53:21,False,0,[],|,False,0,[],|,False,0,|,True,12,"['1 micro sleep: 6.0 seconds', '2 micro sleep: 22.0 seconds', '3 micro sleep: 5.0 seconds', '4 micro sleep: 3.0 seconds', '5 micro sleep: 3.0 seconds', '6 micro sleep: 2.0 seconds', '7 micro sleep: 2.0 seconds', '8 micro sleep: 2.0 seconds', '9 micro sleep: 2.0 seconds', '10 micro sleep: 3.0 seconds', '11 micro sleep: 2.0 seconds', '12 micro sleep: 2.0 seconds']",|,False,Counting pitches...,[],|,False,Counting yawns... 179.0 seconds remaining.,[]
2025-07-01 01:53:34,False,0,[],|,False,0,[],|,False,0,|,True,13,"['1 micro sleep: 6.0 seconds', '2 micro sleep: 22.0 seconds', '3 micro sleep: 5.0 seconds', '4 micro sleep: 3.0 seconds', '5 micro sleep: 3.0 seconds', '6 micro sleep: 2.0 seconds', '7 micro sleep: 2.0 seconds', '8 micro sleep: 2.0 seconds', '9 micro sleep: 2.0 seconds', '10 micro sleep: 3.0 seconds', '11 micro sleep: 2.0 seconds', '12 micro sleep: 2.0 seconds', '13 micro sleep: 2.0 seconds']",|,False,Counting pitches...,[],|,False,Counting yawns... 166.0 seconds remaining.,[]
2025-07-01 01:53:39,False,0,[],|,False,0,[],|,False,0,|,True,14,"['1 micro sleep: 6.0 seconds', '2 micro sleep: 22.0 seconds', '3 micro sleep: 5.0 seconds', '4 micro sleep: 3.0 seconds', '5 micro sleep: 3.0 seconds', '6 micro sleep: 2.0 seconds', '7 micro sleep: 2.0 seconds', '8 micro sleep: 2.0 seconds', '9 micro sleep: 2.0 seconds', '10 micro sleep: 3.0 seconds', '11 micro sleep: 2.0 seconds', '12 micro sleep: 2.0 seconds', '13 micro sleep: 2.0 seconds', '14 micro sleep: 2.0 seconds']",|,False,Counting pitches...,[],|,False,Counting yawns... 160.0 seconds remaining.,[]
2025-07-01 01:53:44,False,0,[],|,False,0,[],|,False,Counting flickers... 34.0 seconds remaining.,|,False,0,[],|,True,8,"['1 pitch: 9.0 seconds', '2 pitch: 4.0 seconds', '3 pitch: 5.0 seconds', '4 pitch: 16.0 seconds', '5 pitch: 6.0 seconds', '6 pitch: 8.0 seconds', '7 pitch: 13.0 seconds', '8 pitch: 6.0 seconds']",|,False,Counting yawns... 155.0 seconds remaining.,[]
2025-07-01 01:53:49,False,0,[],|,False,0,[],|,False,0,|,True,15,"['1 micro sleep: 6.0 seconds', '2 micro sleep: 22.0 seconds', '3 micro sleep: 5.0 seconds', '4 micro sleep: 3.0 seconds', '5 micro sleep: 3.0 seconds', '6 micro sleep: 2.0 seconds', '7 micro sleep: 2.0 seconds', '8 micro sleep: 2.0 seconds', '9 micro sleep: 2.0 seconds', '10 micro sleep: 3.0 seconds', '11 micro sleep: 2.0 seconds', '12 micro sleep: 2.0 seconds', '13 micro sleep: 2.0 seconds', '14 micro sleep: 2.0 seconds', '15 micro sleep: 4.0 seconds']",|,False,Counting pitches...,[],|,False,Counting yawns... 151.0 seconds remaining.,[]
2025-07-01 01:53:54,False,0,[],|,False,0,[],|,False,0,|,True,16,"['1 micro sleep: 6.0 seconds', '2 micro sleep: 22.0 seconds', '3 micro sleep: 5.0 seconds', '4 micro sleep: 3.0 seconds', '5 micro sleep: 3.0 seconds', '6 micro sleep: 2.0 seconds', '7 micro sleep: 2.0 seconds', '8 micro sleep: 2.0 seconds', '9 micro sleep: 2.0 seconds', '10 micro sleep: 3.0 seconds', '11 micro sleep: 2.0 seconds', '12 micro sleep: 2.0 seconds', '13 micro sleep: 2.0 seconds', '14 micro sleep: 2.0 seconds', '15 micro sleep: 4.0 seconds', '16 micro sleep: 3.0 seconds']",|,False,Counting pitches...,[],|,False,Counting yawns... 145.0 seconds remaining.,[]
2025-07-01 01:54:03,False,0,[],|,False,0,[],|,False,Counting flickers... 15.0 seconds remaining.,|,False,0,[],|,True,9,"['1 pitch: 9.0 seconds', '2 pitch: 4.0 seconds', '3 pitch: 5.0 seconds', '4 pitch: 16.0 seconds', '5 pitch: 6.0 seconds', '6 pitch: 8.0 seconds', '7 pitch: 13.0 seconds', '8 pitch: 6.0 seconds', '9 pitch: 10.0 seconds']",|,False,Counting yawns... 136.0 seconds remaining.,[]
2025-07-01 01:54:07,False,0,[],|,False,0,[],|,False,0,|,True,17,"['1 micro sleep: 6.0 seconds', '2 micro sleep: 22.0 seconds', '3 micro sleep: 5.0 seconds', '4 micro sleep: 3.0 seconds', '5 micro sleep: 3.0 seconds', '6 micro sleep: 2.0 seconds', '7 micro sleep: 2.0 seconds', '8 micro sleep: 2.0 seconds', '9 micro sleep: 2.0 seconds', '10 micro sleep: 3.0 seconds', '11 micro sleep: 2.0 seconds', '12 micro sleep: 2.0 seconds', '13 micro sleep: 2.0 seconds', '14 micro sleep: 2.0 seconds', '15 micro sleep: 4.0 seconds', '16 micro sleep: 3.0 seconds', '17 micro sleep: 3.0 seconds']",|,False,Counting pitches...,[],|,False,Counting yawns... 132.0 seconds remaining.,[]
2025-07-01 01:54:15,False,0,[],|,False,0,[],|,False,0,|,True,18,"['1 micro sleep: 6.0 seconds', '2 micro sleep: 22.0 seconds', '3 micro sleep: 5.0 seconds', '4 micro sleep: 3.0 seconds', '5 micro sleep: 3.0 seconds', '6 micro sleep: 2.0 seconds', '7 micro sleep: 2.0 seconds', '8 micro sleep: 2.0 seconds', '9 micro sleep: 2.0 seconds', '10 micro sleep: 3.0 seconds', '11 micro sleep: 2.0 seconds', '12 micro sleep: 2.0 seconds', '13 micro sleep: 2.0 seconds', '14 micro sleep: 2.0 seconds', '15 micro sleep: 4.0 seconds', '16 micro sleep: 3.0 seconds', '17 micro sleep: 3.0 seconds', '18 micro sleep: 2.0 seconds']",|,False,Counting pitches...,[],|,False,Counting yawns... 124.0 seconds remaining.,[]
2025-07-01 01:54:18,False,0,[],|,False,0,[],|,True,28,|,False,0,[],|,False,Counting pitches...,[],|,False,Counting yawns... 121.0 seconds remaining.,[]
2025-07-01 01:54:25,False,0,[],|,False,0,[],|,False,0,|,True,19,"['1 micro sleep: 6.0 seconds', '2 micro sleep: 22.0 seconds', '3 micro sleep: 5.0 seconds', '4 micro sleep: 3.0 seconds', '5 micro sleep: 3.0 seconds', '6 micro sleep: 2.0 seconds', '7 micro sleep: 2.0 seconds', '8 micro sleep: 2.0 seconds', '9 micro sleep: 2.0 seconds', '10 micro sleep: 3.0 seconds', '11 micro sleep: 2.0 seconds', '12 micro sleep: 2.0 seconds', '13 micro sleep: 2.0 seconds', '14 micro sleep: 2.0 seconds', '15 micro sleep: 4.0 seconds', '16 micro sleep: 3.0 seconds', '17 micro sleep: 3.0 seconds', '18 micro sleep: 2.0 seconds', '19 micro sleep: 2.0 seconds']",|,False,Counting pitches...,[],|,False,Counting yawns... 114.0 seconds remaining.,[]
2025-07-01 01:54:26,False,0,[],|,False,0,[],|,False,Counting flickers... 52.0 seconds remaining.,|,False,0,[],|,True,10,"['1 pitch: 9.0 seconds', '2 pitch: 4.0 seconds', '3 pitch: 5.0 seconds', '4 pitch: 16.0 seconds', '5 pitch: 6.0 seconds', '6 pitch: 8.0 seconds', '7 pitch: 13.0 seconds', '8 pitch: 6.0 seconds', '9 pitch: 10.0 seconds', '10 pitch: 3.0 seconds']",|,False,Counting yawns... 113.0 seconds remaining.,[]
2025-07-01 01:54:30,False,0,[],|,False,0,[],|,False,0,|,True,20,"['1 micro sleep: 6.0 seconds', '2 micro sleep: 22.0 seconds', '3 micro sleep: 5.0 seconds', '4 micro sleep: 3.0 seconds', '5 micro sleep: 3.0 seconds', '6 micro sleep: 2.0 seconds', '7 micro sleep: 2.0 seconds', '8 micro sleep: 2.0 seconds', '9 micro sleep: 2.0 seconds', '10 micro sleep: 3.0 seconds', '11 micro sleep: 2.0 seconds', '12 micro sleep: 2.0 seconds', '13 micro sleep: 2.0 seconds', '14 micro sleep: 2.0 seconds', '15 micro sleep: 4.0 seconds', '16 micro sleep: 3.0 seconds', '17 micro sleep: 3.0 seconds', '18 micro sleep: 2.0 seconds', '19 micro sleep: 2.0 seconds', '20 micro sleep: 3.0 seconds']",|,False,Counting pitches...,[],|,False,Counting yawns... 109.0 seconds remaining.,[]
2025-07-01 01:54:41,False,0,[],|,False,0,[],|,False,0,|,True,21,"['1 micro sleep: 6.0 seconds', '2 micro sleep: 22.0 seconds', '3 micro sleep: 5.0 seconds', '4 micro sleep: 3.0 seconds', '5 micro sleep: 3.0 seconds', '6 micro sleep: 2.0 seconds', '7 micro sleep: 2.0 seconds', '8 micro sleep: 2.0 seconds', '9 micro sleep: 2.0 seconds', '10 micro sleep: 3.0 seconds', '11 micro sleep: 2.0 seconds', '12 micro sleep: 2.0 seconds', '13 micro sleep: 2.0 seconds', '14 micro sleep: 2.0 seconds', '15 micro sleep: 4.0 seconds', '16 micro sleep: 3.0 seconds', '17 micro sleep: 3.0 seconds', '18 micro sleep: 2.0 seconds', '19 micro sleep: 2.0 seconds', '20 micro sleep: 3.0 seconds', '21 micro sleep: 9.0 seconds']",|,False,Counting pitches...,[],|,False,Counting yawns... 99.0 seconds remaining.,[]
2025-07-01 01:54:43,False,0,[],|,False,0,[],|,False,0,|,True,22,"['1 micro sleep: 6.0 seconds', '2 micro sleep: 22.0 seconds', '3 micro sleep: 5.0 seconds', '4 micro sleep: 3.0 seconds', '5 micro sleep: 3.0 seconds', '6 micro sleep: 2.0 seconds', '7 micro sleep: 2.0 seconds', '8 micro sleep: 2.0 seconds', '9 micro sleep: 2.0 seconds', '10 micro sleep: 3.0 seconds', '11 micro sleep: 2.0 seconds', '12 micro sleep: 2.0 seconds', '13 micro sleep: 2.0 seconds', '14 micro sleep: 2.0 seconds', '15 micro sleep: 4.0 seconds', '16 micro sleep: 3.0 seconds', '17 micro sleep: 3.0 seconds', '18 micro sleep: 2.0 seconds', '19 micro sleep: 2.0 seconds', '20 micro sleep: 3.0 seconds', '21 micro sleep: 9.0 seconds', '22 micro sleep: 2.0 seconds']",|,False,Counting pitches...,[],|,False,Counting yawns... 96.0 seconds remaining.,[]
2025-07-01 01:54:52,False,0,[],|,False,0,[],|,False,0,|,True,23,"['1 micro sleep: 6.0 seconds', '2 micro sleep: 22.0 seconds', '3 micro sleep: 5.0 seconds', '4 micro sleep: 3.0 seconds', '5 micro sleep: 3.0 seconds', '6 micro sleep: 2.0 seconds', '7 micro sleep: 2.0 seconds', '8 micro sleep: 2.0 seconds', '9 micro sleep: 2.0 seconds', '10 micro sleep: 3.0 seconds', '11 micro sleep: 2.0 seconds', '12 micro sleep: 2.0 seconds', '13 micro sleep: 2.0 seconds', '14 micro sleep: 2.0 seconds', '15 micro sleep: 4.0 seconds', '16 micro sleep: 3.0 seconds', '17 micro sleep: 3.0 seconds', '18 micro sleep: 2.0 seconds', '19 micro sleep: 2.0 seconds', '20 micro sleep: 3.0 seconds', '21 micro sleep: 9.0 seconds', '22 micro sleep: 2.0 seconds', '23 micro sleep: 2.0 seconds']",|,False,Counting pitches...,[],|,False,Counting yawns... 87.0 seconds remaining.,[]
2025-07-01 01:54:55,False,0,[],|,False,0,[],|,False,0,|,True,24,"['1 micro sleep: 6.0 seconds', '2 micro sleep: 22.0 seconds', '3 micro sleep: 5.0 seconds', '4 micro sleep: 3.0 seconds', '5 micro sleep: 3.0 seconds', '6 micro sleep: 2.0 seconds', '7 micro sleep: 2.0 seconds', '8 micro sleep: 2.0 seconds', '9 micro sleep: 2.0 seconds', '10 micro sleep: 3.0 seconds', '11 micro sleep: 2.0 seconds', '12 micro sleep: 2.0 seconds', '13 micro sleep: 2.0 seconds', '14 micro sleep: 2.0 seconds', '15 micro sleep: 4.0 seconds', '16 micro sleep: 3.0 seconds', '17 micro sleep: 3.0 seconds', '18 micro sleep: 2.0 seconds', '19 micro sleep: 2.0 seconds', '20 micro sleep: 3.0 seconds', '21 micro sleep: 9.0 seconds', '22 micro sleep: 2.0 seconds', '23 micro sleep: 2.0 seconds', '24 micro sleep: 3.0 seconds']",|,False,Counting pitches...,[],|,False,Counting yawns... 84.0 seconds remaining.,[]
2025-07-01 01:54:56,False,0,[],|,False,0,[],|,False,Counting flickers... 22.0 seconds remaining.,|,False,0,[],|,True,11,"['1 pitch: 9.0 seconds', '2 pitch: 4.0 seconds', '3 pitch: 5.0 seconds', '4 pitch: 16.0 seconds', '5 pitch: 6.0 seconds', '6 pitch: 8.0 seconds', '7 pitch: 13.0 seconds', '8 pitch: 6.0 seconds', '9 pitch: 10.0 seconds', '10 pitch: 3.0 seconds', '11 pitch: 5.0 seconds']",|,False,Counting yawns... 83.0 seconds remaining.,[]
2025-07-01 01:55:17,False,0,[],|,False,0,[],|,True,23,|,False,0,[],|,False,Counting pitches...,[],|,False,Counting yawns... 62.0 seconds remaining.,[]
2025-07-01 01:55:19,True,0,[],|,True,0,[],|,False,Counting flickers... 58.0 seconds remaining.,|,False,0,[],|,False,Counting pitches...,[],|,False,Counting yawns... 60.0 seconds remaining.,[]
2025-07-01 01:55:54,False,0,[],|,False,0,[],|,False,0,|,True,25,"['1 micro sleep: 6.0 seconds', '2 micro sleep: 22.0 seconds', '3 micro sleep: 5.0 seconds', '4 micro sleep: 3.0 seconds', '5 micro sleep: 3.0 seconds', '6 micro sleep: 2.0 seconds', '7 micro sleep: 2.0 seconds', '8 micro sleep: 2.0 seconds', '9 micro sleep: 2.0 seconds', '10 micro sleep: 3.0 seconds', '11 micro sleep: 2.0 seconds', '12 micro sleep: 2.0 seconds', '13 micro sleep: 2.0 seconds', '14 micro sleep: 2.0 seconds', '15 micro sleep: 4.0 seconds', '16 micro sleep: 3.0 seconds', '17 micro sleep: 3.0 seconds', '18 micro sleep: 2.0 seconds', '19 micro sleep: 2.0 seconds', '20 micro sleep: 3.0 seconds', '21 micro sleep: 9.0 seconds', '22 micro sleep: 2.0 seconds', '23 micro sleep: 2.0 seconds', '24 micro sleep: 3.0 seconds', '25 micro sleep: 7.0 seconds']",|,False,Counting pitches...,[],|,False,Counting yawns... 25.0 seconds remaining.,[]
2025-07-01 01:55:55,False,0,[],|,False,0,[],|,False,Counting flickers... 23.0 seconds remaining.,|,False,0,[],|,True,12,"['1 pitch: 9.0 seconds', '2 pitch: 4.0 seconds', '3 pitch: 5.0 seconds', '4 pitch: 16.0 seconds', '5 pitch: 6.0 seconds', '6 pitch: 8.0 seconds', '7 pitch: 13.0 seconds', '8 pitch: 6.0 seconds', '9 pitch: 10.0 seconds', '10 pitch: 3.0 seconds', '11 pitch: 5.0 seconds', '12 pitch: 7.0 seconds']",|,False,Counting yawns... 25.0 seconds remaining.,[]
2025-07-01 01:55:56,False,0,[],|,False,0,[],|,False,0,|,True,26,"['1 micro sleep: 6.0 seconds', '2 micro sleep: 22.0 seconds', '3 micro sleep: 5.0 seconds', '4 micro sleep: 3.0 seconds', '5 micro sleep: 3.0 seconds', '6 micro sleep: 2.0 seconds', '7 micro sleep: 2.0 seconds', '8 micro sleep: 2.0 seconds', '9 micro sleep: 2.0 seconds', '10 micro sleep: 3.0 seconds', '11 micro sleep: 2.0 seconds', '12 micro sleep: 2.0 seconds', '13 micro sleep: 2.0 seconds', '14 micro sleep: 2.0 seconds', '15 micro sleep: 4.0 seconds', '16 micro sleep: 3.0 seconds', '17 micro sleep: 3.0 seconds', '18 micro sleep: 2.0 seconds', '19 micro sleep: 2.0 seconds', '20 micro sleep: 3.0 seconds', '21 micro sleep: 9.0 seconds', '22 micro sleep: 2.0 seconds', '23 micro sleep: 2.0 seconds', '24 micro sleep: 3.0 seconds', '25 micro sleep: 7.0 seconds', '26 micro sleep: 2.0 seconds']",|,False,Counting pitches...,[],|,False,Counting yawns... 23.0 seconds remaining.,[]
2025-07-01 01:56:06,False,0,[],|,False,0,[],|,False,0,|,True,27,"['1 micro sleep: 6.0 seconds', '2 micro sleep: 22.0 seconds', '3 micro sleep: 5.0 seconds', '4 micro sleep: 3.0 seconds', '5 micro sleep: 3.0 seconds', '6 micro sleep: 2.0 seconds', '7 micro sleep: 2.0 seconds', '8 micro sleep: 2.0 seconds', '9 micro sleep: 2.0 seconds', '10 micro sleep: 3.0 seconds', '11 micro sleep: 2.0 seconds', '12 micro sleep: 2.0 seconds', '13 micro sleep: 2.0 seconds', '14 micro sleep: 2.0 seconds', '15 micro sleep: 4.0 seconds', '16 micro sleep: 3.0 seconds', '17 micro sleep: 3.0 seconds', '18 micro sleep: 2.0 seconds', '19 micro sleep: 2.0 seconds', '20 micro sleep: 3.0 seconds', '21 micro sleep: 9.0 seconds', '22 micro sleep: 2.0 seconds', '23 micro sleep: 2.0 seconds', '24 micro sleep: 3.0 seconds', '25 micro sleep: 7.0 seconds', '26 micro sleep: 2.0 seconds', '27 micro sleep: 4.0 seconds']",|,False,Counting pitches...,[],|,False,Counting yawns... 13.0 seconds remaining.,[]
2025-07-01 01:56:17,False,0,[],|,False,0,[],|,True,22,|,False,0,[],|,False,Counting pitches...,[],|,False,Counting yawns... 2.0 seconds remaining.,[]
2025-07-01 01:56:19,False,0,[],|,False,0,[],|,False,Counting flickers... 58.0 seconds remaining.,|,False,0,[],|,False,Counting pitches...,[],|,True,0,[]
2025-07-01 01:57:16,False,0,[],|,False,0,[],|,True,20,|,False,0,[],|,False,Counting pitches...,[],|,False,Counting yawns... 122.0 seconds remaining.,[]
2025-07-01 01:59:10,False,0,[],|,False,0,[],|,True,27,|,False,0,[],|,False,Counting pitches...,[],|,False,Counting yawns... 120.0 seconds remaining.,[]
2025-07-01 01:59:38,False,0,[],|,False,0,[],|,False,Counting flickers... 31.0 seconds remaining.,|,False,0,[],|,True,1,['1 pitch: 3.0 seconds'],|,False,Counting yawns... 92.0 seconds remaining.,[]
2025-07-01 02:00:09,False,0,[],|,False,0,[],|,True,19,|,False,0,[],|,False,Counting pitches...,[],|,False,Counting yawns... 61.0 seconds remaining.,[]
2025-07-01 02:00:25,False,0,[],|,False,0,[],|,False,0,|,True,1,['1 micro sleep: 2.0 seconds'],|,False,Counting pitches...,[],|,False,Counting yawns... 45.0 seconds remaining.,[]
2025-07-01 02:01:08,False,0,[],|,False,0,[],|,False,0,|,True,2,"['1 micro sleep: 2.0 seconds', '2 micro sleep: 2.0 seconds']",|,False,Counting pitches...,[],|,False,Counting yawns... 2.0 seconds remaining.,[]
2025-07-01 02:01:09,False,0,[],|,False,0,[],|,True,18,|,False,0,[],|,False,Counting pitches...,[],|,False,Counting yawns... 1.0 seconds remaining.,[]
2025-07-01 02:01:10,False,0,[],|,False,0,[],|,False,Counting flickers... 59.0 seconds remaining.,|,False,0,[],|,False,Counting pitches...,[],|,True,0,[]
2025-07-01 02:01:38,False,0,[],|,False,0,[],|,False,Counting flickers... 31.0 seconds remaining.,|,False,0,[],|,True,2,"['1 pitch: 3.0 seconds', '2 pitch: 5.0 seconds']",|,False,Counting yawns... 152.0 seconds remaining.,[]
2025-07-01 02:02:08,False,0,[],|,False,0,[],|,True,15,|,False,0,[],|,False,Counting pitches...,[],|,False,Counting yawns... 121.0 seconds remaining.,[]
2025-07-01 02:02:43,False,0,[],|,False,0,[],|,False,0,|,True,3,"['1 micro sleep: 2.0 seconds', '2 micro sleep: 2.0 seconds', '3 micro sleep: 2.0 seconds']",|,False,Counting pitches...,[],|,False,Counting yawns... 87.0 seconds remaining.,[]
2025-07-01 02:02:45,False,0,[],|,False,0,[],|,False,Counting flickers... 24.0 seconds remaining.,|,False,0,[],|,True,3,"['1 pitch: 3.0 seconds', '2 pitch: 5.0 seconds', '3 pitch: 4.0 seconds']",|,False,Counting yawns... 85.0 seconds remaining.,[]
2025-07-01 02:03:08,False,0,[],|,False,0,[],|,True,23,|,False,0,[],|,False,Counting pitches...,[],|,False,Counting yawns... 62.0 seconds remaining.,[]
2025-07-01 02:03:10,True,0,[],|,True,0,[],|,False,Counting flickers... 58.0 seconds remaining.,|,False,0,[],|,False,Counting pitches...,[],|,False,Counting yawns... 60.0 seconds remaining.,[]
2025-07-01 02:04:07,False,0,[],|,False,0,[],|,True,27,|,False,0,[],|,False,Counting pitches...,[],|,False,Counting yawns... 2.0 seconds remaining.,[]
2025-07-01 02:04:09,False,0,[],|,False,0,[],|,False,Counting flickers... 58.0 seconds remaining.,|,False,0,[],|,False,Counting pitches...,[],|,True,0,[]
2025-07-01 02:05:07,False,0,[],|,False,0,[],|,True,19,|,False,0,[],|,False,Counting pitches...,[],|,False,Counting yawns... 122.0 seconds remaining.,[]
2025-07-01 02:06:07,False,0,[],|,False,0,[],|,True,18,|,False,0,[],|,False,Counting pitches...,[],|,False,Counting yawns... 63.0 seconds remaining.,[]
2025-07-01 02:06:15,False,0,[],|,False,0,[],|,False,0,|,True,4,"['1 micro sleep: 2.0 seconds', '2 micro sleep: 2.0 seconds', '3 micro sleep: 2.0 seconds', '4 micro sleep: 2.0 seconds']",|,False,Counting pitches...,[],|,False,Counting yawns... 54.0 seconds remaining.,[]
2025-07-01 02:06:37,False,0,[],|,False,0,[],|,False,Counting flickers... 29.0 seconds remaining.,|,False,0,[],|,True,4,"['1 pitch: 3.0 seconds', '2 pitch: 5.0 seconds', '3 pitch: 4.0 seconds', '4 pitch: 3.0 seconds']",|,False,Counting yawns... 32.0 seconds remaining.,[]
2025-07-01 02:07:58,False,0,[],|,False,0,[],|,True,24,|,False,0,[],|,False,Counting pitches...,[],|,False,Counting yawns... 120.0 seconds remaining.,[]
2025-07-01 02:08:25,False,0,[],|,False,0,[],|,False,0,|,True,1,['1 micro sleep: 2.0 seconds'],|,False,Counting pitches...,[],|,False,Counting yawns... 93.0 seconds remaining.,[]
2025-07-01 02:08:36,False,0,[],|,False,0,[],|,False,0,|,True,2,"['1 micro sleep: 2.0 seconds', '2 micro sleep: 2.0 seconds']",|,False,Counting pitches...,[],|,False,Counting yawns... 82.0 seconds remaining.,[]
2025-07-01 02:08:39,False,0,[],|,False,0,[],|,False,Counting flickers... 19.0 seconds remaining.,|,False,0,[],|,True,1,['1 pitch: 3.0 seconds'],|,False,Counting yawns... 79.0 seconds remaining.,[]
2025-07-01 02:08:57,False,0,[],|,False,0,[],|,True,26,|,False,0,[],|,False,Counting pitches...,[],|,False,Counting yawns... 61.0 seconds remaining.,[]
2025-07-01 02:08:58,False,0,[],|,False,0,[],|,False,0,|,True,3,"['1 micro sleep: 2.0 seconds', '2 micro sleep: 2.0 seconds', '3 micro sleep: 2.0 seconds']",|,False,Counting pitches...,[],|,False,Counting yawns... 61.0 seconds remaining.,[]
2025-07-01 02:09:11,False,0,[],|,False,0,[],|,False,0,|,True,4,"['1 micro sleep: 2.0 seconds', '2 micro sleep: 2.0 seconds', '3 micro sleep: 2.0 seconds', '4 micro sleep: 3.0 seconds']",|,False,Counting pitches...,[],|,False,Counting yawns... 47.0 seconds remaining.,[]
2025-07-01 02:09:22,False,0,[],|,False,0,[],|,False,0,|,True,5,"['1 micro sleep: 2.0 seconds', '2 micro sleep: 2.0 seconds', '3 micro sleep: 2.0 seconds', '4 micro sleep: 3.0 seconds', '5 micro sleep: 2.0 seconds']",|,False,Counting pitches...,[],|,False,Counting yawns... 36.0 seconds remaining.,[]
2025-07-01 02:09:29,False,0,[],|,False,0,[],|,False,Counting flickers... 29.0 seconds remaining.,|,False,0,[],|,True,2,"['1 pitch: 3.0 seconds', '2 pitch: 6.0 seconds']",|,False,Counting yawns... 30.0 seconds remaining.,[]
2025-07-01 02:09:57,False,0,[],|,False,0,[],|,True,24,|,False,0,[],|,False,Counting pitches...,[],|,False,Counting yawns... 1.0 seconds remaining.,[]
2025-07-01 02:09:58,False,0,[],|,False,0,[],|,False,Counting flickers... 59.0 seconds remaining.,|,False,0,[],|,False,Counting pitches...,[],|,True,0,[]
2025-07-01 02:09:58,False,0,[],|,False,0,[],|,False,0,|,True,6,"['1 micro sleep: 2.0 seconds', '2 micro sleep: 2.0 seconds', '3 micro sleep: 2.0 seconds', '4 micro sleep: 3.0 seconds', '5 micro sleep: 2.0 seconds', '6 micro sleep: 2.0 seconds']",|,False,Counting pitches...,[],|,False,Counting yawns... 179.0 seconds remaining.,[]
2025-07-01 02:10:12,False,0,[],|,False,0,[],|,False,Counting flickers... 45.0 seconds remaining.,|,False,0,[],|,True,3,"['1 pitch: 3.0 seconds', '2 pitch: 6.0 seconds', '3 pitch: 5.0 seconds']",|,False,Counting yawns... 166.0 seconds remaining.,[]
2025-07-01 02:10:22,False,0,[],|,False,0,[],|,False,Counting flickers... 35.0 seconds remaining.,|,False,0,[],|,True,4,"['1 pitch: 3.0 seconds', '2 pitch: 6.0 seconds', '3 pitch: 5.0 seconds', '4 pitch: 9.0 seconds']",|,False,Counting yawns... 156.0 seconds remaining.,[]
2025-07-01 02:10:56,False,0,[],|,False,0,[],|,True,34,|,False,0,[],|,False,Counting pitches...,[],|,False,Counting yawns... 121.0 seconds remaining.,[]
2025-07-01 02:10:57,False,0,[],|,False,0,[],|,False,Counting flickers... 59.0 seconds remaining.,|,False,0,[],|,True,5,"['1 pitch: 3.0 seconds', '2 pitch: 6.0 seconds', '3 pitch: 5.0 seconds', '4 pitch: 9.0 seconds', '5 pitch: 6.0 seconds']",|,False,Counting yawns... 120.0 seconds remaining.,[]
2025-07-01 02:14:44,False,0,[],|,False,0,[],|,False,Counting flickers... 44.0 seconds remaining.,|,False,0,[],|,True,1,['1 pitch: 4.0 seconds'],|,False,Counting yawns... 164.0 seconds remaining.,[]
2025-07-01 02:14:58,False,0,[],|,False,0,[],|,False,0,|,True,1,['1 micro sleep: 2.0 seconds'],|,False,Counting pitches...,[],|,False,Counting yawns... 150.0 seconds remaining.,[]
2025-07-01 02:15:27,False,0,[],|,False,0,[],|,True,28,|,False,0,[],|,False,Counting pitches...,[],|,False,Counting yawns... 120.0 seconds remaining.,[]
2025-07-01 02:15:34,False,0,[],|,False,0,[],|,False,0,|,True,2,"['1 micro sleep: 2.0 seconds', '2 micro sleep: 4.0 seconds']",|,False,Counting pitches...,[],|,False,Counting yawns... 113.0 seconds remaining.,[]
2025-07-01 02:15:46,False,0,[],|,False,0,[],|,False,0,|,True,3,"['1 micro sleep: 2.0 seconds', '2 micro sleep: 4.0 seconds', '3 micro sleep: 3.0 seconds']",|,False,Counting pitches...,[],|,False,Counting yawns... 102.0 seconds remaining.,[]
2025-07-01 02:16:07,False,0,[],|,False,0,[],|,False,0,|,True,4,"['1 micro sleep: 2.0 seconds', '2 micro sleep: 4.0 seconds', '3 micro sleep: 3.0 seconds', '4 micro sleep: 2.0 seconds']",|,False,Counting pitches...,[],|,False,Counting yawns... 80.0 seconds remaining.,[]
2025-07-01 02:16:26,False,0,[],|,False,0,[],|,True,30,|,False,0,[],|,False,Counting pitches...,[],|,False,Counting yawns... 61.0 seconds remaining.,[]
2025-07-01 02:16:48,False,0,[],|,False,0,[],|,False,Counting flickers... 38.0 seconds remaining.,|,False,0,[],|,True,2,"['1 pitch: 4.0 seconds', '2 pitch: 6.0 seconds']",|,False,Counting yawns... 39.0 seconds remaining.,[]
2025-07-01 02:24:52,False,0,[],|,False,0,[],|,False,0,|,True,1,['1 micro sleep: 2.0 seconds'],|,False,Counting pitches...,[],|,False,Counting yawns... 159.0 seconds remaining.,[]
2025-07-01 02:27:21,False,0,[],|,False,0,[],|,False,Counting flickers... 33.0 seconds remaining.,|,False,0,[],|,True,1,['1 pitch: 5.0 seconds'],|,False,Counting yawns... 153.0 seconds remaining.,[]
2025-07-01 02:27:53,False,0,[],|,False,0,[],|,True,26,|,False,0,[],|,False,Counting pitches...,[],|,False,Counting yawns... 120.0 seconds remaining.,[]
2025-07-01 02:28:08,False,0,[],|,False,0,[],|,False,0,|,True,1,['1 micro sleep: 2.0 seconds'],|,False,Counting pitches...,[],|,False,Counting yawns... 106.0 seconds remaining.,[]
2025-07-01 02:28:14,False,0,[],|,False,0,[],|,False,0,|,True,2,"['1 micro sleep: 2.0 seconds', '2 micro sleep: 4.0 seconds']",|,False,Counting pitches...,[],|,False,Counting yawns... 100.0 seconds remaining.,[]
2025-07-01 02:28:18,False,0,[],|,False,0,[],|,False,Counting flickers... 35.0 seconds remaining.,|,False,0,[],|,True,2,"['1 pitch: 5.0 seconds', '2 pitch: 9.0 seconds']",|,False,Counting yawns... 95.0 seconds remaining.,[]
2025-07-01 02:29:09,False,0,[],|,False,0,[],|,False,0,|,True,1,['1 micro sleep: 2.0 seconds'],|,False,Counting pitches...,[],|,False,Counting yawns... 153.0 seconds remaining.,[]
2025-07-01 02:29:22,False,0,[],|,False,0,[],|,False,Counting flickers... 20.0 seconds remaining.,|,False,0,[],|,True,1,['1 pitch: 3.0 seconds'],|,False,Counting yawns... 140.0 seconds remaining.,[]
2025-07-01 02:29:41,False,0,[],|,False,0,[],|,True,33,|,False,0,[],|,False,Counting pitches...,[],|,False,Counting yawns... 120.0 seconds remaining.,[]
2025-07-01 02:30:15,False,0,[],|,False,0,[],|,False,Counting flickers... 26.0 seconds remaining.,|,False,0,[],|,True,2,"['1 pitch: 3.0 seconds', '2 pitch: 6.0 seconds']",|,False,Counting yawns... 87.0 seconds remaining.,[]
2025-07-01 02:30:41,False,0,[],|,False,0,[],|,True,33,|,False,0,[],|,False,Counting pitches...,[],|,False,Counting yawns... 61.0 seconds remaining.,[]
2025-07-01 02:31:03,False,0,[],|,False,0,[],|,False,0,|,True,2,"['1 micro sleep: 2.0 seconds', '2 micro sleep: 2.0 seconds']",|,False,Counting pitches...,[],|,False,Counting yawns... 39.0 seconds remaining.,[]
2025-07-01 02:31:21,False,0,[],|,False,0,[],|,False,0,|,True,3,"['1 micro sleep: 2.0 seconds', '2 micro sleep: 2.0 seconds', '3 micro sleep: 3.0 seconds']",|,False,Counting pitches...,[],|,False,Counting yawns... 21.0 seconds remaining.,[]
2025-07-01 02:31:21,False,0,[],|,False,0,[],|,False,Counting flickers... 20.0 seconds remaining.,|,False,0,[],|,True,3,"['1 pitch: 3.0 seconds', '2 pitch: 6.0 seconds', '3 pitch: 4.0 seconds']",|,False,Counting yawns... 21.0 seconds remaining.,[]
2025-07-01 02:31:34,False,0,[],|,False,0,[],|,False,Counting flickers... 7.0 seconds remaining.,|,False,0,[],|,True,4,"['1 pitch: 3.0 seconds', '2 pitch: 6.0 seconds', '3 pitch: 4.0 seconds', '4 pitch: 3.0 seconds']",|,False,Counting yawns... 7.0 seconds remaining.,[]
2025-07-01 02:31:41,False,0,[],|,False,0,[],|,True,21,|,False,0,[],|,False,Counting pitches...,[],|,False,Counting yawns... 1.0 seconds remaining.,[]
2025-07-01 02:31:42,False,0,[],|,False,0,[],|,False,Counting flickers... 59.0 seconds remaining.,|,False,0,[],|,False,Counting pitches...,[],|,True,0,[]
2025-07-01 02:35:20,False,0,[],|,False,0,[],|,False,Counting flickers... 46.0 seconds remaining.,|,False,0,[],|,True,1,['1 pitch: 5.0 seconds'],|,False,Counting yawns... 166.0 seconds remaining.,[]
2025-07-01 02:35:41,False,0,[],|,False,0,[],|,False,0,|,True,1,['1 micro sleep: 2.0 seconds'],|,False,Counting pitches...,[],|,False,Counting yawns... 145.0 seconds remaining.,[]
2025-07-01 02:35:47,False,0,[],|,False,0,[],|,False,0,|,True,2,"['1 micro sleep: 2.0 seconds', '2 micro sleep: 4.0 seconds']",|,False,Counting pitches...,[],|,False,Counting yawns... 139.0 seconds remaining.,[]
2025-07-01 02:36:06,False,0,[],|,False,0,[],|,True,28,|,False,0,[],|,False,Counting pitches...,[],|,False,Counting yawns... 120.0 seconds remaining.,[]
2025-07-01 02:36:41,False,0,[],|,False,0,[],|,False,0,|,True,1,['1 micro sleep: 2.0 seconds'],|,False,Counting pitches...,[],|,False,Counting yawns... 154.0 seconds remaining.,[]
2025-07-01 02:37:14,False,0,[],|,False,0,[],|,True,23,|,False,0,[],|,False,Counting pitches...,[],|,False,Counting yawns... 120.0 seconds remaining.,[]
2025-07-01 02:38:01,False,0,[],|,False,0,[],|,False,Counting flickers... 13.0 seconds remaining.,|,False,0,[],|,True,1,['1 pitch: 3.0 seconds'],|,False,Counting yawns... 73.0 seconds remaining.,[]
2025-07-01 02:38:14,False,0,[],|,False,0,[],|,True,20,|,False,0,[],|,False,Counting pitches...,[],|,False,Counting yawns... 61.0 seconds remaining.,[]
2025-07-01 02:38:54,False,0,[],|,False,0,[],|,False,Counting flickers... 20.0 seconds remaining.,|,False,0,[],|,True,2,"['1 pitch: 3.0 seconds', '2 pitch: 6.0 seconds']",|,False,Counting yawns... 21.0 seconds remaining.,[]
2025-07-01 02:39:13,False,0,[],|,False,0,[],|,True,25,|,False,0,[],|,False,Counting pitches...,[],|,False,Counting yawns... 1.0 seconds remaining.,[]
2025-07-01 02:39:14,False,0,[],|,False,0,[],|,False,Counting flickers... 59.0 seconds remaining.,|,False,0,[],|,False,Counting pitches...,[],|,True,0,[]
2025-07-01 02:39:26,False,0,[],|,False,0,[],|,False,0,|,True,2,"['1 micro sleep: 2.0 seconds', '2 micro sleep: 2.0 seconds']",|,False,Counting pitches...,[],|,False,Counting yawns... 168.0 seconds remaining.,[]
2025-07-01 02:40:09,False,0,[],|,False,0,[],|,False,0,|,True,3,"['1 micro sleep: 2.0 seconds', '2 micro sleep: 2.0 seconds', '3 micro sleep: 2.0 seconds']",|,False,Counting pitches...,[],|,False,Counting yawns... 125.0 seconds remaining.,[]
2025-07-01 02:40:13,False,0,[],|,False,0,[],|,True,22,|,False,0,[],|,False,Counting pitches...,[],|,False,Counting yawns... 121.0 seconds remaining.,[]
2025-07-01 02:40:18,False,0,[],|,False,0,[],|,False,0,|,True,4,"['1 micro sleep: 2.0 seconds', '2 micro sleep: 2.0 seconds', '3 micro sleep: 2.0 seconds', '4 micro sleep: 3.0 seconds']",|,False,Counting pitches...,[],|,False,Counting yawns... 116.0 seconds remaining.,[]
2025-07-01 02:40:36,False,0,[],|,False,0,[],|,False,0,|,True,5,"['1 micro sleep: 2.0 seconds', '2 micro sleep: 2.0 seconds', '3 micro sleep: 2.0 seconds', '4 micro sleep: 3.0 seconds', '5 micro sleep: 3.0 seconds']",|,False,Counting pitches...,[],|,False,Counting yawns... 98.0 seconds remaining.,[]
2025-07-01 02:40:41,False,0,[],|,False,0,[],|,False,Counting flickers... 32.0 seconds remaining.,|,False,0,[],|,True,3,"['1 pitch: 3.0 seconds', '2 pitch: 6.0 seconds', '3 pitch: 11.0 seconds']",|,False,Counting yawns... 94.0 seconds remaining.,[]
2025-07-01 02:40:56,False,0,[],|,False,0,[],|,False,Counting flickers... 17.0 seconds remaining.,|,False,0,[],|,True,4,"['1 pitch: 3.0 seconds', '2 pitch: 6.0 seconds', '3 pitch: 11.0 seconds', '4 pitch: 4.0 seconds']",|,False,Counting yawns... 79.0 seconds remaining.,[]
2025-07-01 02:41:03,False,0,[],|,False,0,[],|,False,0,|,True,6,"['1 micro sleep: 2.0 seconds', '2 micro sleep: 2.0 seconds', '3 micro sleep: 2.0 seconds', '4 micro sleep: 3.0 seconds', '5 micro sleep: 3.0 seconds', '6 micro sleep: 3.0 seconds']",|,False,Counting pitches...,[],|,False,Counting yawns... 72.0 seconds remaining.,[]
2025-07-01 02:41:04,False,0,[],|,False,0,[],|,False,Counting flickers... 9.0 seconds remaining.,|,False,0,[],|,True,5,"['1 pitch: 3.0 seconds', '2 pitch: 6.0 seconds', '3 pitch: 11.0 seconds', '4 pitch: 4.0 seconds', '5 pitch: 8.0 seconds']",|,False,Counting yawns... 70.0 seconds remaining.,[]
2025-07-01 02:41:12,False,0,[],|,False,0,[],|,True,29,|,False,0,[],|,False,Counting pitches...,[],|,False,Counting yawns... 62.0 seconds remaining.,[]
2025-07-01 02:41:14,True,1,['1 right eye rub: 7.0 seconds'],|,True,0,[],|,False,Counting flickers... 58.0 seconds remaining.,|,False,0,[],|,False,Counting pitches...,[],|,False,Counting yawns... 60.0 seconds remaining.,[]
2025-07-01 02:41:17,False,0,[],|,False,0,[],|,False,Counting flickers... 55.0 seconds remaining.,|,False,0,[],|,True,6,"['1 pitch: 3.0 seconds', '2 pitch: 6.0 seconds', '3 pitch: 11.0 seconds', '4 pitch: 4.0 seconds', '5 pitch: 8.0 seconds', '6 pitch: 3.0 seconds']",|,False,Counting yawns... 57.0 seconds remaining.,[]
2025-07-01 02:43:18,False,0,[],|,False,0,[],|,True,15,|,False,0,[],|,False,Counting pitches...,[],|,False,Counting yawns... 120.0 seconds remaining.,[]
2025-07-01 02:43:48,False,0,[],|,False,0,[],|,False,0,|,True,1,['1 micro sleep: 3.0 seconds'],|,False,Counting pitches...,[],|,False,Counting yawns... 90.0 seconds remaining.,[]
2025-07-01 02:44:13,False,0,[],|,False,0,[],|,False,0,|,True,2,"['1 micro sleep: 3.0 seconds', '2 micro sleep: 2.0 seconds']",|,False,Counting pitches...,[],|,False,Counting yawns... 66.0 seconds remaining.,[]
2025-07-01 02:44:17,False,0,[],|,False,0,[],|,True,30,|,False,0,[],|,False,Counting pitches...,[],|,False,Counting yawns... 61.0 seconds remaining.,[]
2025-07-01 03:13:16,False,0,[],|,False,0,[],|,True,17,|,False,0,[],|,False,Counting pitches...,[],|,False,Counting yawns... 120.0 seconds remaining.,[]
2025-07-01 03:13:48,False,0,[],|,False,0,[],|,False,0,|,True,1,['1 micro sleep: 2.0 seconds'],|,False,Counting pitches...,[],|,False,Counting yawns... 88.0 seconds remaining.,[]
2025-07-01 03:13:58,False,0,[],|,False,0,[],|,False,0,|,True,2,"['1 micro sleep: 2.0 seconds', '2 micro sleep: 2.0 seconds']",|,False,Counting pitches...,[],|,False,Counting yawns... 78.0 seconds remaining.,[]
2025-07-01 03:14:07,False,0,[],|,False,0,[],|,False,0,|,True,3,"['1 micro sleep: 2.0 seconds', '2 micro sleep: 2.0 seconds', '3 micro sleep: 2.0 seconds']",|,False,Counting pitches...,[],|,False,Counting yawns... 69.0 seconds remaining.,[]
2025-07-01 03:14:15,False,0,[],|,False,0,[],|,True,21,|,False,0,[],|,False,Counting pitches...,[],|,False,Counting yawns... 61.0 seconds remaining.,[]
2025-07-01 03:14:40,False,0,[],|,False,0,[],|,False,Counting flickers... 36.0 seconds remaining.,|,False,0,[],|,True,1,['1 pitch: 3.0 seconds'],|,False,Counting yawns... 37.0 seconds remaining.,[]
2025-07-01 03:15:15,False,0,[],|,False,0,[],|,True,26,|,False,0,[],|,False,Counting pitches...,[],|,False,Counting yawns... 1.0 seconds remaining.,[]
2025-07-01 03:15:16,False,0,[],|,False,0,[],|,False,Counting flickers... 59.0 seconds remaining.,|,False,0,[],|,False,Counting pitches...,[],|,True,0,[]
2025-07-01 03:15:26,False,0,[],|,False,0,[],|,False,Counting flickers... 49.0 seconds remaining.,|,False,0,[],|,True,2,"['1 pitch: 3.0 seconds', '2 pitch: 3.0 seconds']",|,False,Counting yawns... 170.0 seconds remaining.,[]
2025-07-01 03:15:33,False,0,[],|,False,0,[],|,False,0,|,True,4,"['1 micro sleep: 2.0 seconds', '2 micro sleep: 2.0 seconds', '3 micro sleep: 2.0 seconds', '4 micro sleep: 2.0 seconds']",|,False,Counting pitches...,[],|,False,Counting yawns... 162.0 seconds remaining.,[]
2025-07-01 03:16:29,False,0,[],|,False,0,[],|,False,Counting flickers... 12.0 seconds remaining.,|,False,0,[],|,True,1,['1 pitch: 3.0 seconds'],|,False,Counting yawns... 132.0 seconds remaining.,[]
2025-07-01 03:16:34,False,0,[],|,False,0,[],|,False,0,|,True,1,['1 micro sleep: 2.0 seconds'],|,False,Counting pitches...,[],|,False,Counting yawns... 127.0 seconds remaining.,[]
2025-07-01 03:16:41,False,0,[],|,False,0,[],|,True,27,|,False,0,[],|,False,Counting pitches...,[],|,False,Counting yawns... 120.0 seconds remaining.,[]
2025-07-01 03:16:43,False,0,[],|,False,0,[],|,False,Counting flickers... 57.0 seconds remaining.,|,False,0,[],|,True,2,"['1 pitch: 3.0 seconds', '2 pitch: 12.0 seconds']",|,False,Counting yawns... 118.0 seconds remaining.,[]
2025-07-01 03:17:14,False,0,[],|,False,0,[],|,False,Counting flickers... 26.0 seconds remaining.,|,False,0,[],|,True,3,"['1 pitch: 3.0 seconds', '2 pitch: 12.0 seconds', '3 pitch: 5.0 seconds']",|,False,Counting yawns... 87.0 seconds remaining.,[]
2025-07-01 03:17:40,False,0,[],|,False,0,[],|,True,22,|,False,0,[],|,False,Counting pitches...,[],|,False,Counting yawns... 61.0 seconds remaining.,[]
2025-07-01 03:17:57,False,0,[],|,False,0,[],|,False,0,|,True,2,"['1 micro sleep: 2.0 seconds', '2 micro sleep: 6.0 seconds']",|,True,4,"['1 pitch: 3.0 seconds', '2 pitch: 12.0 seconds', '3 pitch: 5.0 seconds', '4 pitch: 4.0 seconds']",|,False,Counting yawns... 44.0 seconds remaining.,[]
2025-07-01 03:18:40,False,0,[],|,False,0,[],|,True,17,|,False,0,[],|,False,Counting pitches...,[],|,False,Counting yawns... 1.0 seconds remaining.,[]
2025-07-01 03:18:41,False,0,[],|,False,0,[],|,False,Counting flickers... 59.0 seconds remaining.,|,False,0,[],|,False,Counting pitches...,[],|,True,0,[]
2025-07-01 03:18:53,False,0,[],|,False,0,[],|,False,Counting flickers... 47.0 seconds remaining.,|,False,0,[],|,True,5,"['1 pitch: 3.0 seconds', '2 pitch: 12.0 seconds', '3 pitch: 5.0 seconds', '4 pitch: 4.0 seconds', '5 pitch: 6.0 seconds']",|,False,Counting yawns... 168.0 seconds remaining.,[]
2025-07-01 03:19:39,False,0,[],|,False,0,[],|,True,17,|,False,0,[],|,False,Counting pitches...,[],|,False,Counting yawns... 121.0 seconds remaining.,[]
2025-07-01 03:20:39,False,0,[],|,False,0,[],|,True,26,|,False,0,[],|,False,Counting pitches...,[],|,False,Counting yawns... 62.0 seconds remaining.,[]
2025-07-01 03:20:41,True,0,[],|,True,0,[],|,False,Counting flickers... 58.0 seconds remaining.,|,False,0,[],|,False,Counting pitches...,[],|,False,Counting yawns... 60.0 seconds remaining.,[]
2025-07-01 03:21:00,False,0,[],|,False,0,[],|,False,Counting flickers... 39.0 seconds remaining.,|,False,0,[],|,True,6,"['1 pitch: 3.0 seconds', '2 pitch: 12.0 seconds', '3 pitch: 5.0 seconds', '4 pitch: 4.0 seconds', '5 pitch: 6.0 seconds', '6 pitch: 3.0 seconds']",|,False,Counting yawns... 41.0 seconds remaining.,[]
2025-07-01 03:21:22,False,0,[],|,False,0,[],|,False,Counting flickers... 17.0 seconds remaining.,|,False,0,[],|,True,7,"['1 pitch: 3.0 seconds', '2 pitch: 12.0 seconds', '3 pitch: 5.0 seconds', '4 pitch: 4.0 seconds', '5 pitch: 6.0 seconds', '6 pitch: 3.0 seconds', '7 pitch: 3.0 seconds']",|,False,Counting yawns... 19.0 seconds remaining.,[]
2025-07-01 03:21:37,False,0,[],|,False,0,[],|,False,0,|,True,3,"['1 micro sleep: 2.0 seconds', '2 micro sleep: 6.0 seconds', '3 micro sleep: 2.0 seconds']",|,False,Counting pitches...,[],|,False,Counting yawns... 4.0 seconds remaining.,[]
2025-07-01 03:21:38,False,0,[],|,False,0,[],|,True,26,|,False,0,[],|,False,Counting pitches...,[],|,False,Counting yawns... 2.0 seconds remaining.,[]
